{
"type": "FeatureCollection",
"name": "Main Tributry -55",
"features": [
{ "type": "Feature", "properties": { "objectid": 4405, "rivname": "Charanavati N", "rilcode": null, "st_length_": 8.26377, "bacode": 14, "ba_name": "West flowing rivers from Tapi to Tadri", "sub_basin": "Bhatsol and others", "remarks": null }, "geometry": { "type": "LineString", "coordinates": [ [ 73.1386739, 19.5760459, 0.0 ], [ 73.1386608, 19.5757607, 0.0 ], [ 73.1386344, 19.5754346, 0.0 ], [ 73.1386208, 19.5751722, 0.0 ], [ 73.1385912, 19.5747691, 0.0 ], [ 73.1385484, 19.5745377, 0.0 ], [ 73.1384673, 19.5740931, 0.0 ], [ 73.138404, 19.5739246, 0.0 ], [ 73.1383671, 19.5736435, 0.0 ], [ 73.1383289, 19.5734257, 0.0 ], [ 73.1383337, 19.5731952, 0.0 ], [ 73.1382832, 19.5728822, 0.0 ], [ 73.1382451, 19.5726509, 0.0 ], [ 73.1382062, 19.5724603, 0.0 ], [ 73.1381643, 19.5721881, 0.0 ], [ 73.1381202, 19.5720155, 0.0 ], [ 73.138085, 19.5718792, 0.0 ], [ 73.138044, 19.571788, 0.0 ], [ 73.1380033, 19.5714616, 0.0 ], [ 73.13798, 19.5712079, 0.0 ], [ 73.1380002, 19.5709325, 0.0 ], [ 73.1380707, 19.5705314, 0.0 ], [ 73.1381782, 19.5701898, 0.0 ], [ 73.138449, 19.5695665, 0.0 ], [ 73.1385784, 19.5693112, 0.0 ], [ 73.1385905, 19.5691939, 0.0 ], [ 73.1386366, 19.569041, 0.0 ], [ 73.1386978, 19.5688568, 0.0 ], [ 73.1387452, 19.5686497, 0.0 ], [ 73.1387415, 19.5683693, 0.0 ], [ 73.1387345, 19.5682561, 0.0 ], [ 73.1386392, 19.5680237, 0.0 ], [ 73.1384732, 19.5677538, 0.0 ], [ 73.1383346, 19.5675431, 0.0 ], [ 73.1381541, 19.5672819, 0.0 ], [ 73.1380811, 19.5671268, 0.0 ], [ 73.138004, 19.5669354, 0.0 ], [ 73.1380019, 19.5665827, 0.0 ], [ 73.1380235, 19.566244, 0.0 ], [ 73.138077, 19.5659736, 0.0 ], [ 73.1380933, 19.5656529, 0.0 ], [ 73.1380607, 19.5653901, 0.0 ], [ 73.1380975, 19.5652325, 0.0 ], [ 73.1381389, 19.5650795, 0.0 ], [ 73.1381841, 19.5649719, 0.0 ], [ 73.1382726, 19.5648515, 0.0 ], [ 73.1384524, 19.5646921, 0.0 ], [ 73.1386893, 19.5645474, 0.0 ], [ 73.138854, 19.5644285, 0.0 ], [ 73.1389954, 19.564282, 0.0 ], [ 73.1390987, 19.5641348, 0.0 ], [ 73.1391646, 19.5639506, 0.0 ], [ 73.1392002, 19.5636258, 0.0 ], [ 73.1392294, 19.5633685, 0.0 ], [ 73.1392398, 19.5631065, 0.0 ], [ 73.1392517, 19.5629937, 0.0 ], [ 73.1393495, 19.5628825, 0.0 ], [ 73.139366, 19.5627788, 0.0 ], [ 73.1394501, 19.5626403, 0.0 ], [ 73.1395397, 19.5624611, 0.0 ], [ 73.1395896, 19.5623581, 0.0 ], [ 73.1396248, 19.5622728, 0.0 ], [ 73.1396505, 19.5621874, 0.0 ], [ 73.1396534, 19.5620518, 0.0 ], [ 73.1396621, 19.5616405, 0.0 ], [ 73.1396402, 19.5615496, 0.0 ], [ 73.1395907, 19.5614085, 0.0 ], [ 73.1395795, 19.561259, 0.0 ], [ 73.1396145, 19.5609613, 0.0 ], [ 73.1396258, 19.5608801, 0.0 ], [ 73.1397643, 19.5606477, 0.0 ], [ 73.1398527, 19.5605273, 0.0 ], [ 73.1399379, 19.5603345, 0.0 ], [ 73.1400507, 19.5601874, 0.0 ], [ 73.1401465, 19.559945, 0.0 ], [ 73.140207, 19.5597924, 0.0 ], [ 73.1403681, 19.5593931, 0.0 ], [ 73.1404812, 19.5590109, 0.0 ], [ 73.1405536, 19.5587455, 0.0 ], [ 73.1405764, 19.5585696, 0.0 ], [ 73.1406176, 19.5584302, 0.0 ], [ 73.1406536, 19.5583043, 0.0 ], [ 73.140666, 19.5581689, 0.0 ], [ 73.1407242, 19.5571795, 0.0 ], [ 73.1407227, 19.5570757, 0.0 ], [ 73.1406912, 19.5567586, 0.0 ], [ 73.1406656, 19.5566179, 0.0 ], [ 73.1407163, 19.5564742, 0.0 ], [ 73.1408022, 19.5562497, 0.0 ], [ 73.1408643, 19.5560203, 0.0 ], [ 73.1409176, 19.5557591, 0.0 ], [ 73.1409712, 19.5554752, 0.0 ], [ 73.1410138, 19.555268, 0.0 ], [ 73.1410817, 19.554989, 0.0 ], [ 73.1411659, 19.5548459, 0.0 ], [ 73.1413659, 19.5546372, 0.0 ], [ 73.1416478, 19.5543894, 0.0 ], [ 73.1417706, 19.5542244, 0.0 ], [ 73.1418891, 19.5540323, 0.0 ], [ 73.1419604, 19.5538211, 0.0 ], [ 73.1420778, 19.5536832, 0.0 ], [ 73.1425119, 19.5534563, 0.0 ], [ 73.1428928, 19.5532646, 0.0 ], [ 73.1430931, 19.5530378, 0.0 ], [ 73.1432218, 19.5528187, 0.0 ], [ 73.1434024, 19.5526277, 0.0 ], [ 73.1435966, 19.5524686, 0.0 ], [ 73.1437092, 19.5523306, 0.0 ], [ 73.143802, 19.5522284, 0.0 ], [ 73.1438039, 19.5521379, 0.0 ], [ 73.1438008, 19.552061, 0.0 ], [ 73.1437882, 19.5519749, 0.0 ], [ 73.1437563, 19.551911, 0.0 ], [ 73.1437096, 19.5518604, 0.0 ], [ 73.1436531, 19.5518231, 0.0 ], [ 73.1436055, 19.5518222, 0.0 ], [ 73.1434913, 19.551811, 0.0 ], [ 73.1433577, 19.5518129, 0.0 ], [ 73.1431471, 19.5518451, 0.0 ], [ 73.1429989, 19.5518604, 0.0 ], [ 73.1428701, 19.5518624, 0.0 ], [ 73.1427748, 19.5518561, 0.0 ], [ 73.1426936, 19.5518591, 0.0 ], [ 73.1425558, 19.5518338, 0.0 ], [ 73.1425272, 19.5518332, 0.0 ], [ 73.1428593, 19.5516949, 0.0 ], [ 73.1433026, 19.5514863, 0.0 ], [ 73.1437611, 19.5512328, 0.0 ], [ 73.1439422, 19.5510147, 0.0 ], [ 73.144119, 19.5507784, 0.0 ], [ 73.1443347, 19.5505022, 0.0 ], [ 73.1444606, 19.5504142, 0.0 ], [ 73.1445762, 19.5501359, 0.0 ], [ 73.1448433, 19.5494628, 0.0 ], [ 73.1449775, 19.5489815, 0.0 ], [ 73.1450518, 19.5486257, 0.0 ], [ 73.1451404, 19.5482702, 0.0 ], [ 73.1451902, 19.5481717, 0.0 ], [ 73.1452681, 19.5480963, 0.0 ], [ 73.145364, 19.548071, 0.0 ], [ 73.1455106, 19.5481326, 0.0 ], [ 73.1457562, 19.5482458, 0.0 ], [ 73.1460437, 19.5484096, 0.0 ], [ 73.1462424, 19.5484857, 0.0 ], [ 73.1464425, 19.5484986, 0.0 ], [ 73.1466059, 19.5484384, 0.0 ], [ 73.1466793, 19.5483493, 0.0 ], [ 73.1466671, 19.5482496, 0.0 ], [ 73.1466093, 19.548054, 0.0 ], [ 73.1465308, 19.5479305, 0.0 ], [ 73.1463733, 19.5477104, 0.0 ], [ 73.1462761, 19.5475729, 0.0 ], [ 73.146195, 19.5473453, 0.0 ], [ 73.1462421, 19.5469257, 0.0 ], [ 73.1462994, 19.5467007, 0.0 ], [ 73.1464765, 19.5464418, 0.0 ], [ 73.1465134, 19.5462797, 0.0 ], [ 73.1464968, 19.5461618, 0.0 ], [ 73.146448, 19.545989, 0.0 ], [ 73.1462836, 19.5458684, 0.0 ], [ 73.1459755, 19.5457766, 0.0 ], [ 73.1456, 19.5457152, 0.0 ], [ 73.145277, 19.5456502, 0.0 ], [ 73.1450737, 19.5455695, 0.0 ], [ 73.1448903, 19.5454439, 0.0 ], [ 73.1447513, 19.5452559, 0.0 ], [ 73.144607, 19.5450858, 0.0 ], [ 73.1446102, 19.5449366, 0.0 ], [ 73.1447219, 19.5446177, 0.0 ], [ 73.1452647, 19.543986, 0.0 ], [ 73.1456776, 19.5434061, 0.0 ], [ 73.1459321, 19.5431034, 0.0 ], [ 73.1461381, 19.5428315, 0.0 ], [ 73.1464114, 19.5425428, 0.0 ], [ 73.1467823, 19.5421429, 0.0 ], [ 73.1471388, 19.5415256, 0.0 ], [ 73.1473239, 19.5411177, 0.0 ], [ 73.1474093, 19.5409159, 0.0 ], [ 73.1474895, 19.540732, 0.0 ], [ 73.1475876, 19.5406028, 0.0 ], [ 73.1477965, 19.5404259, 0.0 ], [ 73.1480754, 19.5403227, 0.0 ], [ 73.1484284, 19.5403158, 0.0 ], [ 73.1487111, 19.5402534, 0.0 ], [ 73.1489377, 19.5401401, 0.0 ], [ 73.1491147, 19.5398857, 0.0 ], [ 73.149234, 19.5394358, 0.0 ], [ 73.1494318, 19.5386574, 0.0 ], [ 73.1496464, 19.5379786, 0.0 ], [ 73.1498181, 19.5375343, 0.0 ], [ 73.1499906, 19.5372708, 0.0 ], [ 73.1502289, 19.5370493, 0.0 ], [ 73.1503526, 19.5368391, 0.0 ], [ 73.1504736, 19.5365294, 0.0 ], [ 73.150603, 19.5360525, 0.0 ], [ 73.1506713, 19.5357554, 0.0 ], [ 73.150725, 19.5354715, 0.0 ], [ 73.1509526, 19.5350825, 0.0 ], [ 73.1516354, 19.5343674, 0.0 ], [ 73.1521193, 19.533816, 0.0 ], [ 73.1523912, 19.533586, 0.0 ], [ 73.1525999, 19.5331921, 0.0 ], [ 73.1527983, 19.5328341, 0.0 ], [ 73.153057, 19.5325496, 0.0 ], [ 73.1537756, 19.5321789, 0.0 ], [ 73.1541771, 19.5319062, 0.0 ], [ 73.1542256, 19.5318709, 0.0 ], [ 73.1545701, 19.5313666, 0.0 ], [ 73.154827, 19.5309465, 0.0 ], [ 73.1549843, 19.5305017, 0.0 ], [ 73.155213, 19.5300584, 0.0 ], [ 73.1554348, 19.529719, 0.0 ], [ 73.1556743, 19.5294432, 0.0 ], [ 73.1559231, 19.5291811, 0.0 ], [ 73.1561626, 19.5286793, 0.0 ], [ 73.1563661, 19.5280817, 0.0 ], [ 73.1564751, 19.5276587, 0.0 ], [ 73.1565824, 19.5273217, 0.0 ], [ 73.1568733, 19.5268705, 0.0 ], [ 73.1574953, 19.5261, 0.0 ], [ 73.158008, 19.5253095, 0.0 ], [ 73.1583052, 19.524786, 0.0 ], [ 73.1586582, 19.5241054, 0.0 ], [ 73.1586686, 19.5238389, 0.0 ], [ 73.1586682, 19.5236308, 0.0 ], [ 73.1585873, 19.5233986, 0.0 ], [ 73.1584445, 19.5231564, 0.0 ], [ 73.1581512, 19.5230468, 0.0 ], [ 73.1576497, 19.5230824, 0.0 ], [ 73.1571821, 19.5230916, 0.0 ], [ 73.1569016, 19.5230546, 0.0 ], [ 73.1567506, 19.5229795, 0.0 ], [ 73.1566096, 19.5228773, 0.0 ], [ 73.1565654, 19.5227136, 0.0 ], [ 73.1565972, 19.5225606, 0.0 ], [ 73.1565976, 19.5223164, 0.0 ], [ 73.156527, 19.5220482, 0.0 ], [ 73.156408, 19.5218108, 0.0 ], [ 73.155353, 19.5201629, 0.0 ] ] } },
{ "type": "Feature", "properties": { "objectid": 4446, "rivname": "Chasu N", "rilcode": null, "st_length_": 18.5909, "bacode": 14, "ba_name": "West flowing rivers from Tapi to Tadri", "sub_basin": "Bhatsol and others", "remarks": null }, "geometry": { "type": "LineString", "coordinates": [ [ 73.1294219, 20.0415556, 0.0 ], [ 73.1297221, 20.041168, 0.0 ], [ 73.1299513, 20.0407384, 0.0 ], [ 73.1300337, 20.0404642, 0.0 ], [ 73.1300522, 20.0400486, 0.0 ], [ 73.1300307, 20.0399307, 0.0 ], [ 73.1295092, 20.0388177, 0.0 ], [ 73.129385, 20.0383632, 0.0 ], [ 73.1292584, 20.0375697, 0.0 ], [ 73.1291077, 20.0370108, 0.0 ], [ 73.1285422, 20.0361682, 0.0 ], [ 73.1284145, 20.0358764, 0.0 ], [ 73.1282524, 20.0356247, 0.0 ], [ 73.1279725, 20.0348418, 0.0 ], [ 73.1278114, 20.0345493, 0.0 ], [ 73.1271795, 20.0338999, 0.0 ], [ 73.1268824, 20.0337043, 0.0 ], [ 73.1264405, 20.0335603, 0.0 ], [ 73.1262784, 20.0335391, 0.0 ], [ 73.1258014, 20.0334757, 0.0 ], [ 73.1253602, 20.033526, 0.0 ], [ 73.1251573, 20.0334001, 0.0 ], [ 73.1249196, 20.0333278, 0.0 ], [ 73.1249149, 20.0333277, 0.0 ], [ 73.1246033, 20.0329059, 0.0 ], [ 73.1244502, 20.0324599, 0.0 ], [ 73.1244475, 20.0321389, 0.0 ], [ 73.1245197, 20.0318961, 0.0 ], [ 73.1245192, 20.0316972, 0.0 ], [ 73.1244584, 20.0314112, 0.0 ], [ 73.1245623, 20.0310244, 0.0 ], [ 73.1244988, 20.0306389, 0.0 ], [ 73.1241147, 20.0303344, 0.0 ], [ 73.1240331, 20.0302729, 0.0 ], [ 73.1232613, 20.0299055, 0.0 ], [ 73.1227776, 20.0292634, 0.0 ], [ 73.1220078, 20.0283536, 0.0 ], [ 73.1216843, 20.027823, 0.0 ], [ 73.1211283, 20.0272019, 0.0 ], [ 73.1205472, 20.0268699, 0.0 ], [ 73.1203028, 20.0264448, 0.0 ], [ 73.1200215, 20.0259557, 0.0 ], [ 73.1199114, 20.0255106, 0.0 ], [ 73.1198138, 20.0247085, 0.0 ], [ 73.11983, 20.024623, 0.0 ], [ 73.1198965, 20.0241993, 0.0 ], [ 73.1199895, 20.0241016, 0.0 ], [ 73.12002, 20.0240163, 0.0 ], [ 73.1201409, 20.0239553, 0.0 ], [ 73.1203474, 20.0239186, 0.0 ], [ 73.1207969, 20.0239226, 0.0 ], [ 73.1213674, 20.0240828, 0.0 ], [ 73.1217034, 20.0242519, 0.0 ], [ 73.1220893, 20.0243226, 0.0 ], [ 73.1223044, 20.0243267, 0.0 ], [ 73.122484, 20.0242081, 0.0 ], [ 73.1225106, 20.0236345, 0.0 ], [ 73.1221647, 20.0232571, 0.0 ], [ 73.1218215, 20.0229793, 0.0 ], [ 73.1210676, 20.0222235, 0.0 ], [ 73.1205899, 20.0215272, 0.0 ], [ 73.1203234, 20.0210158, 0.0 ], [ 73.1201146, 20.0204919, 0.0 ], [ 73.1200039, 20.0194048, 0.0 ], [ 73.1200871, 20.0190945, 0.0 ], [ 73.1201077, 20.0190316, 0.0 ], [ 73.1202634, 20.0186774, 0.0 ], [ 73.1205305, 20.0184926, 0.0 ], [ 73.1207085, 20.0184418, 0.0 ], [ 73.1208254, 20.0183491, 0.0 ], [ 73.1209245, 20.0181882, 0.0 ], [ 73.1209473, 20.0180169, 0.0 ], [ 73.1208073, 20.0178514, 0.0 ], [ 73.1206324, 20.0177532, 0.0 ], [ 73.1204378, 20.0176817, 0.0 ], [ 73.1200469, 20.0176244, 0.0 ], [ 73.1198502, 20.0176523, 0.0 ], [ 73.1192144, 20.0176356, 0.0 ], [ 73.1190546, 20.017506, 0.0 ], [ 73.1190803, 20.0169776, 0.0 ], [ 73.1191853, 20.0160935, 0.0 ], [ 73.1192028, 20.0152755, 0.0 ], [ 73.1191705, 20.0152207, 0.0 ], [ 73.1191875, 20.0148729, 0.0 ], [ 73.1191092, 20.0145097, 0.0 ], [ 73.1189423, 20.014041, 0.0 ], [ 73.1188798, 20.0138318, 0.0 ], [ 73.1182718, 20.0131917, 0.0 ], [ 73.1181663, 20.0129817, 0.0 ], [ 73.1174458, 20.0122311, 0.0 ], [ 73.1171966, 20.0115843, 0.0 ], [ 73.117205, 20.0114127, 0.0 ], [ 73.1171053, 20.0107146, 0.0 ], [ 73.1171594, 20.0101958, 0.0 ], [ 73.1171099, 20.0100502, 0.0 ], [ 73.1172922, 20.0093575, 0.0 ], [ 73.117386, 20.0092191, 0.0 ], [ 73.1174573, 20.0090171, 0.0 ], [ 73.1176129, 20.0084504, 0.0 ], [ 73.117644, 20.008338, 0.0 ], [ 73.1179444, 20.0079323, 0.0 ], [ 73.1179702, 20.0078469, 0.0 ], [ 73.1182626, 20.0075903, 0.0 ], [ 73.1186359, 20.0075839, 0.0 ], [ 73.1192755, 20.0080844, 0.0 ], [ 73.1205824, 20.0080325, 0.0 ], [ 73.120798, 20.0077925, 0.0 ], [ 73.1208724, 20.0076629, 0.0 ], [ 73.1210337, 20.0066126, 0.0 ], [ 73.1214125, 20.0056704, 0.0 ], [ 73.1215456, 20.0054877, 0.0 ], [ 73.1218353, 20.00491, 0.0 ], [ 73.1221718, 20.004383, 0.0 ], [ 73.1222476, 20.0039731, 0.0 ], [ 73.122246, 20.0036023, 0.0 ], [ 73.1222462, 20.0035888, 0.0 ], [ 73.1221753, 20.0031037, 0.0 ], [ 73.1219175, 20.0026377, 0.0 ], [ 73.1218669, 20.0025417, 0.0 ], [ 73.1216491, 20.0019906, 0.0 ], [ 73.121545, 20.0017173, 0.0 ], [ 73.1212167, 20.0007436, 0.0 ], [ 73.1211341, 20.0, 0.0 ], [ 73.1205162, 19.9994076, 0.0 ], [ 73.1201606, 19.9985803, 0.0 ], [ 73.1200965, 19.9980187, 0.0 ], [ 73.1198743, 19.9976753, 0.0 ], [ 73.1196595, 19.9972101, 0.0 ], [ 73.1194871, 19.9969663, 0.0 ], [ 73.1194216, 19.9967341, 0.0 ], [ 73.1193823, 19.9964321, 0.0 ], [ 73.1196442, 19.9960756, 0.0 ], [ 73.1199797, 19.9958826, 0.0 ], [ 73.1202592, 19.9955624, 0.0 ], [ 73.1206274, 19.9951129, 0.0 ], [ 73.1206628, 19.9950404, 0.0 ], [ 73.1207423, 19.994845, 0.0 ], [ 73.1207379, 19.9946197, 0.0 ], [ 73.12064, 19.9944184, 0.0 ], [ 73.1205066, 19.9941637, 0.0 ], [ 73.1202925, 19.9940627, 0.0 ], [ 73.1199374, 19.9940336, 0.0 ], [ 73.1195154, 19.9939166, 0.0 ], [ 73.1192266, 19.9938319, 0.0 ], [ 73.11895, 19.993815, 0.0 ], [ 73.1188193, 19.9938894, 0.0 ], [ 73.1186724, 19.9940493, 0.0 ], [ 73.1184641, 19.9943979, 0.0 ], [ 73.118269, 19.9947966, 0.0 ], [ 73.117944, 19.9954549, 0.0 ], [ 73.1177202, 19.9958619, 0.0 ], [ 73.1174711, 19.9961013, 0.0 ], [ 73.1171913, 19.9962135, 0.0 ], [ 73.1167971, 19.9962806, 0.0 ], [ 73.1163153, 19.9961624, 0.0 ], [ 73.1159599, 19.9960076, 0.0 ], [ 73.1158205, 19.9957761, 0.0 ], [ 73.1156472, 19.9955002, 0.0 ], [ 73.1155822, 19.9952297, 0.0 ], [ 73.1156201, 19.9947483, 0.0 ], [ 73.1158206, 19.994194, 0.0 ], [ 73.1159235, 19.9938478, 0.0 ], [ 73.1159885, 19.9935395, 0.0 ], [ 73.1160139, 19.9931348, 0.0 ], [ 73.1158442, 19.9926431, 0.0 ], [ 73.1157458, 19.9923196, 0.0 ], [ 73.1156007, 19.9920181, 0.0 ], [ 73.1154962, 19.991633, 0.0 ], [ 73.1153155, 19.9913584, 0.0 ], [ 73.1152725, 19.9911315, 0.0 ], [ 73.1151748, 19.9909927, 0.0 ], [ 73.1150749, 19.990778, 0.0 ], [ 73.1148449, 19.9905058, 0.0 ], [ 73.1146481, 19.9905512, 0.0 ], [ 73.114412, 19.9908173, 0.0 ], [ 73.1142775, 19.9911485, 0.0 ], [ 73.1138968, 19.9915074, 0.0 ], [ 73.1133935, 19.9917474, 0.0 ], [ 73.1127664, 19.992162, 0.0 ], [ 73.1124987, 19.9923151, 0.0 ], [ 73.1121949, 19.9924451, 0.0 ], [ 73.1118477, 19.992453, 0.0 ], [ 73.1115675, 19.9924136, 0.0 ], [ 73.1111887, 19.992252, 0.0 ], [ 73.1101607, 19.991704, 0.0 ], [ 73.1099165, 19.991534, 0.0 ], [ 73.1097709, 19.9913959, 0.0 ], [ 73.1097364, 19.9912826, 0.0 ], [ 73.109748, 19.99094, 0.0 ], [ 73.1097925, 19.9906154, 0.0 ], [ 73.1098904, 19.9903531, 0.0 ], [ 73.1100685, 19.9900241, 0.0 ], [ 73.1104333, 19.9892266, 0.0 ], [ 73.110614, 19.9888655, 0.0 ], [ 73.1107797, 19.9884091, 0.0 ], [ 73.1107494, 19.9880444, 0.0 ], [ 73.1106741, 19.9876933, 0.0 ], [ 73.1105536, 19.9872971, 0.0 ], [ 73.1105084, 19.9870112, 0.0 ], [ 73.1105385, 19.9866952, 0.0 ], [ 73.1107393, 19.9863709, 0.0 ], [ 73.1108447, 19.9862455, 0.0 ], [ 73.1109251, 19.9861051, 0.0 ], [ 73.11092, 19.9859747, 0.0 ], [ 73.1109101, 19.9859406, 0.0 ], [ 73.1108849, 19.9858543, 0.0 ], [ 73.1107995, 19.9857389, 0.0 ], [ 73.1105535, 19.9856436, 0.0 ], [ 73.1102924, 19.9855082, 0.0 ], [ 73.1100363, 19.9852975, 0.0 ], [ 73.1095181, 19.9849628, 0.0 ], [ 73.1091947, 19.9847935, 0.0 ], [ 73.1089373, 19.9847245, 0.0 ], [ 73.1083941, 19.9845771, 0.0 ], [ 73.1082402, 19.9845331, 0.0 ], [ 73.1076468, 19.9841668, 0.0 ], [ 73.1076302, 19.9840701, 0.0 ], [ 73.1075891, 19.9839242, 0.0 ], [ 73.1072608, 19.9835805, 0.0 ], [ 73.106532, 19.9829177, 0.0 ], [ 73.1062709, 19.9825905, 0.0 ], [ 73.1062419, 19.9824781, 0.0 ], [ 73.1062346, 19.9823948, 0.0 ], [ 73.1062491, 19.9823187, 0.0 ], [ 73.1062781, 19.9821738, 0.0 ], [ 73.1062714, 19.981623, 0.0 ], [ 73.1061774, 19.9806629, 0.0 ], [ 73.1061602, 19.9804115, 0.0 ], [ 73.1061405, 19.9801243, 0.0 ], [ 73.1061834, 19.9799089, 0.0 ], [ 73.1064105, 19.9796529, 0.0 ], [ 73.1064728, 19.9795437, 0.0 ], [ 73.1065899, 19.9793383, 0.0 ], [ 73.1066229, 19.9790566, 0.0 ], [ 73.1066302, 19.9789542, 0.0 ], [ 73.1064816, 19.9786045, 0.0 ], [ 73.10633, 19.9784162, 0.0 ], [ 73.1060748, 19.9783091, 0.0 ], [ 73.1059084, 19.9783127, 0.0 ], [ 73.1058234, 19.9783977, 0.0 ], [ 73.105694, 19.9787892, 0.0 ], [ 73.1056089, 19.9790477, 0.0 ], [ 73.1054795, 19.9791178, 0.0 ], [ 73.1052872, 19.9791215, 0.0 ], [ 73.1051549, 19.9790465, 0.0 ], [ 73.1051504, 19.979044, 0.0 ], [ 73.1050247, 19.9788224, 0.0 ], [ 73.1049175, 19.9785897, 0.0 ], [ 73.1049869, 19.9781869, 0.0 ], [ 73.1050203, 19.97801, 0.0 ], [ 73.1052412, 19.9773756, 0.0 ], [ 73.105257, 19.9773302, 0.0 ], [ 73.1054838, 19.9767436, 0.0 ], [ 73.1054743, 19.9766261, 0.0 ], [ 73.1054542, 19.9763791, 0.0 ], [ 73.1052569, 19.9761131, 0.0 ], [ 73.1050991, 19.9757978, 0.0 ], [ 73.1050005, 19.9749998, 0.0 ], [ 73.1049906, 19.9742275, 0.0 ], [ 73.1049993, 19.9741866, 0.0 ], [ 73.1051839, 19.9733183, 0.0 ], [ 73.1053594, 19.9724931, 0.0 ], [ 73.105378, 19.9723917, 0.0 ], [ 73.1056687, 19.9708081, 0.0 ], [ 73.1059499, 19.9701622, 0.0 ], [ 73.1067542, 19.9689412, 0.0 ], [ 73.1069708, 19.9684108, 0.0 ], [ 73.1069008, 19.9679613, 0.0 ], [ 73.1066563, 19.9672215, 0.0 ], [ 73.1065375, 19.9668098, 0.0 ], [ 73.1065794, 19.9665446, 0.0 ], [ 73.1068309, 19.9663771, 0.0 ], [ 73.1072921, 19.9660421, 0.0 ], [ 73.1074179, 19.9657421, 0.0 ], [ 73.1074391, 19.9652981, 0.0 ], [ 73.1073669, 19.9645717, 0.0 ], [ 73.1073058, 19.9640892, 0.0 ], [ 73.1073506, 19.9637041, 0.0 ], [ 73.1074377, 19.9634907, 0.0 ], [ 73.1075643, 19.963222, 0.0 ], [ 73.1076593, 19.9629849, 0.0 ], [ 73.1076514, 19.9628031, 0.0 ], [ 73.1076039, 19.9625976, 0.0 ], [ 73.1075022, 19.9624101, 0.0 ], [ 73.107501, 19.9624079, 0.0 ], [ 73.1075881, 19.9621628, 0.0 ], [ 73.1079365, 19.9615289, 0.0 ], [ 73.1088328, 19.959766, 0.0 ], [ 73.1088531, 19.9597248, 0.0 ], [ 73.1094482, 19.9585153, 0.0 ], [ 73.1107851, 19.9553312, 0.0 ], [ 73.111015, 19.9547922, 0.0 ], [ 73.1110192, 19.9547576, 0.0 ], [ 73.111035, 19.9546275, 0.0 ], [ 73.11096, 19.9542332, 0.0 ], [ 73.1109491, 19.9537285, 0.0 ], [ 73.1110558, 19.9528728, 0.0 ], [ 73.1112545, 19.9513672, 0.0 ], [ 73.1112697, 19.9512517, 0.0 ], [ 73.1112936, 19.9511445, 0.0 ], [ 73.1115601, 19.9499465, 0.0 ], [ 73.1116465, 19.9489313, 0.0 ], [ 73.1115758, 19.9483064, 0.0 ], [ 73.1115335, 19.9481324, 0.0 ], [ 73.1113831, 19.9475145, 0.0 ], [ 73.1113721, 19.9474696, 0.0 ], [ 73.1112287, 19.9465483, 0.0 ], [ 73.1107894, 19.9453761, 0.0 ], [ 73.1106612, 19.945152, 0.0 ], [ 73.1104689, 19.94496, 0.0 ], [ 73.1101228, 19.9447807, 0.0 ], [ 73.1098407, 19.944531, 0.0 ], [ 73.1096677, 19.9443517, 0.0 ], [ 73.1095524, 19.9433911, 0.0 ], [ 73.1096369, 19.9423151, 0.0 ], [ 73.1096672, 19.9420444, 0.0 ], [ 73.1097078, 19.9416815, 0.0 ], [ 73.1095197, 19.9415348, 0.0 ], [ 73.1091291, 19.9413527, 0.0 ], [ 73.1083087, 19.9413007, 0.0 ], [ 73.1079878, 19.9412616, 0.0 ], [ 73.105989, 19.9410184, 0.0 ], [ 73.1048488, 19.9408801, 0.0 ], [ 73.104352, 19.9407337, 0.0 ], [ 73.1040785, 19.940621, 0.0 ], [ 73.1037005, 19.9404653, 0.0 ], [ 73.1035213, 19.9401969, 0.0 ], [ 73.1034894, 19.9397819, 0.0 ], [ 73.1034887, 19.9397739, 0.0 ], [ 73.1035634, 19.938422, 0.0 ], [ 73.1036349, 19.9382728, 0.0 ], [ 73.1037985, 19.9379311, 0.0 ], [ 73.1038228, 19.9378803, 0.0 ], [ 73.104601, 19.9372209, 0.0 ], [ 73.1048839, 19.9366792, 0.0 ], [ 73.1048629, 19.9361525, 0.0 ], [ 73.1048917, 19.9352479, 0.0 ], [ 73.1047917, 19.9338955, 0.0 ], [ 73.1047413, 19.9332128, 0.0 ], [ 73.1048735, 19.9325866, 0.0 ], [ 73.1050054, 19.9309611, 0.0 ], [ 73.1048197, 19.9286719, 0.0 ], [ 73.104356, 19.9271183, 0.0 ] ] } },
{ "type": "Feature", "properties": { "objectid": 4926, "rivname": "Chikli N", "rilcode": null, "st_length_": 17.5108, "bacode": 14, "ba_name": "West flowing rivers from Tapi to Tadri", "sub_basin": "Bhatsol and others", "remarks": null }, "geometry": { "type": "LineString", "coordinates": [ [ 73.1396676, 19.8884974, 0.0 ], [ 73.1395215, 19.888178, 0.0 ], [ 73.1393108, 19.8877491, 0.0 ], [ 73.1390681, 19.8872517, 0.0 ], [ 73.1388574, 19.8868181, 0.0 ], [ 73.1385766, 19.8863155, 0.0 ], [ 73.138333, 19.8858633, 0.0 ], [ 73.1381813, 19.8855755, 0.0 ], [ 73.138106, 19.8852983, 0.0 ], [ 73.1380415, 19.8849625, 0.0 ], [ 73.1380243, 19.8846457, 0.0 ], [ 73.1379872, 19.8843693, 0.0 ], [ 73.137866, 19.8840052, 0.0 ], [ 73.1377645, 19.8838269, 0.0 ], [ 73.1376528, 19.8836937, 0.0 ], [ 73.1374409, 19.8835405, 0.0 ], [ 73.1371966, 19.8833459, 0.0 ], [ 73.1369539, 19.8830701, 0.0 ], [ 73.1367897, 19.8827007, 0.0 ], [ 73.1367, 19.8824233, 0.0 ], [ 73.1364047, 19.8821509, 0.0 ], [ 73.1360854, 19.881887, 0.0 ], [ 73.1359328, 19.881649, 0.0 ], [ 73.1358582, 19.8813357, 0.0 ], [ 73.1358422, 19.8809646, 0.0 ], [ 73.135673, 19.8806088, 0.0 ], [ 73.135459, 19.8803289, 0.0 ], [ 73.135213, 19.8799942, 0.0 ], [ 73.1349915, 19.8798453, 0.0 ], [ 73.1347784, 19.8797508, 0.0 ], [ 73.1346123, 19.8796979, 0.0 ], [ 73.1345188, 19.8796011, 0.0 ], [ 73.1344826, 19.879501, 0.0 ], [ 73.1345235, 19.8793842, 0.0 ], [ 73.1346884, 19.8792653, 0.0 ], [ 73.1348373, 19.879232, 0.0 ], [ 73.1350722, 19.8792003, 0.0 ], [ 73.1352123, 19.8791261, 0.0 ], [ 73.1352583, 19.8789869, 0.0 ], [ 73.1351767, 19.8787773, 0.0 ], [ 73.1349883, 19.8786516, 0.0 ], [ 73.1346841, 19.8785735, 0.0 ], [ 73.1344196, 19.8784238, 0.0 ], [ 73.1339605, 19.8782161, 0.0 ], [ 73.1337447, 19.8780266, 0.0 ], [ 73.1335394, 19.8777921, 0.0 ], [ 73.1333308, 19.8774898, 0.0 ], [ 73.1330768, 19.8772996, 0.0 ], [ 73.1327323, 19.8770941, 0.0 ], [ 73.1324757, 19.8770259, 0.0 ], [ 73.1320339, 19.8768998, 0.0 ], [ 73.1317832, 19.876782, 0.0 ], [ 73.1315048, 19.876614, 0.0 ], [ 73.1310925, 19.8764524, 0.0 ], [ 73.1306362, 19.8763352, 0.0 ], [ 73.1301357, 19.8762759, 0.0 ], [ 73.1294038, 19.8763071, 0.0 ], [ 73.129183, 19.8763526, 0.0 ], [ 73.1282377, 19.8765334, 0.0 ], [ 73.127415, 19.8765675, 0.0 ], [ 73.1266171, 19.8765568, 0.0 ], [ 73.1261935, 19.8764718, 0.0 ], [ 73.1258965, 19.8762807, 0.0 ], [ 73.1255099, 19.8760383, 0.0 ], [ 73.1253784, 19.8759317, 0.0 ], [ 73.1251115, 19.8756735, 0.0 ], [ 73.1250298, 19.8754685, 0.0 ], [ 73.1247429, 19.8748074, 0.0 ], [ 73.1245206, 19.8742516, 0.0 ], [ 73.1241976, 19.873938, 0.0 ], [ 73.1238104, 19.873718, 0.0 ], [ 73.123251, 19.8735039, 0.0 ], [ 73.1228017, 19.8735089, 0.0 ], [ 73.1225042, 19.8735665, 0.0 ], [ 73.1222101, 19.8736874, 0.0 ], [ 73.1217848, 19.8739053, 0.0 ], [ 73.1214028, 19.874115, 0.0 ], [ 73.1211406, 19.8743089, 0.0 ], [ 73.1211093, 19.8744304, 0.0 ], [ 73.12085, 19.8747148, 0.0 ], [ 73.1205981, 19.8750988, 0.0 ], [ 73.120451, 19.8754938, 0.0 ], [ 73.120369, 19.875976, 0.0 ], [ 73.1203396, 19.8764547, 0.0 ], [ 73.1202497, 19.8766384, 0.0 ], [ 73.1199341, 19.876872, 0.0 ], [ 73.1196491, 19.8770111, 0.0 ], [ 73.1192701, 19.8770807, 0.0 ], [ 73.1187933, 19.8770264, 0.0 ], [ 73.1184088, 19.876906, 0.0 ], [ 73.1177436, 19.8766387, 0.0 ], [ 73.1168369, 19.8760454, 0.0 ], [ 73.1156801, 19.8752751, 0.0 ], [ 73.1156041, 19.8746459, 0.0 ], [ 73.115304, 19.8741564, 0.0 ], [ 73.1152462, 19.8737348, 0.0 ], [ 73.1153289, 19.8734426, 0.0 ], [ 73.1154772, 19.8732103, 0.0 ], [ 73.1159025, 19.8729924, 0.0 ], [ 73.1165093, 19.8727689, 0.0 ], [ 73.117053, 19.8725985, 0.0 ], [ 73.117388, 19.8723563, 0.0 ], [ 73.1174923, 19.8721684, 0.0 ], [ 73.1174762, 19.8720279, 0.0 ], [ 73.117341, 19.8718716, 0.0 ], [ 73.1171047, 19.8717495, 0.0 ], [ 73.1165402, 19.8715534, 0.0 ], [ 73.1158875, 19.8712379, 0.0 ], [ 73.1154675, 19.8709902, 0.0 ], [ 73.1152234, 19.8707866, 0.0 ], [ 73.1149197, 19.8706859, 0.0 ], [ 73.1144285, 19.8706358, 0.0 ], [ 73.1140158, 19.8704922, 0.0 ], [ 73.1136543, 19.8701914, 0.0 ], [ 73.1133526, 19.8697742, 0.0 ], [ 73.1131962, 19.8694909, 0.0 ], [ 73.1130651, 19.8689187, 0.0 ], [ 73.1131357, 19.8683052, 0.0 ], [ 73.1132723, 19.8679461, 0.0 ], [ 73.1136074, 19.8674733, 0.0 ], [ 73.1140926, 19.866913, 0.0 ], [ 73.1146972, 19.8663504, 0.0 ], [ 73.115042, 19.8660903, 0.0 ], [ 73.115342, 19.8656936, 0.0 ], [ 73.1155812, 19.865237, 0.0 ], [ 73.1155372, 19.8650599, 0.0 ], [ 73.1153455, 19.8648663, 0.0 ], [ 73.1151128, 19.864794, 0.0 ], [ 73.1146832, 19.8647722, 0.0 ], [ 73.1141294, 19.864748, 0.0 ], [ 73.1135802, 19.8647329, 0.0 ], [ 73.113003, 19.8646812, 0.0 ], [ 73.1123304, 19.8646276, 0.0 ], [ 73.1118539, 19.8645642, 0.0 ], [ 73.1115669, 19.8645767, 0.0 ], [ 73.1110977, 19.8646175, 0.0 ], [ 73.1108214, 19.8645761, 0.0 ], [ 73.1106566, 19.8644644, 0.0 ], [ 73.1106197, 19.8641788, 0.0 ], [ 73.1107451, 19.8639009, 0.0 ], [ 73.1109907, 19.8635891, 0.0 ], [ 73.1112171, 19.8632861, 0.0 ], [ 73.1113099, 19.8629669, 0.0 ], [ 73.1113344, 19.8627186, 0.0 ], [ 73.1114248, 19.8625124, 0.0 ], [ 73.1116622, 19.8623632, 0.0 ], [ 73.1121522, 19.8622461, 0.0 ], [ 73.1124514, 19.8621072, 0.0 ], [ 73.1126552, 19.8619618, 0.0 ], [ 73.1127105, 19.8618363, 0.0 ], [ 73.1127233, 19.8616829, 0.0 ], [ 73.1126217, 19.8615181, 0.0 ], [ 73.1124863, 19.8613709, 0.0 ], [ 73.1122786, 19.8612538, 0.0 ], [ 73.1121149, 19.8610879, 0.0 ], [ 73.1120377, 19.8608966, 0.0 ], [ 73.1120235, 19.8606658, 0.0 ], [ 73.1121075, 19.8603147, 0.0 ], [ 73.1124663, 19.8598513, 0.0 ], [ 73.1129854, 19.8592691, 0.0 ], [ 73.113533, 19.8586873, 0.0 ], [ 73.1138426, 19.8582864, 0.0 ], [ 73.1140183, 19.8578964, 0.0 ], [ 73.1140508, 19.8577117, 0.0 ], [ 73.1140506, 19.8572821, 0.0 ], [ 73.1139221, 19.8568049, 0.0 ], [ 73.1137319, 19.8563175, 0.0 ], [ 73.113584, 19.8558625, 0.0 ], [ 73.1132546, 19.8553996, 0.0 ], [ 73.1127445, 19.8546755, 0.0 ], [ 73.1124841, 19.8543405, 0.0 ], [ 73.1121543, 19.8539, 0.0 ], [ 73.1118725, 19.8536731, 0.0 ], [ 73.1114629, 19.853611, 0.0 ], [ 73.1109728, 19.8535112, 0.0 ], [ 73.110431, 19.8533787, 0.0 ], [ 73.1099248, 19.8533644, 0.0 ], [ 73.1093713, 19.8533267, 0.0 ], [ 73.1085104, 19.8531383, 0.0 ], [ 73.108151, 19.8529687, 0.0 ], [ 73.1077888, 19.8526995, 0.0 ], [ 73.1072144, 19.8522996, 0.0 ], [ 73.1067179, 19.8518334, 0.0 ], [ 73.1063726, 19.851447, 0.0 ], [ 73.1061082, 19.8509954, 0.0 ], [ 73.1060315, 19.8506558, 0.0 ], [ 73.1058713, 19.8502035, 0.0 ], [ 73.1057669, 19.84962, 0.0 ], [ 73.1057271, 19.8494809, 0.0 ], [ 73.1055777, 19.8490729, 0.0 ], [ 73.105455, 19.848659, 0.0 ], [ 73.1052662, 19.8485235, 0.0 ], [ 73.1052429, 19.8485067, 0.0 ], [ 73.1050388, 19.8484601, 0.0 ], [ 73.1048949, 19.8484273, 0.0 ], [ 73.104696, 19.848424, 0.0 ], [ 73.1043399, 19.8485833, 0.0 ], [ 73.1041178, 19.8487256, 0.0 ], [ 73.1037665, 19.8488415, 0.0 ], [ 73.1035444, 19.8488779, 0.0 ], [ 73.1034019, 19.8488779, 0.0 ], [ 73.1030737, 19.8488316, 0.0 ], [ 73.1025655, 19.8485459, 0.0 ], [ 73.1021379, 19.8484069, 0.0 ], [ 73.1015413, 19.8484069, 0.0 ], [ 73.1002504, 19.8483097, 0.0 ], [ 73.0999593, 19.8481958, 0.0 ], [ 73.0998527, 19.8481541, 0.0 ], [ 73.0997135, 19.8480515, 0.0 ], [ 73.0994744, 19.8476231, 0.0 ], [ 73.0993343, 19.8472459, 0.0 ], [ 73.0992847, 19.8471125, 0.0 ], [ 73.0988265, 19.8462071, 0.0 ], [ 73.098587, 19.846056, 0.0 ], [ 73.098461, 19.8459973, 0.0 ], [ 73.098212, 19.8460296, 0.0 ], [ 73.0977373, 19.8461975, 0.0 ], [ 73.0972375, 19.8462646, 0.0 ], [ 73.0970989, 19.846273, 0.0 ], [ 73.0970107, 19.8462017, 0.0 ], [ 73.0969813, 19.8460212, 0.0 ], [ 73.0969897, 19.8457317, 0.0 ], [ 73.0970412, 19.8448164, 0.0 ], [ 73.0969441, 19.8442238, 0.0 ], [ 73.0968764, 19.8438981, 0.0 ], [ 73.0968709, 19.8438714, 0.0 ], [ 73.0967877, 19.8437317, 0.0 ], [ 73.0966812, 19.8436885, 0.0 ], [ 73.0965447, 19.8436719, 0.0 ], [ 73.0961952, 19.8436586, 0.0 ], [ 73.0957758, 19.8437949, 0.0 ], [ 73.0950235, 19.8440243, 0.0 ], [ 73.0944898, 19.8441407, 0.0 ], [ 73.094318, 19.8441452, 0.0 ], [ 73.0942369, 19.8441473, 0.0 ], [ 73.0940505, 19.844021, 0.0 ], [ 73.093628, 19.8435149, 0.0 ], [ 73.0933913, 19.8431383, 0.0 ], [ 73.0931968, 19.8428286, 0.0 ], [ 73.0928224, 19.8424831, 0.0 ], [ 73.0925097, 19.84236, 0.0 ], [ 73.0923343, 19.8423032, 0.0 ], [ 73.0920642, 19.8423363, 0.0 ], [ 73.0914956, 19.8425304, 0.0 ], [ 73.0906217, 19.8428199, 0.0 ], [ 73.0903659, 19.8428435, 0.0 ], [ 73.0898636, 19.842853, 0.0 ], [ 73.0889822, 19.8428388, 0.0 ], [ 73.0887466, 19.8428569, 0.0 ], [ 73.0871325, 19.842981, 0.0 ], [ 73.0866491, 19.8430899, 0.0 ], [ 73.0863553, 19.8432697, 0.0 ], [ 73.0856059, 19.8442468, 0.0 ], [ 73.0849086, 19.8454269, 0.0 ], [ 73.0844957, 19.8460195, 0.0 ], [ 73.084273, 19.8461473, 0.0 ], [ 73.0840729, 19.8462255, 0.0 ], [ 73.083946, 19.8462751, 0.0 ], [ 73.0836475, 19.8463129, 0.0 ], [ 73.0829731, 19.8462384, 0.0 ], [ 73.0827277, 19.846201, 0.0 ], [ 73.0809426, 19.8459285, 0.0 ], [ 73.0805486, 19.8457933, 0.0 ], [ 73.0802748, 19.8456994, 0.0 ], [ 73.0800859, 19.8455309, 0.0 ], [ 73.0799847, 19.8451468, 0.0 ], [ 73.0798966, 19.8443484, 0.0 ], [ 73.0798494, 19.8440452, 0.0 ], [ 73.0796128, 19.843679, 0.0 ], [ 73.0791136, 19.843268, 0.0 ], [ 73.0783851, 19.8427357, 0.0 ], [ 73.0778988, 19.8420901, 0.0 ], [ 73.0776801, 19.8413936, 0.0 ], [ 73.0776801, 19.8408439, 0.0 ], [ 73.0776801, 19.8407928, 0.0 ], [ 73.0780219, 19.8397549, 0.0 ], [ 73.0781474, 19.8394235, 0.0 ], [ 73.0782133, 19.8392496, 0.0 ], [ 73.0794994, 19.8377952, 0.0 ], [ 73.0797518, 19.8376061, 0.0 ], [ 73.0798275, 19.8375494, 0.0 ], [ 73.0800189, 19.837208, 0.0 ], [ 73.0801829, 19.8362248, 0.0 ], [ 73.0792805, 19.8338266, 0.0 ], [ 73.0791193, 19.8333855, 0.0 ], [ 73.078966, 19.8329663, 0.0 ], [ 73.0789387, 19.8325429, 0.0 ], [ 73.078987, 19.8323764, 0.0 ], [ 73.0790891, 19.832024, 0.0 ], [ 73.079759, 19.8313549, 0.0 ], [ 73.0799101, 19.8309677, 0.0 ], [ 73.0800869, 19.8305149, 0.0 ], [ 73.0798135, 19.8296546, 0.0 ], [ 73.0787555, 19.8271815, 0.0 ], [ 73.0786957, 19.8268313, 0.0 ], [ 73.0787384, 19.8260116, 0.0 ], [ 73.0791573, 19.8254309, 0.0 ], [ 73.0806349, 19.8241336, 0.0 ], [ 73.0814398, 19.8230653, 0.0 ], [ 73.0818795, 19.8221602, 0.0 ], [ 73.0821126, 19.8211959, 0.0 ], [ 73.0828503, 19.8194265, 0.0 ], [ 73.0835158, 19.8184294, 0.0 ], [ 73.0844555, 19.8176498, 0.0 ], [ 73.0853726, 19.8172524, 0.0 ], [ 73.0865992, 19.8168219, 0.0 ], [ 73.0873727, 19.8165349, 0.0 ], [ 73.0877263, 19.8162148, 0.0 ], [ 73.0879584, 19.8158209, 0.0 ], [ 73.0883895, 19.8150891, 0.0 ], [ 73.0888168, 19.8140613, 0.0 ], [ 73.0894978, 19.8124019, 0.0 ], [ 73.0895705, 19.8121913, 0.0 ], [ 73.0898378, 19.8114176, 0.0 ], [ 73.0899025, 19.8112051, 0.0 ] ] } },
{ "type": "Feature", "properties": { "objectid": 5237, "rivname": "Chormuli N", "rilcode": null, "st_length_": 11.7525, "bacode": 14, "ba_name": "West flowing rivers from Tapi to Tadri", "sub_basin": "Bhatsol and others", "remarks": null }, "geometry": { "type": "LineString", "coordinates": [ [ 73.0389541, 19.4338563, 0.0 ], [ 73.0391859, 19.433499, 0.0 ], [ 73.0392574, 19.4330618, 0.0 ], [ 73.0390772, 19.4323664, 0.0 ], [ 73.0389083, 19.4320663, 0.0 ] ] } },
{ "type": "Feature", "properties": { "objectid": 5889, "rivname": "Dehesali", "rilcode": null, "st_length_": 65.7132, "bacode": 14, "ba_name": "West flowing rivers from Tapi to Tadri", "sub_basin": "Bhatsol and others", "remarks": null }, "geometry": { "type": "LineString", "coordinates": [ [ 73.2072115, 19.8975255, 0.0 ], [ 73.2068905, 19.8973342, 0.0 ], [ 73.2066077, 19.8971436, 0.0 ], [ 73.2063484, 19.8969714, 0.0 ], [ 73.206036, 19.89683, 0.0 ], [ 73.2057316, 19.8967564, 0.0 ], [ 73.2055553, 19.8967305, 0.0 ], [ 73.2052625, 19.8967884, 0.0 ], [ 73.2049295, 19.8969404, 0.0 ], [ 73.2044569, 19.8971485, 0.0 ], [ 73.2041778, 19.8972337, 0.0 ], [ 73.2040046, 19.8972893, 0.0 ], [ 73.2036695, 19.8973101, 0.0 ], [ 73.2031587, 19.897287, 0.0 ], [ 73.2027529, 19.8972658, 0.0 ], [ 73.2019608, 19.8972013, 0.0 ], [ 73.2011826, 19.8971596, 0.0 ], [ 73.2007588, 19.8970884, 0.0 ], [ 73.2003742, 19.8969637, 0.0 ], [ 73.1999335, 19.8967791, 0.0 ], [ 73.1994596, 19.8965894, 0.0 ], [ 73.1991693, 19.8965296, 0.0 ], [ 73.1987261, 19.8964671, 0.0 ], [ 73.1984359, 19.8964029, 0.0 ], [ 73.1982422, 19.8962953, 0.0 ], [ 73.1980118, 19.8961146, 0.0 ], [ 73.197906, 19.8959138, 0.0 ], [ 73.1978262, 19.8956138, 0.0 ], [ 73.1978057, 19.8952292, 0.0 ], [ 73.1976979, 19.8944405, 0.0 ], [ 73.1976527, 19.894087, 0.0 ], [ 73.1975604, 19.893701, 0.0 ], [ 73.197487, 19.8933289, 0.0 ], [ 73.1974479, 19.8929122, 0.0 ], [ 73.1974643, 19.8921304, 0.0 ], [ 73.1975128, 19.8916385, 0.0 ], [ 73.1974856, 19.8911135, 0.0 ], [ 73.1974156, 19.8908048, 0.0 ], [ 73.1973343, 19.8905772, 0.0 ], [ 73.1972444, 19.8903088, 0.0 ], [ 73.1970787, 19.8900073, 0.0 ], [ 73.1969965, 19.8895944, 0.0 ], [ 73.1968186, 19.8891886, 0.0 ], [ 73.1967276, 19.8887439, 0.0 ], [ 73.1967109, 19.8884, 0.0 ], [ 73.1967418, 19.888066, 0.0 ], [ 73.1967011, 19.8877262, 0.0 ], [ 73.196607, 19.8871954, 0.0 ], [ 73.1965196, 19.8868095, 0.0 ], [ 73.1963864, 19.8860927, 0.0 ], [ 73.1962208, 19.8855561, 0.0 ], [ 73.1961965, 19.8851216, 0.0 ], [ 73.19603, 19.8846303, 0.0 ], [ 73.1956849, 19.8839908, 0.0 ], [ 73.1954346, 19.8836199, 0.0 ], [ 73.1951899, 19.8829824, 0.0 ], [ 73.1949965, 19.882174, 0.0 ], [ 73.1949094, 19.8817745, 0.0 ], [ 73.1948649, 19.8813849, 0.0 ], [ 73.1949847, 19.881143, 0.0 ], [ 73.1950057, 19.8808269, 0.0 ], [ 73.1950623, 19.8804075, 0.0 ], [ 73.1950972, 19.8798837, 0.0 ], [ 73.1950499, 19.8794036, 0.0 ], [ 73.1950072, 19.8789326, 0.0 ], [ 73.1949716, 19.8783532, 0.0 ], [ 73.1949474, 19.8779097, 0.0 ], [ 73.194925, 19.8776109, 0.0 ], [ 73.1948995, 19.8772306, 0.0 ], [ 73.1947733, 19.8768666, 0.0 ], [ 73.1946007, 19.8764384, 0.0 ], [ 73.1945582, 19.8761844, 0.0 ], [ 73.1944394, 19.8759245, 0.0 ], [ 73.1943758, 19.8755344, 0.0 ], [ 73.1943574, 19.8752764, 0.0 ], [ 73.1942392, 19.8749848, 0.0 ], [ 73.1941563, 19.8746126, 0.0 ], [ 73.1941501, 19.8742237, 0.0 ], [ 73.1942323, 19.8739494, 0.0 ], [ 73.1942237, 19.8734474, 0.0 ], [ 73.1941373, 19.8730117, 0.0 ], [ 73.1942076, 19.8723937, 0.0 ], [ 73.1942032, 19.8721449, 0.0 ], [ 73.194149, 19.8717687, 0.0 ], [ 73.1939882, 19.8712322, 0.0 ], [ 73.1938785, 19.870995, 0.0 ], [ 73.1937077, 19.8704809, 0.0 ], [ 73.1934737, 19.8700154, 0.0 ], [ 73.1933568, 19.8694391, 0.0 ], [ 73.1932791, 19.8688136, 0.0 ], [ 73.1930219, 19.8683161, 0.0 ], [ 73.1927684, 19.8678728, 0.0 ], [ 73.1925072, 19.8675649, 0.0 ], [ 73.1925226, 19.8672849, 0.0 ], [ 73.1926563, 19.8670613, 0.0 ], [ 73.1929179, 19.8668944, 0.0 ], [ 73.1932008, 19.866624, 0.0 ], [ 73.1932862, 19.8664266, 0.0 ], [ 73.1932528, 19.866191, 0.0 ], [ 73.1930778, 19.8658803, 0.0 ], [ 73.1929684, 19.865625, 0.0 ], [ 73.192951, 19.8653127, 0.0 ], [ 73.1931753, 19.8648739, 0.0 ], [ 73.1935428, 19.8644422, 0.0 ], [ 73.1939464, 19.8641062, 0.0 ], [ 73.1945419, 19.8637376, 0.0 ], [ 73.1947631, 19.8636739, 0.0 ], [ 73.1952559, 19.8636425, 0.0 ], [ 73.1958235, 19.8636984, 0.0 ], [ 73.196347, 19.8637986, 0.0 ], [ 73.1966707, 19.8638544, 0.0 ], [ 73.1969383, 19.8638549, 0.0 ], [ 73.1973032, 19.8637758, 0.0 ], [ 73.1977226, 19.8636028, 0.0 ], [ 73.1978617, 19.8633477, 0.0 ], [ 73.1979092, 19.8631317, 0.0 ], [ 73.1979241, 19.8628787, 0.0 ], [ 73.1980011, 19.862627, 0.0 ], [ 73.1980839, 19.8623211, 0.0 ], [ 73.198141, 19.8621052, 0.0 ], [ 73.1983297, 19.8617651, 0.0 ], [ 73.1985356, 19.8615158, 0.0 ], [ 73.1987004, 19.8614058, 0.0 ], [ 73.199003, 19.8613301, 0.0 ], [ 73.1991719, 19.8612519, 0.0 ], [ 73.1995247, 19.8610641, 0.0 ], [ 73.1998912, 19.8609036, 0.0 ], [ 73.2001997, 19.8607739, 0.0 ], [ 73.2004452, 19.8606925, 0.0 ], [ 73.2006613, 19.8606378, 0.0 ], [ 73.2008383, 19.8606276, 0.0 ], [ 73.2009129, 19.8604888, 0.0 ], [ 73.2010027, 19.8603096, 0.0 ], [ 73.2006044, 19.859936, 0.0 ], [ 73.1998882, 19.8594478, 0.0 ], [ 73.1992464, 19.8590606, 0.0 ], [ 73.1987114, 19.8585939, 0.0 ], [ 73.1984543, 19.8583269, 0.0 ], [ 73.1981053, 19.8576467, 0.0 ], [ 73.1980077, 19.8568311, 0.0 ], [ 73.1979115, 19.8561782, 0.0 ], [ 73.1978414, 19.8556479, 0.0 ], [ 73.1977044, 19.855347, 0.0 ], [ 73.1976292, 19.8550562, 0.0 ], [ 73.1976824, 19.854795, 0.0 ], [ 73.1976602, 19.8544871, 0.0 ], [ 73.197616, 19.8540885, 0.0 ], [ 73.1976926, 19.8538503, 0.0 ], [ 73.1978922, 19.8536777, 0.0 ], [ 73.1982698, 19.8536712, 0.0 ], [ 73.1986712, 19.8536697, 0.0 ], [ 73.1991657, 19.8535614, 0.0 ], [ 73.1995116, 19.8534684, 0.0 ], [ 73.1997643, 19.8532697, 0.0 ], [ 73.1998416, 19.8529998, 0.0 ], [ 73.1997792, 19.8527817, 0.0 ], [ 73.1995254, 19.8525826, 0.0 ], [ 73.1992465, 19.8524371, 0.0 ], [ 73.1990297, 19.8522974, 0.0 ], [ 73.1987731, 19.8517682, 0.0 ], [ 73.1986447, 19.8512866, 0.0 ], [ 73.1986764, 19.8509119, 0.0 ], [ 73.1988162, 19.8506252, 0.0 ], [ 73.1992665, 19.8501136, 0.0 ], [ 73.1999265, 19.8493981, 0.0 ], [ 73.2004167, 19.8488105, 0.0 ], [ 73.2009686, 19.8482331, 0.0 ], [ 73.2013247, 19.8478872, 0.0 ], [ 73.2018417, 19.8476165, 0.0 ], [ 73.2025559, 19.8472772, 0.0 ], [ 73.2026966, 19.8471714, 0.0 ], [ 73.2028566, 19.8470659, 0.0 ], [ 73.2029344, 19.8469995, 0.0 ], [ 73.2036201, 19.8464291, 0.0 ], [ 73.2041825, 19.8460372, 0.0 ], [ 73.204343, 19.8459001, 0.0 ], [ 73.2045084, 19.8457585, 0.0 ], [ 73.2044901, 19.845496, 0.0 ], [ 73.2042289, 19.8451882, 0.0 ], [ 73.2038599, 19.8447834, 0.0 ], [ 73.202946, 19.8436993, 0.0 ], [ 73.2020738, 19.8426838, 0.0 ], [ 73.2017155, 19.8422249, 0.0 ], [ 73.2012248, 19.8414698, 0.0 ], [ 73.2009184, 19.8410436, 0.0 ], [ 73.2006268, 19.8408211, 0.0 ], [ 73.2003319, 19.8407568, 0.0 ], [ 73.1998941, 19.8406718, 0.0 ], [ 73.1996337, 19.8403278, 0.0 ], [ 73.1993605, 19.8396852, 0.0 ], [ 73.1991171, 19.8392195, 0.0 ], [ 73.1987846, 19.8382096, 0.0 ], [ 73.1986413, 19.8377502, 0.0 ], [ 73.1986158, 19.8373745, 0.0 ], [ 73.1986417, 19.837045, 0.0 ], [ 73.1987711, 19.8368032, 0.0 ], [ 73.1990119, 19.8364822, 0.0 ], [ 73.1994039, 19.8362409, 0.0 ], [ 73.2002069, 19.8362288, 0.0 ], [ 73.2012543, 19.8361806, 0.0 ], [ 73.2020325, 19.8362042, 0.0 ], [ 73.2024771, 19.83619, 0.0 ], [ 73.2028314, 19.8361559, 0.0 ], [ 73.2029968, 19.8360188, 0.0 ], [ 73.2030646, 19.8357443, 0.0 ], [ 73.2030738, 19.835532, 0.0 ], [ 73.2029041, 19.8351943, 0.0 ], [ 73.2027156, 19.8348381, 0.0 ], [ 73.2026167, 19.8345469, 0.0 ], [ 73.2023839, 19.8342532, 0.0 ], [ 73.2022916, 19.8338672, 0.0 ], [ 73.2022585, 19.8333963, 0.0 ], [ 73.2021873, 19.8329157, 0.0 ], [ 73.2019946, 19.8325369, 0.0 ], [ 73.2016127, 19.832064, 0.0 ], [ 73.201007, 19.8317859, 0.0 ], [ 73.2004797, 19.8316359, 0.0 ], [ 73.1999981, 19.8315953, 0.0 ], [ 73.1994679, 19.8315853, 0.0 ], [ 73.1990061, 19.8317348, 0.0 ], [ 73.1985474, 19.8319659, 0.0 ], [ 73.1980659, 19.8323774, 0.0 ], [ 73.1978474, 19.8325451, 0.0 ], [ 73.1975692, 19.8326761, 0.0 ], [ 73.1972509, 19.8328259, 0.0 ], [ 73.1967094, 19.8328785, 0.0 ], [ 73.1961605, 19.8329311, 0.0 ], [ 73.195431, 19.8327659, 0.0 ], [ 73.1947315, 19.8324804, 0.0 ], [ 73.1947204, 19.8324684, 0.0 ], [ 73.1944307, 19.8321574, 0.0 ], [ 73.194363, 19.8317517, 0.0 ], [ 73.1943405, 19.8311056, 0.0 ], [ 73.1943765, 19.8310388, 0.0 ], [ 73.1945356, 19.8307442, 0.0 ], [ 73.1946416, 19.8305477, 0.0 ], [ 73.1950327, 19.8299092, 0.0 ], [ 73.1953711, 19.8296237, 0.0 ], [ 73.1956268, 19.8295561, 0.0 ], [ 73.1977626, 19.8295561, 0.0 ], [ 73.1993215, 19.829261, 0.0 ], [ 73.2005775, 19.8288929, 0.0 ], [ 73.2006369, 19.8288474, 0.0 ], [ 73.2009009, 19.828645, 0.0 ], [ 73.2013529, 19.8281468, 0.0 ], [ 73.2015409, 19.8277261, 0.0 ], [ 73.2014657, 19.8272679, 0.0 ], [ 73.2012999, 19.827029, 0.0 ], [ 73.2011043, 19.8267473, 0.0 ], [ 73.2009463, 19.826612, 0.0 ], [ 73.2004349, 19.8264693, 0.0 ], [ 73.199713, 19.8264468, 0.0 ], [ 73.1986225, 19.8267322, 0.0 ], [ 73.1979456, 19.8271079, 0.0 ], [ 73.1973741, 19.8272957, 0.0 ], [ 73.1969228, 19.8273182, 0.0 ], [ 73.196622, 19.8272656, 0.0 ], [ 73.1964641, 19.8271003, 0.0 ], [ 73.1964114, 19.8267473, 0.0 ], [ 73.1964942, 19.8259585, 0.0 ], [ 73.1965527, 19.8249916, 0.0 ], [ 73.1964173, 19.8245183, 0.0 ], [ 73.1962368, 19.8242629, 0.0 ], [ 73.1959435, 19.8241051, 0.0 ], [ 73.1954129, 19.8238917, 0.0 ], [ 73.1953644, 19.8238723, 0.0 ], [ 73.1952959, 19.8238429, 0.0 ], [ 73.1949433, 19.823692, 0.0 ], [ 73.1947553, 19.8235642, 0.0 ], [ 73.1947402, 19.823444, 0.0 ], [ 73.1947478, 19.8233088, 0.0 ], [ 73.194823, 19.8231135, 0.0 ], [ 73.1951388, 19.8229257, 0.0 ], [ 73.1957555, 19.8228881, 0.0 ], [ 73.1962389, 19.8227826, 0.0 ], [ 73.1969128, 19.8224129, 0.0 ], [ 73.1975486, 19.8218536, 0.0 ], [ 73.1978429, 19.8214364, 0.0 ], [ 73.1978138, 19.8208891, 0.0 ], [ 73.197462, 19.8201223, 0.0 ], [ 73.1967796, 19.8196644, 0.0 ], [ 73.196044, 19.8194407, 0.0 ], [ 73.1957556, 19.8194795, 0.0 ], [ 73.1954896, 19.8195153, 0.0 ], [ 73.1950098, 19.8196963, 0.0 ], [ 73.1946047, 19.820101, 0.0 ], [ 73.1942955, 19.8203672, 0.0 ], [ 73.1939224, 19.8205589, 0.0 ], [ 73.1936452, 19.8206015, 0.0 ], [ 73.1933253, 19.8205589, 0.0 ], [ 73.1929007, 19.820451, 0.0 ], [ 73.192676, 19.8203388, 0.0 ], [ 73.1925038, 19.8200246, 0.0 ], [ 73.1924302, 19.8195993, 0.0 ], [ 73.1922941, 19.8188127, 0.0 ], [ 73.1919372, 19.8174806, 0.0 ], [ 73.1917711, 19.8171059, 0.0 ], [ 73.1916831, 19.8169071, 0.0 ], [ 73.1913537, 19.8165499, 0.0 ], [ 73.1907373, 19.8164112, 0.0 ], [ 73.1902386, 19.8165012, 0.0 ], [ 73.1897431, 19.8166683, 0.0 ], [ 73.1893329, 19.816864, 0.0 ], [ 73.1889516, 19.8171411, 0.0 ], [ 73.1884533, 19.8173448, 0.0 ], [ 73.1880438, 19.8175044, 0.0 ], [ 73.1875306, 19.8176033, 0.0 ], [ 73.1871389, 19.8176004, 0.0 ], [ 73.1867866, 19.8175441, 0.0 ], [ 73.1866119, 19.8174458, 0.0 ], [ 73.1865259, 19.8172181, 0.0 ], [ 73.1863886, 19.8167047, 0.0 ], [ 73.1863509, 19.8162247, 0.0 ], [ 73.1861223, 19.8157366, 0.0 ], [ 73.1857151, 19.8153356, 0.0 ], [ 73.1852264, 19.8149466, 0.0 ], [ 73.1845869, 19.8146905, 0.0 ], [ 73.1839248, 19.8143705, 0.0 ], [ 73.1832501, 19.8141951, 0.0 ], [ 73.1826895, 19.8140489, 0.0 ], [ 73.1821841, 19.8137771, 0.0 ], [ 73.1815378, 19.8136113, 0.0 ], [ 73.1810479, 19.8135116, 0.0 ], [ 73.1804427, 19.8134414, 0.0 ], [ 73.1800514, 19.8134205, 0.0 ], [ 73.1794648, 19.8133733, 0.0 ], [ 73.179125, 19.8131724, 0.0 ], [ 73.1788906, 19.81296, 0.0 ], [ 73.178724, 19.8127083, 0.0 ], [ 73.1782878, 19.8120987, 0.0 ], [ 73.1779993, 19.8117316, 0.0 ], [ 73.1775417, 19.8114562, 0.0 ], [ 73.1768807, 19.8110866, 0.0 ], [ 73.1759725, 19.810658, 0.0 ], [ 73.1752444, 19.8103006, 0.0 ], [ 73.1738866, 19.8096692, 0.0 ], [ 73.1730848, 19.8094099, 0.0 ], [ 73.1724324, 19.8093117, 0.0 ], [ 73.1720212, 19.809331, 0.0 ], [ 73.1718003, 19.8093811, 0.0 ], [ 73.1715831, 19.80949, 0.0 ], [ 73.171339, 19.8097386, 0.0 ], [ 73.1712559, 19.8100535, 0.0 ], [ 73.1711816, 19.8104047, 0.0 ], [ 73.1711811, 19.8106579, 0.0 ], [ 73.1713285, 19.8109139, 0.0 ], [ 73.1715713, 19.8111852, 0.0 ], [ 73.1717032, 19.8112692, 0.0 ], [ 73.1717737, 19.8113247, 0.0 ], [ 73.1721551, 19.8115851, 0.0 ], [ 73.172513, 19.811836, 0.0 ], [ 73.1727658, 19.8120804, 0.0 ], [ 73.1728838, 19.812372, 0.0 ], [ 73.1728687, 19.8126339, 0.0 ], [ 73.1727028, 19.813139, 0.0 ], [ 73.1718971, 19.8134595, 0.0 ], [ 73.1713398, 19.8138356, 0.0 ], [ 73.1710763, 19.8142568, 0.0 ], [ 73.1708963, 19.8156293, 0.0 ], [ 73.1706516, 19.8169739, 0.0 ], [ 73.1704198, 19.8173443, 0.0 ], [ 73.1701926, 19.8177074, 0.0 ], [ 73.1699314, 19.8178204, 0.0 ], [ 73.1697337, 19.817906, 0.0 ], [ 73.1692747, 19.8177838, 0.0 ], [ 73.1680815, 19.8170198, 0.0 ], [ 73.1663222, 19.8161794, 0.0 ], [ 73.1656846, 19.8157932, 0.0 ], [ 73.165389, 19.8156141, 0.0 ], [ 73.1647002, 19.8146431, 0.0 ], [ 73.164595, 19.8144615, 0.0 ], [ 73.1644802, 19.8140697, 0.0 ], [ 73.1644515, 19.8135728, 0.0 ], [ 73.1645567, 19.8129421, 0.0 ], [ 73.164595, 19.8127796, 0.0 ], [ 73.1643749, 19.8125311, 0.0 ], [ 73.1639348, 19.812512, 0.0 ], [ 73.1634947, 19.8127032, 0.0 ], [ 73.1626493, 19.8137635, 0.0 ], [ 73.1623342, 19.8141587, 0.0 ], [ 73.1616948, 19.8145158, 0.0 ], [ 73.160472, 19.8148823, 0.0 ], [ 73.1601777, 19.8149704, 0.0 ], [ 73.1594457, 19.8149809, 0.0 ], [ 73.1594192, 19.8149812, 0.0 ], [ 73.1587906, 19.8148514, 0.0 ], [ 73.1586434, 19.8148392, 0.0 ], [ 73.1570893, 19.8147107, 0.0 ], [ 73.1567859, 19.8147107, 0.0 ], [ 73.1564174, 19.8150678, 0.0 ], [ 73.1563741, 19.8155765, 0.0 ], [ 73.1565576, 19.8162413, 0.0 ], [ 73.1568036, 19.8168517, 0.0 ], [ 73.1568935, 19.8170747, 0.0 ], [ 73.1569694, 19.81767, 0.0 ], [ 73.1567635, 19.8181137, 0.0 ], [ 73.1566009, 19.8183952, 0.0 ], [ 73.1563192, 19.818525, 0.0 ], [ 73.1558857, 19.8185034, 0.0 ], [ 73.1554848, 19.8182003, 0.0 ], [ 73.1546994, 19.8169108, 0.0 ], [ 73.1542142, 19.8157798, 0.0 ], [ 73.1540878, 19.8144129, 0.0 ], [ 73.1539675, 19.8141978, 0.0 ], [ 73.1538811, 19.8140431, 0.0 ], [ 73.1536658, 19.8138453, 0.0 ], [ 73.1531922, 19.8136475, 0.0 ], [ 73.15271, 19.8136561, 0.0 ], [ 73.1520453, 19.8140803, 0.0 ], [ 73.1517181, 19.8144501, 0.0 ], [ 73.1516664, 19.8148372, 0.0 ], [ 73.1518042, 19.8153274, 0.0 ], [ 73.1520711, 19.8164025, 0.0 ], [ 73.1520895, 19.8167107, 0.0 ], [ 73.1520458, 19.8171478, 0.0 ], [ 73.1519364, 19.8174866, 0.0 ], [ 73.1515753, 19.8178472, 0.0 ], [ 73.1512238, 19.8180304, 0.0 ], [ 73.151072, 19.8181094, 0.0 ], [ 73.1501421, 19.8183061, 0.0 ], [ 73.1495075, 19.8182843, 0.0 ], [ 73.1492778, 19.8181422, 0.0 ], [ 73.1492012, 19.8178909, 0.0 ], [ 73.1493658, 19.8156326, 0.0 ], [ 73.1493463, 19.8150481, 0.0 ], [ 73.1490824, 19.8144689, 0.0 ], [ 73.1488873, 19.8140792, 0.0 ], [ 73.1488971, 19.8137773, 0.0 ], [ 73.1488581, 19.8134655, 0.0 ], [ 73.1489556, 19.8132415, 0.0 ], [ 73.149375, 19.8131343, 0.0 ], [ 73.1506623, 19.8131051, 0.0 ], [ 73.1508671, 19.8130564, 0.0 ], [ 73.1510427, 19.812696, 0.0 ], [ 73.1513259, 19.8111425, 0.0 ], [ 73.1513119, 19.8106971, 0.0 ], [ 73.1512707, 19.8093805, 0.0 ], [ 73.1508708, 19.8083385, 0.0 ], [ 73.1505317, 19.8078436, 0.0 ], [ 73.1500362, 19.8076178, 0.0 ], [ 73.1496363, 19.8075484, 0.0 ], [ 73.1490625, 19.8077654, 0.0 ], [ 73.148593, 19.8082778, 0.0 ], [ 73.1480601, 19.8094114, 0.0 ], [ 73.1477067, 19.8097535, 0.0 ], [ 73.1472648, 19.8100182, 0.0 ], [ 73.1460829, 19.8105147, 0.0 ], [ 73.1452765, 19.8109119, 0.0 ], [ 73.1448899, 19.8111877, 0.0 ], [ 73.1445467, 19.8118671, 0.0 ], [ 73.1445688, 19.8120657, 0.0 ], [ 73.1447234, 19.8123415, 0.0 ], [ 73.1449223, 19.8124518, 0.0 ], [ 73.1452647, 19.8128159, 0.0 ], [ 73.1456182, 19.813202, 0.0 ], [ 73.1459164, 19.8135771, 0.0 ], [ 73.1458943, 19.814217, 0.0 ], [ 73.1456956, 19.814828, 0.0 ], [ 73.1449997, 19.8158871, 0.0 ], [ 73.1446342, 19.8167317, 0.0 ], [ 73.1447226, 19.8170627, 0.0 ], [ 73.1448883, 19.8172944, 0.0 ], [ 73.1457277, 19.8175922, 0.0 ], [ 73.1465672, 19.8181218, 0.0 ], [ 73.1471748, 19.8186072, 0.0 ], [ 73.1471527, 19.819192, 0.0 ], [ 73.1469318, 19.8195009, 0.0 ], [ 73.1468594, 19.819524, 0.0 ], [ 73.1460702, 19.8197767, 0.0 ], [ 73.1451975, 19.8197877, 0.0 ], [ 73.1449049, 19.819717, 0.0 ], [ 73.1439981, 19.819498, 0.0 ], [ 73.1428464, 19.8190305, 0.0 ], [ 73.1417239, 19.8184128, 0.0 ], [ 73.1408186, 19.8176932, 0.0 ], [ 73.1400862, 19.8169552, 0.0 ], [ 73.1398881, 19.8167556, 0.0 ], [ 73.1394656, 19.8159819, 0.0 ], [ 73.1392362, 19.8158437, 0.0 ], [ 73.1390118, 19.8157084, 0.0 ], [ 73.1383467, 19.815513, 0.0 ], [ 73.1366177, 19.8156314, 0.0 ], [ 73.1359133, 19.8154084, 0.0 ], [ 73.1353483, 19.8148999, 0.0 ], [ 73.1347764, 19.8143356, 0.0 ], [ 73.1339816, 19.8133013, 0.0 ], [ 73.1336359, 19.8127791, 0.0 ], [ 73.1331928, 19.8121506, 0.0 ], [ 73.132989, 19.8118143, 0.0 ], [ 73.1325193, 19.8116284, 0.0 ], [ 73.131837, 19.8115753, 0.0 ], [ 73.1305581, 19.811753, 0.0 ], [ 73.1299112, 19.8121867, 0.0 ], [ 73.129402, 19.8129058, 0.0 ], [ 73.1293972, 19.8129125, 0.0 ], [ 73.1289807, 19.8133728, 0.0 ], [ 73.1275651, 19.814718, 0.0 ], [ 73.1269008, 19.8152128, 0.0 ], [ 73.1263603, 19.8152691, 0.0 ], [ 73.1262012, 19.8152036, 0.0 ], [ 73.1255947, 19.8149542, 0.0 ], [ 73.1250092, 19.8143019, 0.0 ], [ 73.1244688, 19.8140883, 0.0 ], [ 73.1239418, 19.81423, 0.0 ], [ 73.1238833, 19.8142457, 0.0 ], [ 73.1236131, 19.8145043, 0.0 ], [ 73.1233181, 19.8151955, 0.0 ], [ 73.1233867, 19.8164291, 0.0 ], [ 73.1236197, 19.8174779, 0.0 ], [ 73.1233783, 19.81909, 0.0 ], [ 73.1229396, 19.8198467, 0.0 ], [ 73.1223813, 19.8204601, 0.0 ], [ 73.1221065, 19.8205139, 0.0 ], [ 73.1219746, 19.8205398, 0.0 ], [ 73.1216635, 19.8205557, 0.0 ], [ 73.1212807, 19.8204442, 0.0 ], [ 73.1209856, 19.8201893, 0.0 ], [ 73.1208227, 19.8199755, 0.0 ], [ 73.1205788, 19.8196556, 0.0 ], [ 73.1194134, 19.8185386, 0.0 ], [ 73.1176032, 19.8173298, 0.0 ], [ 73.1159922, 19.8157454, 0.0 ], [ 73.1153013, 19.8151606, 0.0 ], [ 73.1145557, 19.8145295, 0.0 ], [ 73.1138396, 19.814131, 0.0 ], [ 73.1134308, 19.8142233, 0.0 ], [ 73.1129238, 19.814444, 0.0 ], [ 73.1123909, 19.8146906, 0.0 ], [ 73.1119229, 19.8147036, 0.0 ], [ 73.111468, 19.8146777, 0.0 ], [ 73.1114633, 19.8146756, 0.0 ], [ 73.110883, 19.814418, 0.0 ], [ 73.1103501, 19.8141324, 0.0 ], [ 73.1095052, 19.813691, 0.0 ], [ 73.1065698, 19.8133693, 0.0 ], [ 73.105805, 19.8135082, 0.0 ], [ 73.1055848, 19.8134619, 0.0 ], [ 73.1031172, 19.8122801, 0.0 ], [ 73.1010158, 19.8111072, 0.0 ], [ 73.1004002, 19.8111236, 0.0 ], [ 73.0994481, 19.8113203, 0.0 ], [ 73.0994353, 19.8113209, 0.0 ], [ 73.0987176, 19.8113531, 0.0 ], [ 73.0983318, 19.811222, 0.0 ], [ 73.0981102, 19.8108449, 0.0 ], [ 73.0976393, 19.8092791, 0.0 ], [ 73.0975649, 19.8090316, 0.0 ], [ 73.0972633, 19.8086056, 0.0 ], [ 73.0969142, 19.8081124, 0.0 ], [ 73.0960113, 19.8073405, 0.0 ], [ 73.0946175, 19.8069158, 0.0 ], [ 73.0932829, 19.8069276, 0.0 ], [ 73.0922317, 19.8071635, 0.0 ], [ 73.0914285, 19.8076, 0.0 ], [ 73.0912986, 19.8081191, 0.0 ], [ 73.091523, 19.8091454, 0.0 ], [ 73.0915362, 19.8099957, 0.0 ], [ 73.0911502, 19.8105761, 0.0 ], [ 73.0907874, 19.8107976, 0.0 ], [ 73.0903247, 19.8108951, 0.0 ], [ 73.0900211, 19.8109547, 0.0 ], [ 73.0899579, 19.8110233, 0.0 ], [ 73.0899025, 19.8112051, 0.0 ], [ 73.0894125, 19.8106638, 0.0 ], [ 73.0876566, 19.8093988, 0.0 ], [ 73.0857704, 19.8075359, 0.0 ], [ 73.0842242, 19.8060381, 0.0 ], [ 73.0838051, 19.8056102, 0.0 ], [ 73.0837141, 19.8055698, 0.0 ], [ 73.0835536, 19.8054986, 0.0 ], [ 73.0832183, 19.8054893, 0.0 ], [ 73.0828178, 19.8055823, 0.0 ], [ 73.0823849, 19.8056769, 0.0 ], [ 73.0822217, 19.8057125, 0.0 ], [ 73.0818212, 19.8057497, 0.0 ], [ 73.0808887, 19.8055061, 0.0 ], [ 73.0807019, 19.8054573, 0.0 ], [ 73.0803107, 19.8052247, 0.0 ], [ 73.0800499, 19.8049084, 0.0 ], [ 73.0799393, 19.8045991, 0.0 ], [ 73.0799102, 19.8045177, 0.0 ], [ 73.0798357, 19.804006, 0.0 ], [ 73.0798543, 19.8033176, 0.0 ], [ 73.0801244, 19.8029083, 0.0 ], [ 73.0803945, 19.8024153, 0.0 ], [ 73.0805433, 19.801937, 0.0 ], [ 73.0805724, 19.8016403, 0.0 ], [ 73.0805491, 19.8013203, 0.0 ], [ 73.0804501, 19.8010876, 0.0 ], [ 73.0801763, 19.8007443, 0.0 ], [ 73.0795343, 19.7997753, 0.0 ], [ 73.0792771, 19.799423, 0.0 ], [ 73.0790126, 19.7987038, 0.0 ], [ 73.0788534, 19.7979587, 0.0 ], [ 73.0788213, 19.7974813, 0.0 ], [ 73.078835, 19.7972243, 0.0 ], [ 73.0790297, 19.7966585, 0.0 ], [ 73.0791756, 19.7963144, 0.0 ], [ 73.0792048, 19.7960753, 0.0 ], [ 73.0791277, 19.7959075, 0.0 ], [ 73.0790673, 19.7957761, 0.0 ], [ 73.0790413, 19.7957196, 0.0 ], [ 73.0787185, 19.7948221, 0.0 ], [ 73.0784022, 19.7936833, 0.0 ], [ 73.0776867, 19.7923275, 0.0 ], [ 73.0767139, 19.7909968, 0.0 ], [ 73.0740307, 19.7887374, 0.0 ], [ 73.0713049, 19.7870209, 0.0 ], [ 73.071083, 19.7869379, 0.0 ], [ 73.069494, 19.7863437, 0.0 ], [ 73.0693975, 19.7863076, 0.0 ], [ 73.0690362, 19.7860306, 0.0 ], [ 73.0688976, 19.7856899, 0.0 ], [ 73.0688871, 19.7853338, 0.0 ], [ 73.0688762, 19.7849648, 0.0 ], [ 73.0690121, 19.7839421, 0.0 ], [ 73.0690363, 19.7837599, 0.0 ], [ 73.0691472, 19.7820642, 0.0 ], [ 73.0688475, 19.7789088, 0.0 ], [ 73.0688276, 19.7786998, 0.0 ], [ 73.0690102, 19.7772105, 0.0 ], [ 73.0691319, 19.7759947, 0.0 ], [ 73.0691073, 19.7749904, 0.0 ], [ 73.068936, 19.7739164, 0.0 ], [ 73.0684982, 19.7722815, 0.0 ], [ 73.0684939, 19.7721516, 0.0 ], [ 73.0685226, 19.7720428, 0.0 ], [ 73.0686788, 19.7717543, 0.0 ], [ 73.0689279, 19.7713894, 0.0 ], [ 73.0690939, 19.7708421, 0.0 ], [ 73.0691105, 19.7702782, 0.0 ], [ 73.0689279, 19.7698636, 0.0 ], [ 73.068629, 19.769449, 0.0 ], [ 73.0680976, 19.7688187, 0.0 ], [ 73.0673635, 19.7674488, 0.0 ], [ 73.0672478, 19.7671994, 0.0 ], [ 73.0669065, 19.7664634, 0.0 ], [ 73.0656342, 19.7642832, 0.0 ], [ 73.0649034, 19.763021, 0.0 ], [ 73.0646325, 19.7624573, 0.0 ], [ 73.0642999, 19.7617652, 0.0 ], [ 73.0631666, 19.7595418, 0.0 ], [ 73.0625374, 19.7581489, 0.0 ], [ 73.0622041, 19.7569654, 0.0 ], [ 73.0621319, 19.7565135, 0.0 ], [ 73.0618287, 19.7557858, 0.0 ], [ 73.0609202, 19.7544883, 0.0 ], [ 73.0595688, 19.7523551, 0.0 ], [ 73.0585453, 19.750583, 0.0 ], [ 73.0580477, 19.7492262, 0.0 ], [ 73.0577788, 19.748738, 0.0 ], [ 73.0576038, 19.7484202, 0.0 ], [ 73.0568371, 19.7475604, 0.0 ], [ 73.0565751, 19.7473985, 0.0 ], [ 73.0561002, 19.7473177, 0.0 ], [ 73.0556354, 19.7474085, 0.0 ], [ 73.0539998, 19.7485021, 0.0 ], [ 73.0524235, 19.7497706, 0.0 ], [ 73.0512436, 19.7501574, 0.0 ], [ 73.0506311, 19.7502024, 0.0 ], [ 73.0501357, 19.7501304, 0.0 ], [ 73.0497124, 19.7498965, 0.0 ], [ 73.0483394, 19.7489505, 0.0 ], [ 73.0471198, 19.7480658, 0.0 ], [ 73.0462468, 19.7474118, 0.0 ], [ 73.0457076, 19.7469118, 0.0 ], [ 73.045103, 19.7455084, 0.0 ], [ 73.0449233, 19.744739, 0.0 ], [ 73.0448185, 19.7434179, 0.0 ], [ 73.0446721, 19.7427234, 0.0 ], [ 73.044233, 19.7423579, 0.0 ], [ 73.0431534, 19.7417, 0.0 ], [ 73.0411151, 19.7408349, 0.0 ], [ 73.0405926, 19.7406562, 0.0 ], [ 73.040292, 19.7406562, 0.0 ], [ 73.0377695, 19.7409574, 0.0 ], [ 73.0371254, 19.7410003, 0.0 ], [ 73.0369027, 19.7409567, 0.0 ], [ 73.0367603, 19.7409288, 0.0 ], [ 73.0355994, 19.7402618, 0.0 ], [ 73.0352845, 19.7398829, 0.0 ], [ 73.0350053, 19.7391824, 0.0 ], [ 73.0349531, 19.7387097, 0.0 ], [ 73.0349531, 19.7383225, 0.0 ], [ 73.0347491, 19.7377723, 0.0 ], [ 73.0343002, 19.7372221, 0.0 ], [ 73.0327396, 19.7352554, 0.0 ], [ 73.0317575, 19.7343653, 0.0 ], [ 73.0304661, 19.7335478, 0.0 ], [ 73.029875, 19.7335387, 0.0 ], [ 73.0295572, 19.7335279, 0.0 ], [ 73.028226, 19.7334825, 0.0 ], [ 73.0268636, 19.7330589, 0.0 ], [ 73.0268521, 19.7330553, 0.0 ], [ 73.0261262, 19.7327316, 0.0 ], [ 73.0256467, 19.7323821, 0.0 ], [ 73.0253486, 19.7320326, 0.0 ], [ 73.0251412, 19.7315147, 0.0 ], [ 73.024877, 19.7287765, 0.0 ], [ 73.024844, 19.7271811, 0.0 ], [ 73.0245312, 19.7260626, 0.0 ], [ 73.0235647, 19.724521, 0.0 ], [ 73.0230881, 19.7241285, 0.0 ], [ 73.0224568, 19.7239483, 0.0 ], [ 73.0219608, 19.7237746, 0.0 ], [ 73.0211942, 19.7237746, 0.0 ], [ 73.0210065, 19.7237216, 0.0 ], [ 73.02017, 19.7234851, 0.0 ], [ 73.0197062, 19.7233178, 0.0 ], [ 73.0192217, 19.7230639, 0.0 ], [ 73.0192155, 19.7230564, 0.0 ], [ 73.0187368, 19.7224864, 0.0 ], [ 73.0180565, 19.7215871, 0.0 ], [ 73.0179398, 19.7208438, 0.0 ], [ 73.0179078, 19.7204071, 0.0 ], [ 73.0180412, 19.7194745, 0.0 ], [ 73.0179375, 19.7190896, 0.0 ], [ 73.0173788, 19.7178574, 0.0 ], [ 73.0172261, 19.7175205, 0.0 ], [ 73.0166038, 19.7163612, 0.0 ], [ 73.0164184, 19.7155372, 0.0 ], [ 73.016265, 19.7153745, 0.0 ], [ 73.0161218, 19.7152225, 0.0 ], [ 73.0153895, 19.7149725, 0.0 ], [ 73.0135111, 19.71481, 0.0 ], [ 73.0126821, 19.7146073, 0.0 ], [ 73.0119041, 19.7142297, 0.0 ], [ 73.0113591, 19.713558, 0.0 ], [ 73.0106862, 19.7126478, 0.0 ], [ 73.0101107, 19.7118693, 0.0 ], [ 73.0093814, 19.7110747, 0.0 ], [ 73.0091049, 19.710893, 0.0 ], [ 73.0088216, 19.7107069, 0.0 ], [ 73.0072641, 19.7102871, 0.0 ], [ 73.0060855, 19.7102871, 0.0 ], [ 73.0052016, 19.7104268, 0.0 ], [ 73.0045563, 19.7104864, 0.0 ], [ 73.0021641, 19.7107072, 0.0 ], [ 73.0011918, 19.710847, 0.0 ], [ 73.0000168, 19.7112272, 0.0 ], [ 72.999435, 19.7118546, 0.0 ], [ 72.9991886, 19.7120679, 0.0 ], [ 72.9989095, 19.7122975, 0.0 ], [ 72.9985318, 19.7125764, 0.0 ], [ 72.9980719, 19.7127896, 0.0 ], [ 72.99753, 19.7131341, 0.0 ], [ 72.9971697, 19.7131341, 0.0 ], [ 72.9969224, 19.7131341, 0.0 ], [ 72.9964267, 19.7130516, 0.0 ], [ 72.9960357, 19.7129865, 0.0 ], [ 72.9953952, 19.7126256, 0.0 ], [ 72.9950175, 19.7123468, 0.0 ], [ 72.9942293, 19.7119859, 0.0 ], [ 72.9936873, 19.711707, 0.0 ], [ 72.9928663, 19.7114938, 0.0 ], [ 72.9917496, 19.7113625, 0.0 ], [ 72.990715, 19.7112969, 0.0 ], [ 72.9891937, 19.7109506, 0.0 ], [ 72.9885539, 19.710805, 0.0 ], [ 72.9879956, 19.7108214, 0.0 ], [ 72.9874044, 19.710887, 0.0 ], [ 72.9870036, 19.7108775, 0.0 ], [ 72.986025, 19.7108542, 0.0 ], [ 72.9855652, 19.7108542, 0.0 ], [ 72.9849412, 19.7110018, 0.0 ], [ 72.9843993, 19.7112479, 0.0 ], [ 72.9840873, 19.7114119, 0.0 ], [ 72.9837588, 19.7117564, 0.0 ], [ 72.9835125, 19.7121337, 0.0 ], [ 72.9831348, 19.7125766, 0.0 ], [ 72.982872, 19.7129702, 0.0 ], [ 72.9825108, 19.7139052, 0.0 ], [ 72.9814762, 19.7147746, 0.0 ], [ 72.9807536, 19.7155948, 0.0 ], [ 72.978598, 19.7165218, 0.0 ], [ 72.9782531, 19.7168499, 0.0 ], [ 72.9780561, 19.7172108, 0.0 ], [ 72.9777933, 19.7175881, 0.0 ], [ 72.9775798, 19.7178177, 0.0 ], [ 72.9772678, 19.718031, 0.0 ], [ 72.9765617, 19.7181786, 0.0 ], [ 72.9759377, 19.7182606, 0.0 ], [ 72.975018, 19.7181294, 0.0 ], [ 72.9739014, 19.7177849, 0.0 ], [ 72.9729161, 19.7173912, 0.0 ], [ 72.9721999, 19.7171002, 0.0 ], [ 72.9719472, 19.7169976, 0.0 ], [ 72.96987, 19.7166205, 0.0 ], [ 72.9692952, 19.7166041, 0.0 ], [ 72.9686876, 19.7166205, 0.0 ], [ 72.968664, 19.7166228, 0.0 ], [ 72.9675217, 19.7167353, 0.0 ], [ 72.9670947, 19.7170142, 0.0 ], [ 72.966914, 19.7173587, 0.0 ], [ 72.9667006, 19.7179656, 0.0 ], [ 72.9665363, 19.7183593, 0.0 ], [ 72.9661586, 19.7189334, 0.0 ], [ 72.9656331, 19.7196224, 0.0 ], [ 72.9653047, 19.7199832, 0.0 ], [ 72.9639704, 19.7216667, 0.0 ], [ 72.9633464, 19.7222573, 0.0 ], [ 72.9627224, 19.7226017, 0.0 ], [ 72.962082, 19.7227166, 0.0 ], [ 72.961228, 19.722733, 0.0 ], [ 72.9604726, 19.722733, 0.0 ], [ 72.9599471, 19.7227658, 0.0 ], [ 72.9598534, 19.722773, 0.0 ], [ 72.9595202, 19.7227986, 0.0 ], [ 72.9592246, 19.7229298, 0.0 ], [ 72.9588943, 19.7230947, 0.0 ], [ 72.9587648, 19.7231595, 0.0 ], [ 72.9584035, 19.7233399, 0.0 ], [ 72.9580915, 19.723668, 0.0 ], [ 72.9578944, 19.7240288, 0.0 ], [ 72.957679, 19.7250042, 0.0 ], [ 72.9575969, 19.7255619, 0.0 ], [ 72.9575476, 19.7262673, 0.0 ], [ 72.9574327, 19.7266281, 0.0 ], [ 72.9573376, 19.7266801, 0.0 ], [ 72.956743, 19.7270054, 0.0 ], [ 72.9561354, 19.727153, 0.0 ], [ 72.9557084, 19.7273499, 0.0 ], [ 72.95538, 19.7275303, 0.0 ], [ 72.9549202, 19.7276287, 0.0 ], [ 72.9546902, 19.7276287, 0.0 ], [ 72.9544134, 19.7275578, 0.0 ], [ 72.9540498, 19.7274647, 0.0 ], [ 72.9535243, 19.7273171, 0.0 ], [ 72.9532287, 19.7273499, 0.0 ], [ 72.9528346, 19.7275631, 0.0 ], [ 72.9525883, 19.7277272, 0.0 ], [ 72.9523091, 19.7278748, 0.0 ], [ 72.9519886, 19.727779, 0.0 ], [ 72.9517094, 19.7277626, 0.0 ], [ 72.9514467, 19.7276806, 0.0 ], [ 72.9512332, 19.7275657, 0.0 ], [ 72.9502971, 19.7273525, 0.0 ], [ 72.9499523, 19.727172, 0.0 ], [ 72.9495089, 19.7269588, 0.0 ], [ 72.9487371, 19.7267456, 0.0 ], [ 72.9480638, 19.7263519, 0.0 ], [ 72.947604, 19.7260074, 0.0 ], [ 72.9467993, 19.7255317, 0.0 ], [ 72.9463395, 19.7250888, 0.0 ], [ 72.9460932, 19.7247607, 0.0 ], [ 72.9460439, 19.724367, 0.0 ], [ 72.9460439, 19.7240062, 0.0 ], [ 72.9459618, 19.7236781, 0.0 ], [ 72.9454659, 19.7209784, 0.0 ], [ 72.9452852, 19.720109, 0.0 ], [ 72.9451539, 19.7194857, 0.0 ], [ 72.9451703, 19.7189115, 0.0 ], [ 72.945236, 19.7184194, 0.0 ], [ 72.9456457, 19.7160319, 0.0 ], [ 72.9458428, 19.7153758, 0.0 ], [ 72.9460234, 19.7147689, 0.0 ], [ 72.9462533, 19.7143752, 0.0 ], [ 72.9464175, 19.7141455, 0.0 ], [ 72.9465653, 19.7139651, 0.0 ], [ 72.9466474, 19.7137846, 0.0 ], [ 72.946631, 19.7135878, 0.0 ], [ 72.9464992, 19.7127601, 0.0 ], [ 72.9466141, 19.7122024, 0.0 ], [ 72.9467948, 19.7114314, 0.0 ], [ 72.9470739, 19.7108737, 0.0 ], [ 72.9473367, 19.7105292, 0.0 ], [ 72.9474352, 19.7101028, 0.0 ], [ 72.9476493, 19.708339, 0.0 ], [ 72.9476169, 19.7076931, 0.0 ], [ 72.9476164, 19.7076828, 0.0 ], [ 72.9475836, 19.7069939, 0.0 ], [ 72.9474522, 19.7064854, 0.0 ], [ 72.947288, 19.7061081, 0.0 ], [ 72.9470416, 19.7057964, 0.0 ], [ 72.9468774, 19.7055504, 0.0 ], [ 72.946765, 19.7053808, 0.0 ], [ 72.9465471, 19.7050522, 0.0 ], [ 72.9463501, 19.7047734, 0.0 ], [ 72.9461202, 19.7046585, 0.0 ], [ 72.945841, 19.7046093, 0.0 ], [ 72.9452006, 19.7047078, 0.0 ], [ 72.9446422, 19.704757, 0.0 ], [ 72.9443323, 19.704757, 0.0 ], [ 72.9442317, 19.704757, 0.0 ], [ 72.9438211, 19.704757, 0.0 ], [ 72.9434434, 19.7048226, 0.0 ], [ 72.9430822, 19.704921, 0.0 ], [ 72.9427209, 19.7051671, 0.0 ], [ 72.942376, 19.7055279, 0.0 ], [ 72.9421625, 19.7058724, 0.0 ], [ 72.9419162, 19.7063153, 0.0 ], [ 72.9416206, 19.7066762, 0.0 ], [ 72.9411115, 19.7070371, 0.0 ], [ 72.9406517, 19.7074471, 0.0 ], [ 72.9398799, 19.7077588, 0.0 ], [ 72.9393709, 19.7078572, 0.0 ], [ 72.9386155, 19.7077096, 0.0 ], [ 72.9383034, 19.7074964, 0.0 ], [ 72.9380243, 19.7072011, 0.0 ], [ 72.9378272, 19.7068894, 0.0 ], [ 72.9374659, 19.7063481, 0.0 ], [ 72.9371704, 19.7059216, 0.0 ], [ 72.9366613, 19.7055443, 0.0 ], [ 72.9363493, 19.7052491, 0.0 ], [ 72.9357745, 19.7051014, 0.0 ], [ 72.9354461, 19.705085, 0.0 ], [ 72.9349831, 19.7050195, 0.0 ] ] } },
{ "type": "Feature", "properties": { "objectid": 6148, "rivname": "Dhandela N", "rilcode": null, "st_length_": 11.5598, "bacode": 14, "ba_name": "West flowing rivers from Tapi to Tadri", "sub_basin": "Bhatsol and others", "remarks": null }, "geometry": { "type": "LineString", "coordinates": [ [ 73.1697402, 19.592096, 0.0 ], [ 73.1696278, 19.5917638, 0.0 ], [ 73.1695387, 19.5914682, 0.0 ], [ 73.1694634, 19.591191, 0.0 ], [ 73.1693783, 19.5909317, 0.0 ], [ 73.1692893, 19.590627, 0.0 ], [ 73.1691657, 19.5903805, 0.0 ], [ 73.1690471, 19.5901205, 0.0 ], [ 73.1687002, 19.589603, 0.0 ], [ 73.1684679, 19.5893047, 0.0 ], [ 73.1679466, 19.5886844, 0.0 ], [ 73.1674232, 19.5881635, 0.0 ], [ 73.1672917, 19.5880661, 0.0 ], [ 73.1670744, 19.587967, 0.0 ], [ 73.166727, 19.5879243, 0.0 ], [ 73.1664296, 19.588, 0.0 ], [ 73.1662225, 19.5880956, 0.0 ], [ 73.1659753, 19.5882763, 0.0 ], [ 73.1657283, 19.5884524, 0.0 ], [ 73.1654958, 19.5886154, 0.0 ], [ 73.1651109, 19.5887708, 0.0 ], [ 73.1647306, 19.5889309, 0.0 ], [ 73.1644557, 19.5890704, 0.0 ], [ 73.1640822, 19.5893618, 0.0 ], [ 73.1636974, 19.5897388, 0.0 ], [ 73.163538, 19.5898308, 0.0 ], [ 73.1633212, 19.5899261, 0.0 ], [ 73.1629617, 19.5900097, 0.0 ], [ 73.1623354, 19.5900702, 0.0 ], [ 73.1621348, 19.59008, 0.0 ], [ 73.1620042, 19.5901634, 0.0 ], [ 73.1617145, 19.5903297, 0.0 ], [ 73.1616756, 19.5903607, 0.0 ], [ 73.1614056, 19.5904957, 0.0 ], [ 73.1610447, 19.5906426, 0.0 ], [ 73.1603999, 19.5909017, 0.0 ], [ 73.159658, 19.5912448, 0.0 ], [ 73.1593448, 19.591388, 0.0 ], [ 73.1589132, 19.5914974, 0.0 ], [ 73.1584019, 19.5915329, 0.0 ], [ 73.1578717, 19.591559, 0.0 ], [ 73.1577231, 19.5915924, 0.0 ], [ 73.157607, 19.591667, 0.0 ], [ 73.1575381, 19.5917652, 0.0 ], [ 73.1574946, 19.5920221, 0.0 ], [ 73.157509, 19.592244, 0.0 ], [ 73.1576161, 19.5928202, 0.0 ], [ 73.1576489, 19.5930695, 0.0 ], [ 73.157627, 19.5932048, 0.0 ], [ 73.1575721, 19.5933168, 0.0 ], [ 73.1574157, 19.5934947, 0.0 ], [ 73.1571832, 19.593662, 0.0 ], [ 73.1569364, 19.5938246, 0.0 ], [ 73.1567223, 19.5940241, 0.0 ], [ 73.1566573, 19.5941631, 0.0 ], [ 73.1566293, 19.5943614, 0.0 ], [ 73.1565347, 19.5945495, 0.0 ], [ 73.156352, 19.5948355, 0.0 ], [ 73.1561432, 19.5950079, 0.0 ], [ 73.1559384, 19.595221, 0.0 ], [ 73.1557372, 19.5954839, 0.0 ], [ 73.1556418, 19.5957082, 0.0 ], [ 73.1555234, 19.5958914, 0.0 ], [ 73.1551996, 19.5960887, 0.0 ], [ 73.1549597, 19.5961519, 0.0 ], [ 73.1546505, 19.5963314, 0.0 ], [ 73.1544097, 19.5964124, 0.0 ], [ 73.1541796, 19.5964898, 0.0 ], [ 73.1538619, 19.596624, 0.0 ], [ 73.1534828, 19.5967253, 0.0 ], [ 73.1532822, 19.5967395, 0.0 ], [ 73.1529966, 19.5967025, 0.0 ], [ 73.1526496, 19.5966461, 0.0 ], [ 73.1524681, 19.5966517, 0.0 ], [ 73.1521223, 19.5967627, 0.0 ], [ 73.1518192, 19.596879, 0.0 ], [ 73.1514632, 19.5970169, 0.0 ], [ 73.151175, 19.5971109, 0.0 ], [ 73.150898, 19.5971238, 0.0 ], [ 73.1506635, 19.5971554, 0.0 ], [ 73.150386, 19.5971909, 0.0 ], [ 73.1500199, 19.5973558, 0.0 ], [ 73.149835, 19.5975286, 0.0 ], [ 73.1495859, 19.5977996, 0.0 ], [ 73.1493417, 19.5980617, 0.0 ], [ 73.1492299, 19.5981636, 0.0 ], [ 73.1490565, 19.5982372, 0.0 ], [ 73.1488417, 19.5982466, 0.0 ], [ 73.1483113, 19.5982818, 0.0 ], [ 73.1477401, 19.5982166, 0.0 ], [ 73.1473549, 19.5981595, 0.0 ], [ 73.146825, 19.5981766, 0.0 ], [ 73.1466085, 19.5982584, 0.0 ], [ 73.1462857, 19.598406, 0.0 ], [ 73.1459247, 19.598436, 0.0 ], [ 73.1457643, 19.5986034, 0.0 ], [ 73.1452293, 19.5991073, 0.0 ], [ 73.1448667, 19.5993153, 0.0 ], [ 73.1447047, 19.599323, 0.0 ], [ 73.1444655, 19.5992999, 0.0 ], [ 73.1441955, 19.5992768, 0.0 ], [ 73.1440721, 19.5991535, 0.0 ], [ 73.1439608, 19.5991362, 0.0 ], [ 73.143725, 19.5990996, 0.0 ], [ 73.1432004, 19.599246, 0.0 ], [ 73.1429998, 19.5993924, 0.0 ], [ 73.1427761, 19.5997083, 0.0 ], [ 73.1426295, 19.5999625, 0.0 ], [ 73.1426066, 19.5999884, 0.0 ], [ 73.1425138, 19.6000935, 0.0 ], [ 73.1423827, 19.6003092, 0.0 ], [ 73.1423827, 19.6004633, 0.0 ], [ 73.1423056, 19.6006251, 0.0 ], [ 73.1420047, 19.6007715, 0.0 ], [ 73.1415958, 19.6009487, 0.0 ], [ 73.1412934, 19.6014081, 0.0 ], [ 73.1411777, 19.6016084, 0.0 ], [ 73.1409617, 19.6018241, 0.0 ], [ 73.1406223, 19.6019243, 0.0 ], [ 73.1403523, 19.6019705, 0.0 ], [ 73.1400823, 19.6020167, 0.0 ], [ 73.1395886, 19.6021863, 0.0 ], [ 73.1392414, 19.6024328, 0.0 ], [ 73.1391442, 19.6024879, 0.0 ], [ 73.138956, 19.6025946, 0.0 ], [ 73.1388552, 19.6028289, 0.0 ], [ 73.1387935, 19.6030754, 0.0 ], [ 73.1388012, 19.6031525, 0.0 ], [ 73.1389555, 19.6032989, 0.0 ], [ 73.1390712, 19.6033682, 0.0 ], [ 73.1391407, 19.6034144, 0.0 ], [ 73.1391638, 19.6035377, 0.0 ], [ 73.1391329, 19.6037997, 0.0 ], [ 73.1391638, 19.6040616, 0.0 ], [ 73.1393258, 19.6041772, 0.0 ], [ 73.1396344, 19.6043621, 0.0 ], [ 73.1398029, 19.6044631, 0.0 ], [ 73.1398091, 19.6046039, 0.0 ], [ 73.1397784, 19.6046651, 0.0 ], [ 73.1395577, 19.6047202, 0.0 ], [ 73.1391899, 19.6047631, 0.0 ], [ 73.1388344, 19.6047753, 0.0 ], [ 73.1385463, 19.6048182, 0.0 ], [ 73.1383685, 19.6048671, 0.0 ], [ 73.1383011, 19.6050263, 0.0 ], [ 73.1382214, 19.6054978, 0.0 ], [ 73.1381071, 19.6058496, 0.0 ], [ 73.1377925, 19.6062161, 0.0 ], [ 73.1376091, 19.6063121, 0.0 ], [ 73.1373732, 19.6062685, 0.0 ], [ 73.1371722, 19.6061289, 0.0 ], [ 73.1368315, 19.6060591, 0.0 ], [ 73.1365519, 19.6060503, 0.0 ], [ 73.1361063, 19.6060591, 0.0 ], [ 73.1356694, 19.606155, 0.0 ], [ 73.1352326, 19.6063208, 0.0 ], [ 73.134953, 19.6063907, 0.0 ], [ 73.1347957, 19.6063994, 0.0 ], [ 73.1346385, 19.6062859, 0.0 ], [ 73.1345336, 19.6060765, 0.0 ], [ 73.1343589, 19.6057013, 0.0 ], [ 73.1341929, 19.6055093, 0.0 ], [ 73.1339919, 19.6055355, 0.0 ], [ 73.1337822, 19.6056402, 0.0 ], [ 73.1336075, 19.6059805, 0.0 ], [ 73.1335551, 19.6063121, 0.0 ], [ 73.1333629, 19.6068095, 0.0 ], [ 73.1332557, 19.6069388, 0.0 ], [ 73.1328044, 19.6071676, 0.0 ], [ 73.1325892, 19.6072161, 0.0 ], [ 73.1323948, 19.6071676, 0.0 ], [ 73.1323045, 19.6070636, 0.0 ], [ 73.1321171, 19.606703, 0.0 ], [ 73.131881, 19.6062453, 0.0 ], [ 73.1317352, 19.6060997, 0.0 ], [ 73.1316033, 19.6060512, 0.0 ], [ 73.1314645, 19.606065, 0.0 ], [ 73.1313811, 19.6061968, 0.0 ], [ 73.1313048, 19.606495, 0.0 ], [ 73.1312562, 19.6071537, 0.0 ], [ 73.1312289, 19.6074984, 0.0 ], [ 73.1309814, 19.6079754, 0.0 ], [ 73.1307686, 19.608292, 0.0 ], [ 73.1306427, 19.6084568, 0.0 ], [ 73.1304082, 19.6085566, 0.0 ], [ 73.1302692, 19.6085826, 0.0 ], [ 73.130126, 19.6085479, 0.0 ], [ 73.1299609, 19.6084612, 0.0 ], [ 73.1297829, 19.6081576, 0.0 ], [ 73.1294435, 19.6080063, 0.0 ], [ 73.1289469, 19.6079677, 0.0 ], [ 73.1288531, 19.6079181, 0.0 ], [ 73.1287538, 19.6078134, 0.0 ], [ 73.1285718, 19.6076096, 0.0 ], [ 73.1284449, 19.6073726, 0.0 ], [ 73.1283125, 19.6071191, 0.0 ], [ 73.1282849, 19.6070585, 0.0 ], [ 73.1282242, 19.6070255, 0.0 ], [ 73.1281194, 19.6070365, 0.0 ], [ 73.1279263, 19.6070806, 0.0 ], [ 73.1276835, 19.6071632, 0.0 ], [ 73.1270178, 19.6074363, 0.0 ], [ 73.1266932, 19.6075248, 0.0 ], [ 73.1264031, 19.6075297, 0.0 ], [ 73.1262063, 19.6074658, 0.0 ], [ 73.1258719, 19.6072988, 0.0 ], [ 73.1255424, 19.6071367, 0.0 ], [ 73.125267, 19.607122, 0.0 ], [ 73.1249768, 19.607235, 0.0 ], [ 73.1246031, 19.6074707, 0.0 ], [ 73.1243697, 19.607772, 0.0 ], [ 73.1242173, 19.6079881, 0.0 ], [ 73.1241681, 19.6080864, 0.0 ], [ 73.1239123, 19.6082141, 0.0 ], [ 73.1234353, 19.6084253, 0.0 ], [ 73.1230173, 19.6084597, 0.0 ], [ 73.1227271, 19.6084646, 0.0 ], [ 73.122437, 19.6084793, 0.0 ], [ 73.122255, 19.6085285, 0.0 ], [ 73.1220779, 19.6085432, 0.0 ], [ 73.1219353, 19.6085923, 0.0 ], [ 73.1218615, 19.6085874, 0.0 ], [ 73.1218419, 19.6085137, 0.0 ], [ 73.121837, 19.6083516, 0.0 ], [ 73.1218714, 19.6081846, 0.0 ], [ 73.122053, 19.6077255, 0.0 ], [ 73.1220039, 19.607475, 0.0 ], [ 73.1219006, 19.6072884, 0.0 ], [ 73.1217432, 19.6071607, 0.0 ], [ 73.1213006, 19.6071165, 0.0 ], [ 73.1210252, 19.6071165, 0.0 ], [ 73.1207252, 19.6071901, 0.0 ], [ 73.1205039, 19.6073277, 0.0 ], [ 73.1203465, 19.6074996, 0.0 ], [ 73.1199251, 19.6083261, 0.0 ], [ 73.1196251, 19.6085258, 0.0 ], [ 73.1193065, 19.6087068, 0.0 ], [ 73.1189065, 19.6087255, 0.0 ], [ 73.1186191, 19.6087879, 0.0 ], [ 73.1179929, 19.6090802, 0.0 ], [ 73.1172743, 19.609375, 0.0 ], [ 73.1169401, 19.6093639, 0.0 ], [ 73.1167786, 19.6092304, 0.0 ], [ 73.1165836, 19.6090412, 0.0 ], [ 73.1164778, 19.6088465, 0.0 ], [ 73.1162996, 19.6088243, 0.0 ], [ 73.1161993, 19.6088298, 0.0 ], [ 73.1161715, 19.6089355, 0.0 ], [ 73.1161603, 19.6092026, 0.0 ], [ 73.1162439, 19.6095475, 0.0 ], [ 73.1164778, 19.6103188, 0.0 ], [ 73.1165112, 19.6106582, 0.0 ], [ 73.1164333, 19.6108362, 0.0 ], [ 73.116372, 19.6109141, 0.0 ], [ 73.1161046, 19.6110031, 0.0 ], [ 73.1158651, 19.6110309, 0.0 ], [ 73.1155309, 19.6110309, 0.0 ], [ 73.1154529, 19.6110587, 0.0 ], [ 73.1153192, 19.6113313, 0.0 ], [ 73.115219, 19.6115372, 0.0 ], [ 73.114985, 19.6116095, 0.0 ], [ 73.1145878, 19.6117015, 0.0 ], [ 73.1136828, 19.6118838, 0.0 ], [ 73.1128095, 19.6119393, 0.0 ], [ 73.1122458, 19.6121851, 0.0 ], [ 73.1120315, 19.6123279, 0.0 ], [ 73.1118251, 19.612534, 0.0 ], [ 73.1116425, 19.6128908, 0.0 ], [ 73.1115949, 19.6132397, 0.0 ], [ 73.1115234, 19.6133507, 0.0 ], [ 73.1113885, 19.61343, 0.0 ], [ 73.1113011, 19.61343, 0.0 ], [ 73.1109677, 19.6135728, 0.0 ], [ 73.1107692, 19.6137313, 0.0 ], [ 73.1103802, 19.6139534, 0.0 ], [ 73.1100468, 19.6140089, 0.0 ], [ 73.1099118, 19.6139534, 0.0 ], [ 73.1098801, 19.6138265, 0.0 ], [ 73.1099198, 19.61366, 0.0 ], [ 73.1100388, 19.613438, 0.0 ], [ 73.1101817, 19.613097, 0.0 ], [ 73.1101976, 19.6127243, 0.0 ], [ 73.1100282, 19.6124, 0.0 ], [ 73.1098515, 19.6121606, 0.0 ], [ 73.1097885, 19.6120912, 0.0 ], [ 73.1095992, 19.612066, 0.0 ], [ 73.1092081, 19.6120976, 0.0 ], [ 73.1085457, 19.612148, 0.0 ], [ 73.1077886, 19.6119715, 0.0 ], [ 73.1074227, 19.6118329, 0.0 ], [ 73.1069118, 19.6117069, 0.0 ], [ 73.1063745, 19.6117109, 0.0 ], [ 73.1062785, 19.612014, 0.0 ], [ 73.1062482, 19.6123164, 0.0 ], [ 73.105819, 19.6128323, 0.0 ], [ 73.1053872, 19.6134435, 0.0 ], [ 73.1050273, 19.6142705, 0.0 ], [ 73.1047754, 19.6148458, 0.0 ], [ 73.1045595, 19.6157806, 0.0 ], [ 73.1042356, 19.6164278, 0.0 ], [ 73.1037678, 19.6172548, 0.0 ], [ 73.1031201, 19.6180458, 0.0 ], [ 73.1026883, 19.6184772, 0.0 ], [ 73.1020765, 19.6185132, 0.0 ], [ 73.1015367, 19.6183334, 0.0 ], [ 73.1010329, 19.6182975, 0.0 ], [ 73.1004212, 19.6183334, 0.0 ], [ 73.0995025, 19.6185737, 0.0 ] ] } },
{ "type": "Feature", "properties": { "objectid": 6783, "rivname": "Dongari N", "rilcode": null, "st_length_": 10.1072, "bacode": 14, "ba_name": "West flowing rivers from Tapi to Tadri", "sub_basin": "Bhatsol and others", "remarks": null }, "geometry": { "type": "LineString", "coordinates": [ [ 73.1810214, 19.6071899, 0.0 ], [ 73.1814222, 19.6069578, 0.0 ], [ 73.1816352, 19.6068171, 0.0 ], [ 73.1819137, 19.6065059, 0.0 ], [ 73.1822401, 19.6061819, 0.0 ], [ 73.1824022, 19.6059635, 0.0 ], [ 73.18252, 19.6058074, 0.0 ], [ 73.1826918, 19.6053494, 0.0 ], [ 73.1827783, 19.6050934, 0.0 ], [ 73.1827698, 19.6048128, 0.0 ], [ 73.1827619, 19.6045097, 0.0 ], [ 73.1826989, 19.6041016, 0.0 ], [ 73.1826833, 19.603934, 0.0 ], [ 73.1825813, 19.6037964, 0.0 ], [ 73.1825056, 19.6035373, 0.0 ], [ 73.1823463, 19.6031726, 0.0 ], [ 73.1822986, 19.6029456, 0.0 ], [ 73.1822535, 19.6028181, 0.0 ], [ 73.1821277, 19.6024495, 0.0 ], [ 73.182116, 19.6023227, 0.0 ], [ 73.1820277, 19.6022125, 0.0 ], [ 73.1818035, 19.6017516, 0.0 ], [ 73.18175, 19.6015742, 0.0 ], [ 73.1816445, 19.6013733, 0.0 ], [ 73.1814001, 19.6009707, 0.0 ], [ 73.1812805, 19.600756, 0.0 ], [ 73.1811228, 19.6005405, 0.0 ], [ 73.1809915, 19.600208, 0.0 ], [ 73.1809135, 19.6000572, 0.0 ], [ 73.1808316, 19.5998703, 0.0 ], [ 73.1807302, 19.5994705, 0.0 ], [ 73.1807853, 19.5991189, 0.0 ], [ 73.1808629, 19.5988355, 0.0 ], [ 73.1809051, 19.5986373, 0.0 ], [ 73.1809545, 19.5985613, 0.0 ], [ 73.1810298, 19.5983865, 0.0 ], [ 73.1811287, 19.5982165, 0.0 ], [ 73.1811629, 19.5981764, 0.0 ], [ 73.1811624, 19.597973, 0.0 ], [ 73.1811748, 19.5978375, 0.0 ], [ 73.1811634, 19.5977062, 0.0 ], [ 73.1811226, 19.5976014, 0.0 ], [ 73.1810398, 19.5974551, 0.0 ], [ 73.1808303, 19.597207, 0.0 ], [ 73.1807279, 19.5970831, 0.0 ], [ 73.1805561, 19.5968582, 0.0 ], [ 73.1804961, 19.5967622, 0.0 ], [ 73.1802966, 19.5964916, 0.0 ], [ 73.1802551, 19.596423, 0.0 ], [ 73.1801631, 19.5962585, 0.0 ], [ 73.1801031, 19.5961669, 0.0 ], [ 73.1800714, 19.5960804, 0.0 ], [ 73.1799581, 19.5957979, 0.0 ], [ 73.1801123, 19.594822, 0.0 ], [ 73.1802527, 19.594702, 0.0 ], [ 73.1804689, 19.5946726, 0.0 ], [ 73.1806261, 19.5946235, 0.0 ], [ 73.1808521, 19.5944468, 0.0 ], [ 73.1808914, 19.5942111, 0.0 ], [ 73.1806949, 19.5939853, 0.0 ], [ 73.1803903, 19.5937792, 0.0 ], [ 73.1802625, 19.5935926, 0.0 ], [ 73.1802723, 19.5932785, 0.0 ], [ 73.180448, 19.5919823, 0.0 ], [ 73.1803977, 19.5912541, 0.0 ], [ 73.1801753, 19.5900085, 0.0 ], [ 73.1801715, 19.5895466, 0.0 ], [ 73.1804229, 19.5890946, 0.0 ], [ 73.1806239, 19.5885924, 0.0 ], [ 73.1807998, 19.5879898, 0.0 ], [ 73.1807496, 19.5875378, 0.0 ], [ 73.1803475, 19.5874625, 0.0 ], [ 73.1796941, 19.5874374, 0.0 ], [ 73.1791663, 19.5869603, 0.0 ], [ 73.1788899, 19.5866339, 0.0 ], [ 73.1781862, 19.5861317, 0.0 ], [ 73.1771764, 19.5853444, 0.0 ], [ 73.1762466, 19.5849427, 0.0 ], [ 73.1758948, 19.5843149, 0.0 ], [ 73.1755681, 19.5836872, 0.0 ], [ 73.1754927, 19.5826828, 0.0 ], [ 73.1755173, 19.5798304, 0.0 ], [ 73.1755676, 19.5792277, 0.0 ], [ 73.1755927, 19.5781982, 0.0 ], [ 73.1755424, 19.5770683, 0.0 ], [ 73.1752157, 19.5756119, 0.0 ], [ 73.1747634, 19.5750595, 0.0 ], [ 73.1745121, 19.5745322, 0.0 ], [ 73.1745372, 19.5736785, 0.0 ], [ 73.1743864, 19.5725988, 0.0 ], [ 73.1743453, 19.5720718, 0.0 ], [ 73.1741159, 19.5718426, 0.0 ], [ 73.1736042, 19.5718602, 0.0 ], [ 73.1732689, 19.5718955, 0.0 ], [ 73.1731145, 19.5718534, 0.0 ], [ 73.1730747, 19.5718426, 0.0 ], [ 73.1730605, 19.5717213, 0.0 ], [ 73.1730395, 19.5715429, 0.0 ], [ 73.1732159, 19.5714018, 0.0 ], [ 73.173463, 19.5712078, 0.0 ], [ 73.1735512, 19.5708728, 0.0 ], [ 73.1734806, 19.5705026, 0.0 ], [ 73.173463, 19.5701852, 0.0 ], [ 73.173763, 19.569762, 0.0 ], [ 73.1744336, 19.5696033, 0.0 ], [ 73.1746544, 19.569493, 0.0 ], [ 73.1749277, 19.5693565, 0.0 ], [ 73.1755806, 19.5691449, 0.0 ], [ 73.1762159, 19.5690743, 0.0 ], [ 73.1769218, 19.5691449, 0.0 ], [ 73.1774512, 19.5693917, 0.0 ], [ 73.1782683, 19.5698299, 0.0 ], [ 73.1787977, 19.5700062, 0.0 ], [ 73.1793977, 19.5699357, 0.0 ], [ 73.17998, 19.5696183, 0.0 ], [ 73.1805095, 19.5693714, 0.0 ], [ 73.1810918, 19.5693538, 0.0 ], [ 73.1813212, 19.5694067, 0.0 ], [ 73.1821375, 19.5701643, 0.0 ], [ 73.1825231, 19.5702131, 0.0 ], [ 73.1829469, 19.5702481, 0.0 ], [ 73.1832714, 19.5702407, 0.0 ], [ 73.1836004, 19.5702469, 0.0 ], [ 73.1837967, 19.5702145, 0.0 ], [ 73.1839311, 19.5701763, 0.0 ], [ 73.1840663, 19.5700974, 0.0 ], [ 73.1841786, 19.569973, 0.0 ], [ 73.1843799, 19.5697055, 0.0 ], [ 73.1844554, 19.569517, 0.0 ], [ 73.1845698, 19.5692931, 0.0 ], [ 73.1846136, 19.5690226, 0.0 ], [ 73.1846265, 19.5688646, 0.0 ], [ 73.1846451, 19.5686614, 0.0 ], [ 73.1847262, 19.5684323, 0.0 ], [ 73.1848076, 19.5681897, 0.0 ], [ 73.1848792, 19.5679605, 0.0 ], [ 73.1850285, 19.5676603, 0.0 ], [ 73.1852253, 19.5673791, 0.0 ], [ 73.185425, 19.5671839, 0.0 ], [ 73.1857483, 19.5667831, 0.0 ], [ 73.185992, 19.5665299, 0.0 ], [ 73.1862783, 19.5663003, 0.0 ], [ 73.1864774, 19.5661322, 0.0 ], [ 73.1866674, 19.5659458, 0.0 ], [ 73.1867994, 19.5657946, 0.0 ], [ 73.1869038, 19.5655931, 0.0 ], [ 73.1869861, 19.5653007, 0.0 ], [ 73.1870311, 19.564976, 0.0 ], [ 73.1870747, 19.5647191, 0.0 ], [ 73.1871522, 19.5644312, 0.0 ], [ 73.1871817, 19.5642213, 0.0 ], [ 73.1871809, 19.5642056, 0.0 ], [ 73.1872384, 19.5639625, 0.0 ], [ 73.1873109, 19.5636926, 0.0 ], [ 73.1873444, 19.5634581, 0.0 ], [ 73.1874577, 19.5630578, 0.0 ], [ 73.187574, 19.562748, 0.0 ], [ 73.1877583, 19.5623761, 0.0 ], [ 73.1879063, 19.5621393, 0.0 ], [ 73.1880435, 19.56197, 0.0 ], [ 73.188275, 19.5618478, 0.0 ], [ 73.1885622, 19.5617944, 0.0 ], [ 73.1888721, 19.5618048, 0.0 ], [ 73.1897843, 19.5619802, 0.0 ], [ 73.1902619, 19.5621791, 0.0 ], [ 73.1904187, 19.5622138, 0.0 ], [ 73.1906039, 19.5622534, 0.0 ], [ 73.1908075, 19.5623206, 0.0 ], [ 73.191309, 19.5625199, 0.0 ], [ 73.1915229, 19.5625556, 0.0 ], [ 73.1918174, 19.5626153, 0.0 ], [ 73.19243, 19.5627444, 0.0 ], [ 73.1928292, 19.5628153, 0.0 ], [ 73.1929481, 19.5628356, 0.0 ], [ 73.1934549, 19.5630079, 0.0 ], [ 73.1938386, 19.5631372, 0.0 ], [ 73.1942036, 19.5632436, 0.0 ], [ 73.1944991, 19.5632581, 0.0 ], [ 73.1947804, 19.5632634, 0.0 ], [ 73.1953339, 19.5632557, 0.0 ], [ 73.1956545, 19.5632075, 0.0 ], [ 73.1960491, 19.5630431, 0.0 ], [ 73.1962482, 19.562875, 0.0 ], [ 73.1967271, 19.5623279, 0.0 ], [ 73.19721, 19.5615908, 0.0 ], [ 73.1974037, 19.5612237, 0.0 ], [ 73.1975131, 19.5610087, 0.0 ], [ 73.1976311, 19.5608436, 0.0 ], [ 73.1978922, 19.5606722, 0.0 ], [ 73.1982665, 19.5605707, 0.0 ], [ 73.1986522, 19.5606005, 0.0 ], [ 73.1993557, 19.5607223, 0.0 ], [ 73.1996563, 19.5607143, 0.0 ], [ 73.2000478, 19.5606946, 0.0 ], [ 73.2002587, 19.5606488, 0.0 ], [ 73.2003457, 19.5605962, 0.0 ], [ 73.2004159, 19.5605341, 0.0 ], [ 73.200506, 19.5604545, 0.0 ], [ 73.2005717, 19.5602794, 0.0 ], [ 73.2006213, 19.5599593, 0.0 ], [ 73.2006133, 19.5596749, 0.0 ], [ 73.2006131, 19.5596697, 0.0 ], [ 73.2006271, 19.5594529, 0.0 ], [ 73.2006349, 19.5593083, 0.0 ], [ 73.2007011, 19.5591061, 0.0 ], [ 73.2007672, 19.5589085, 0.0 ], [ 73.2008297, 19.5584348, 0.0 ], [ 73.2007376, 19.5582748, 0.0 ], [ 73.2005177, 19.5580672, 0.0 ], [ 73.2001809, 19.557975, 0.0 ], [ 73.1995018, 19.5578357, 0.0 ], [ 73.1990937, 19.5577376, 0.0 ], [ 73.1987672, 19.5576094, 0.0 ], [ 73.1985283, 19.5574014, 0.0 ], [ 73.1982953, 19.5571347, 0.0 ], [ 73.1981243, 19.5568738, 0.0 ], [ 73.1981006, 19.5568143, 0.0 ], [ 73.197993, 19.5560571, 0.0 ], [ 73.1981859, 19.5551545, 0.0 ], [ 73.1984071, 19.5545767, 0.0 ], [ 73.1985013, 19.5537886, 0.0 ] ] } },
{ "type": "Feature", "properties": { "objectid": 6911, "rivname": "Dudh R", "rilcode": null, "st_length_": 25.7994, "bacode": 14, "ba_name": "West flowing rivers from Tapi to Tadri", "sub_basin": "Bhatsol and others", "remarks": null }, "geometry": { "type": "LineString", "coordinates": [ [ 72.8156677, 19.6935079, 0.0 ], [ 72.8158009, 19.6937368, 0.0 ], [ 72.8158462, 19.6938418, 0.0 ], [ 72.8158867, 19.6941501, 0.0 ], [ 72.8159833, 19.6945183, 0.0 ], [ 72.8160041, 19.6946499, 0.0 ], [ 72.8160533, 19.6947911, 0.0 ], [ 72.8160679, 19.6949858, 0.0 ], [ 72.8161111, 19.6951857, 0.0 ], [ 72.8161647, 19.6953405, 0.0 ], [ 72.8161826, 19.6955986, 0.0 ], [ 72.8162588, 19.6958128, 0.0 ], [ 72.8162655, 19.6959349, 0.0 ], [ 72.8162971, 19.696017, 0.0 ], [ 72.8163185, 19.6961214, 0.0 ], [ 72.8163922, 19.6964395, 0.0 ], [ 72.816434, 19.6967026, 0.0 ], [ 72.8164829, 19.6968528, 0.0 ], [ 72.8164867, 19.6971061, 0.0 ], [ 72.8165685, 19.6976956, 0.0 ], [ 72.8165541, 19.6979034, 0.0 ], [ 72.8165987, 19.6982479, 0.0 ], [ 72.8165971, 19.6984305, 0.0 ] ] } },
{ "type": "Feature", "properties": { "objectid": 7540, "rivname": "Galoba N", "rilcode": null, "st_length_": 9.29523, "bacode": 14, "ba_name": "West flowing rivers from Tapi to Tadri", "sub_basin": "Bhatsol and others", "remarks": null }, "geometry": { "type": "LineString", "coordinates": [ [ 73.2019947, 19.603619, 0.0 ], [ 73.201943, 19.6035773, 0.0 ], [ 73.2017589, 19.6032528, 0.0 ], [ 73.2016858, 19.6030977, 0.0 ], [ 73.201407, 19.6025137, 0.0 ], [ 73.2012784, 19.6022762, 0.0 ], [ 73.2010533, 19.6018605, 0.0 ], [ 73.2009626, 19.6016327, 0.0 ], [ 73.2008866, 19.6013871, 0.0 ], [ 73.2008874, 19.6011203, 0.0 ], [ 73.2008766, 19.6007267, 0.0 ], [ 73.2009096, 19.6005148, 0.0 ], [ 73.2010101, 19.6002726, 0.0 ], [ 73.2011725, 19.600036, 0.0 ], [ 73.2012716, 19.5998614, 0.0 ], [ 73.2013521, 19.5996595, 0.0 ], [ 73.2014037, 19.5994751, 0.0 ], [ 73.2014339, 19.5991682, 0.0 ], [ 73.2014576, 19.5989471, 0.0 ], [ 73.2015423, 19.5987769, 0.0 ], [ 73.2016495, 19.5986703, 0.0 ], [ 73.2018238, 19.5985471, 0.0 ], [ 73.2022039, 19.5983959, 0.0 ], [ 73.2026798, 19.598224, 0.0 ], [ 73.2029453, 19.5980752, 0.0 ], [ 73.2031345, 19.5979295, 0.0 ], [ 73.2032228, 19.5978137, 0.0 ], [ 73.2032526, 19.5977554, 0.0 ], [ 73.2036777, 19.5977317, 0.0 ], [ 73.2041166, 19.5977399, 0.0 ], [ 73.204336, 19.5977396, 0.0 ], [ 73.2046433, 19.5976413, 0.0 ], [ 73.204951, 19.5975295, 0.0 ], [ 73.2051621, 19.5974747, 0.0 ], [ 73.2054057, 19.5974612, 0.0 ], [ 73.2056875, 19.5974483, 0.0 ], [ 73.2058659, 19.5973612, 0.0 ], [ 73.2062483, 19.5970926, 0.0 ], [ 73.2067517, 19.5967493, 0.0 ], [ 73.2070882, 19.596629, 0.0 ], [ 73.2072846, 19.596592, 0.0 ], [ 73.2074581, 19.5965094, 0.0 ], [ 73.2077837, 19.5964567, 0.0 ], [ 73.2080618, 19.5963895, 0.0 ], [ 73.2085225, 19.5962625, 0.0 ], [ 73.209053, 19.5959876, 0.0 ], [ 73.2094275, 19.5956419, 0.0 ], [ 73.2096536, 19.5953251, 0.0 ], [ 73.2097527, 19.5951506, 0.0 ], [ 73.2098711, 19.594963, 0.0 ], [ 73.210003, 19.5945856, 0.0 ], [ 73.2101027, 19.5943839, 0.0 ], [ 73.2102165, 19.5939565, 0.0 ], [ 73.2103445, 19.5935339, 0.0 ], [ 73.2104409, 19.5932599, 0.0 ], [ 73.2106135, 19.5929919, 0.0 ], [ 73.2107416, 19.5927998, 0.0 ], [ 73.2110143, 19.592303, 0.0 ], [ 73.2110847, 19.5921325, 0.0 ], [ 73.2111588, 19.5917812, 0.0 ], [ 73.2111925, 19.5915332, 0.0 ], [ 73.2112491, 19.5913398, 0.0 ], [ 73.2113325, 19.5912283, 0.0 ], [ 73.2115133, 19.5910237, 0.0 ], [ 73.2119401, 19.590688, 0.0 ], [ 73.2121766, 19.5905568, 0.0 ], [ 73.2125535, 19.5903241, 0.0 ], [ 73.2127954, 19.5901659, 0.0 ], [ 73.2128148, 19.5901527, 0.0 ], [ 73.2131319, 19.5900456, 0.0 ], [ 73.2135847, 19.5900676, 0.0 ], [ 73.2139042, 19.5900691, 0.0 ], [ 73.2143364, 19.589937, 0.0 ], [ 73.2145354, 19.5897734, 0.0 ], [ 73.2147944, 19.5894798, 0.0 ], [ 73.2151466, 19.589292, 0.0 ], [ 73.2154303, 19.5891842, 0.0 ], [ 73.2157272, 19.589131, 0.0 ], [ 73.2158951, 19.5890889, 0.0 ], [ 73.2161988, 19.5889319, 0.0 ], [ 73.216701, 19.5886473, 0.0 ], [ 73.2169966, 19.5884267, 0.0 ], [ 73.2172287, 19.5882773, 0.0 ], [ 73.2176369, 19.5881493, 0.0 ], [ 73.2181113, 19.5880497, 0.0 ], [ 73.2185973, 19.5878507, 0.0 ], [ 73.2189401, 19.5876537, 0.0 ], [ 73.2190857, 19.5875343, 0.0 ], [ 73.2192271, 19.5873878, 0.0 ], [ 73.2193108, 19.5872581, 0.0 ], [ 73.2195735, 19.5870189, 0.0 ], [ 73.2197717, 19.5868915, 0.0 ], [ 73.2198776, 19.5868482, 0.0 ], [ 73.2199635, 19.5868453, 0.0 ], [ 73.2200815, 19.5869063, 0.0 ], [ 73.2204111, 19.5871159, 0.0 ], [ 73.2208297, 19.5874086, 0.0 ], [ 73.2210992, 19.5875221, 0.0 ], [ 73.2213424, 19.5875267, 0.0 ], [ 73.2216009, 19.5874863, 0.0 ], [ 73.2219887, 19.5874212, 0.0 ], [ 73.2221472, 19.5873699, 0.0 ], [ 73.2223694, 19.5872384, 0.0 ], [ 73.2225057, 19.5871053, 0.0 ], [ 73.2227295, 19.5868969, 0.0 ], [ 73.2228521, 19.5867409, 0.0 ], [ 73.2229942, 19.5865582, 0.0 ], [ 73.2230272, 19.5863463, 0.0 ], [ 73.2230692, 19.5861617, 0.0 ], [ 73.2230934, 19.5859135, 0.0 ], [ 73.223058, 19.5855511, 0.0 ], [ 73.2230259, 19.585261, 0.0 ], [ 73.2229764, 19.5848894, 0.0 ], [ 73.2229678, 19.5846134, 0.0 ], [ 73.2229379, 19.5839843, 0.0 ], [ 73.2228724, 19.5836892, 0.0 ], [ 73.2228227, 19.5835572, 0.0 ], [ 73.2227259, 19.583397, 0.0 ], [ 73.2226804, 19.5832877, 0.0 ], [ 73.2225222, 19.5830948, 0.0 ], [ 73.2223433, 19.5827524, 0.0 ], [ 73.22227, 19.5826063, 0.0 ], [ 73.2222617, 19.5825429, 0.0 ], [ 73.2222873, 19.582462, 0.0 ], [ 73.2224421, 19.5823564, 0.0 ], [ 73.2228491, 19.5822825, 0.0 ], [ 73.2229842, 19.5822127, 0.0 ], [ 73.2230764, 19.5821376, 0.0 ], [ 73.2231501, 19.5820305, 0.0 ], [ 73.2231539, 19.5818542, 0.0 ], [ 73.2231289, 19.5814422, 0.0 ], [ 73.2230707, 19.5812648, 0.0 ], [ 73.2230376, 19.5810155, 0.0 ], [ 73.2229665, 19.58077, 0.0 ], [ 73.2228336, 19.5805052, 0.0 ], [ 73.2223311, 19.5803512, 0.0 ], [ 73.2217974, 19.5800881, 0.0 ], [ 73.2213524, 19.5799259, 0.0 ], [ 73.2213385, 19.5799031, 0.0 ], [ 73.2212275, 19.5797337, 0.0 ], [ 73.2202527, 19.5786403, 0.0 ], [ 73.2200231, 19.5784678, 0.0 ], [ 73.2195489, 19.5780972, 0.0 ], [ 73.2189373, 19.5774573, 0.0 ], [ 73.2188063, 19.5771067, 0.0 ], [ 73.2188049, 19.5767133, 0.0 ], [ 73.2188401, 19.5763974, 0.0 ], [ 73.2190429, 19.5760486, 0.0 ], [ 73.2193107, 19.5757868, 0.0 ], [ 73.2194084, 19.5756755, 0.0 ], [ 73.2194451, 19.575518, 0.0 ], [ 73.2194042, 19.5754222, 0.0 ], [ 73.2193257, 19.5752987, 0.0 ], [ 73.2191435, 19.5751053, 0.0 ], [ 73.2186266, 19.574734, 0.0 ], [ 73.2178013, 19.5742709, 0.0 ], [ 73.2166006, 19.573516, 0.0 ], [ 73.2163847, 19.5733447, 0.0 ], [ 73.2162772, 19.5732387, 0.0 ], [ 73.2162037, 19.5731061, 0.0 ], [ 73.2163028, 19.5726965, 0.0 ], [ 73.2163448, 19.5722813, 0.0 ], [ 73.216327, 19.5719916, 0.0 ], [ 73.2162501, 19.5717867, 0.0 ], [ 73.2157969, 19.5713306, 0.0 ], [ 73.2155451, 19.5710501, 0.0 ], [ 73.2153594, 19.5708024, 0.0 ], [ 73.2152458, 19.5705335, 0.0 ], [ 73.2151972, 19.5703472, 0.0 ], [ 73.2152058, 19.5701665, 0.0 ], [ 73.2152767, 19.5699643, 0.0 ], [ 73.2155176, 19.5696253, 0.0 ], [ 73.2159158, 19.5692845, 0.0 ], [ 73.2161003, 19.5691296, 0.0 ], [ 73.216258, 19.568884, 0.0 ], [ 73.2163496, 19.5686053, 0.0 ], [ 73.216388, 19.5683709, 0.0 ], [ 73.2163801, 19.5678281, 0.0 ], [ 73.2164098, 19.5675484, 0.0 ], [ 73.2164479, 19.5673275, 0.0 ], [ 73.2164996, 19.5671296, 0.0 ], [ 73.2165452, 19.5669993, 0.0 ], [ 73.2165369, 19.5669403, 0.0 ], [ 73.21653, 19.5669272, 0.0 ], [ 73.21653, 19.5669271, 0.0 ], [ 73.2165232, 19.5669129, 0.0 ], [ 73.2163249, 19.5668143, 0.0 ], [ 73.2158821, 19.5667743, 0.0 ], [ 73.2150324, 19.5665776, 0.0 ], [ 73.2146485, 19.5664574, 0.0 ], [ 73.214431, 19.5663584, 0.0 ], [ 73.214279, 19.5662667, 0.0 ], [ 73.2140201, 19.5659347, 0.0 ], [ 73.2139101, 19.5657156, 0.0 ], [ 73.2136294, 19.5654571, 0.0 ], [ 73.2132525, 19.5652285, 0.0 ], [ 73.2127378, 19.5649747, 0.0 ], [ 73.212321, 19.5648312, 0.0 ], [ 73.2120848, 19.5647228, 0.0 ], [ 73.2119383, 19.5646523, 0.0 ], [ 73.2118683, 19.5645786, 0.0 ], [ 73.2117998, 19.5644372, 0.0 ], [ 73.2118075, 19.564361, 0.0 ], [ 73.2118075, 19.5643606, 0.0 ], [ 73.2118078, 19.5643575, 0.0 ], [ 73.2118124, 19.5642882, 0.0 ], [ 73.2119013, 19.5641407, 0.0 ], [ 73.2123206, 19.563936, 0.0 ], [ 73.2131703, 19.563676, 0.0 ], [ 73.2133722, 19.5635984, 0.0 ], [ 73.213493, 19.5635283, 0.0 ], [ 73.2136047, 19.5634355, 0.0 ], [ 73.2136549, 19.5633098, 0.0 ], [ 73.2136768, 19.5631746, 0.0 ], [ 73.2135943, 19.5630148, 0.0 ], [ 73.2135117, 19.5628595, 0.0 ], [ 73.2132667, 19.5627147, 0.0 ], [ 73.2128445, 19.5625983, 0.0 ], [ 73.2122774, 19.5625742, 0.0 ], [ 73.2117485, 19.5625462, 0.0 ], [ 73.2114064, 19.562481, 0.0 ], [ 73.2112359, 19.5624236, 0.0 ], [ 73.2111225, 19.5623672, 0.0 ], [ 73.2110283, 19.5623111, 0.0 ], [ 73.2109208, 19.5622051, 0.0 ], [ 73.2109137, 19.5620874, 0.0 ], [ 73.2108741, 19.5619285, 0.0 ], [ 73.2108755, 19.56163, 0.0 ], [ 73.2108893, 19.5614268, 0.0 ], [ 73.2108847, 19.5611916, 0.0 ], [ 73.2108069, 19.5610318, 0.0 ], [ 73.2107094, 19.5609034, 0.0 ], [ 73.2105359, 19.56076, 0.0 ], [ 73.2101422, 19.5606531, 0.0 ], [ 73.2098392, 19.5605435, 0.0 ], [ 73.2096041, 19.5603854, 0.0 ], [ 73.209216, 19.5600073, 0.0 ], [ 73.2090858, 19.5598421, 0.0 ], [ 73.2089318, 19.5596809, 0.0 ], [ 73.2088533, 19.5595529, 0.0 ], [ 73.2087462, 19.5594288, 0.0 ], [ 73.2086295, 19.559309, 0.0 ], [ 73.2083416, 19.5591635, 0.0 ], [ 73.2081674, 19.5590517, 0.0 ], [ 73.2078372, 19.5588737, 0.0 ], [ 73.2075939, 19.5586476, 0.0 ], [ 73.2075724, 19.5585644, 0.0 ], [ 73.2075036, 19.5583188, 0.0 ], [ 73.2075036, 19.5580246, 0.0 ], [ 73.2073151, 19.5577893, 0.0 ], [ 73.2068792, 19.5575186, 0.0 ], [ 73.2066553, 19.5572833, 0.0 ], [ 73.2066906, 19.5564713, 0.0 ], [ 73.2069068, 19.5561212, 0.0 ], [ 73.2071704, 19.5558107, 0.0 ], [ 73.2071942, 19.5557826, 0.0 ], [ 73.2073048, 19.5555545, 0.0 ], [ 73.2073195, 19.5553999, 0.0 ], [ 73.2071647, 19.5551349, 0.0 ], [ 73.2067373, 19.5550319, 0.0 ], [ 73.2042155, 19.5549533, 0.0 ] ] } },
{ "type": "Feature", "properties": { "objectid": 7831, "rivname": "Gargai N", "rilcode": null, "st_length_": 17.4892, "bacode": 14, "ba_name": "West flowing rivers from Tapi to Tadri", "sub_basin": "Bhatsol and others", "remarks": null }, "geometry": { "type": "LineString", "coordinates": [ [ 73.2655478, 19.7107652, 0.0 ], [ 73.265337, 19.7109624, 0.0 ], [ 73.2642135, 19.7126409, 0.0 ], [ 73.2636264, 19.7135181, 0.0 ], [ 73.2623588, 19.7164019, 0.0 ], [ 73.2619113, 19.7170487, 0.0 ], [ 73.2614841, 19.717666, 0.0 ], [ 73.2599718, 19.719985, 0.0 ], [ 73.2596505, 19.7204319, 0.0 ], [ 73.2596071, 19.7204566, 0.0 ], [ 73.2591571, 19.7207127, 0.0 ], [ 73.2585031, 19.720833, 0.0 ], [ 73.2579236, 19.7207585, 0.0 ], [ 73.2571027, 19.7203796, 0.0 ], [ 73.2563806, 19.7199972, 0.0 ], [ 73.2562105, 19.719907, 0.0 ], [ 73.2554106, 19.7198744, 0.0 ], [ 73.2532095, 19.7197845, 0.0 ], [ 73.2518482, 19.7195274, 0.0 ], [ 73.249607, 19.7194812, 0.0 ], [ 73.2489495, 19.7196292, 0.0 ], [ 73.2485512, 19.7198049, 0.0 ], [ 73.2484123, 19.7201472, 0.0 ], [ 73.2484388, 19.7204039, 0.0 ], [ 73.2485644, 19.7216222, 0.0 ], [ 73.2485788, 19.7217624, 0.0 ], [ 73.2486239, 19.7226111, 0.0 ], [ 73.2486803, 19.723675, 0.0 ], [ 73.2482341, 19.7253078, 0.0 ], [ 73.248231, 19.7253192, 0.0 ], [ 73.2479219, 19.7258925, 0.0 ], [ 73.2469933, 19.7268656, 0.0 ], [ 73.2442825, 19.7282858, 0.0 ], [ 73.2433332, 19.7288738, 0.0 ], [ 73.2427518, 19.7290061, 0.0 ], [ 73.2423397, 19.7289179, 0.0 ], [ 73.241606, 19.7282945, 0.0 ], [ 73.2409662, 19.7277392, 0.0 ], [ 73.2406515, 19.7276868, 0.0 ], [ 73.2401061, 19.7279278, 0.0 ], [ 73.2384854, 19.7289455, 0.0 ], [ 73.2377721, 19.7292388, 0.0 ], [ 73.2376086, 19.7292506, 0.0 ], [ 73.2366078, 19.7293226, 0.0 ], [ 73.2359245, 19.7292825, 0.0 ], [ 73.235003, 19.7292283, 0.0 ], [ 73.2346149, 19.7290188, 0.0 ], [ 73.2342688, 19.7286102, 0.0 ], [ 73.2339017, 19.7278978, 0.0 ], [ 73.233608, 19.7269759, 0.0 ], [ 73.2326914, 19.7260062, 0.0 ], [ 73.2323925, 19.7259243, 0.0 ], [ 73.2322729, 19.7258915, 0.0 ], [ 73.2318011, 19.725912, 0.0 ], [ 73.2308427, 19.7262955, 0.0 ], [ 73.2307945, 19.7263147, 0.0 ], [ 73.2298937, 19.7267153, 0.0 ], [ 73.2286456, 19.7273669, 0.0 ], [ 73.2276694, 19.7276411, 0.0 ], [ 73.2266666, 19.7277952, 0.0 ], [ 73.2256919, 19.7279353, 0.0 ], [ 73.2252434, 19.7277505, 0.0 ], [ 73.2248421, 19.7276054, 0.0 ], [ 73.2234517, 19.7270386, 0.0 ], [ 73.2232649, 19.7268244, 0.0 ], [ 73.2231058, 19.7266239, 0.0 ], [ 73.2229957, 19.7264982, 0.0 ], [ 73.2229122, 19.7264028, 0.0 ], [ 73.2222733, 19.7260349, 0.0 ], [ 73.2218652, 19.7260073, 0.0 ], [ 73.2212979, 19.7260073, 0.0 ], [ 73.2206131, 19.7259934, 0.0 ], [ 73.2192201, 19.7262907, 0.0 ], [ 73.2189645, 19.7264555, 0.0 ], [ 73.218417, 19.7268084, 0.0 ], [ 73.2183623, 19.7268436, 0.0 ], [ 73.2181202, 19.7273067, 0.0 ], [ 73.2169916, 19.7285479, 0.0 ], [ 73.2166598, 19.7289347, 0.0 ], [ 73.2164386, 19.7291667, 0.0 ], [ 73.215952, 19.7295093, 0.0 ], [ 73.2156755, 19.7295756, 0.0 ], [ 73.2149787, 19.7295314, 0.0 ], [ 73.2137569, 19.7294106, 0.0 ], [ 73.2131486, 19.72951, 0.0 ], [ 73.2128057, 19.729731, 0.0 ], [ 73.2121422, 19.730024, 0.0 ], [ 73.211921, 19.7298857, 0.0 ], [ 73.211379, 19.7296979, 0.0 ], [ 73.2109367, 19.7293885, 0.0 ], [ 73.2103726, 19.7282614, 0.0 ], [ 73.2099792, 19.7272963, 0.0 ], [ 73.2089425, 19.7247527, 0.0 ], [ 73.2080617, 19.723549, 0.0 ], [ 73.2077007, 19.7230555, 0.0 ], [ 73.2075016, 19.7227351, 0.0 ], [ 73.2069597, 19.7224588, 0.0 ], [ 73.2058205, 19.7222157, 0.0 ], [ 73.2050795, 19.7221605, 0.0 ], [ 73.2049076, 19.7221418, 0.0 ], [ 73.2040621, 19.72205, 0.0 ], [ 73.2014929, 19.7219725, 0.0 ], [ 73.2008735, 19.7219725, 0.0 ], [ 73.2000109, 19.7220167, 0.0 ], [ 73.1994247, 19.7221714, 0.0 ], [ 73.1991924, 19.7223372, 0.0 ], [ 73.197752, 19.723245, 0.0 ], [ 73.1976001, 19.7234607, 0.0 ], [ 73.1975419, 19.7235433, 0.0 ], [ 73.1972764, 19.7238417, 0.0 ], [ 73.1970221, 19.7241842, 0.0 ], [ 73.197011, 19.7246262, 0.0 ], [ 73.197199, 19.7249467, 0.0 ], [ 73.1974755, 19.7251456, 0.0 ], [ 73.1984143, 19.7260453, 0.0 ], [ 73.1985802, 19.7265757, 0.0 ], [ 73.1986576, 19.7272939, 0.0 ], [ 73.1986244, 19.7282851, 0.0 ], [ 73.1981488, 19.7296664, 0.0 ], [ 73.1978613, 19.7298653, 0.0 ], [ 73.1974742, 19.73002, 0.0 ], [ 73.1967111, 19.7300642, 0.0 ], [ 73.1962466, 19.7301747, 0.0 ], [ 73.1960032, 19.7303294, 0.0 ], [ 73.1956825, 19.7305946, 0.0 ], [ 73.195504, 19.7310029, 0.0 ], [ 73.1953818, 19.7312825, 0.0 ], [ 73.1953707, 19.7319013, 0.0 ], [ 73.1952601, 19.7324096, 0.0 ], [ 73.1948951, 19.7327411, 0.0 ], [ 73.19319, 19.7337948, 0.0 ], [ 73.1927476, 19.734071, 0.0 ], [ 73.1925485, 19.7343915, 0.0 ], [ 73.1921393, 19.7351208, 0.0 ], [ 73.192095, 19.7353749, 0.0 ], [ 73.1921061, 19.7355959, 0.0 ], [ 73.192946, 19.7362742, 0.0 ], [ 73.1932225, 19.736672, 0.0 ], [ 73.1938198, 19.7368488, 0.0 ], [ 73.1946271, 19.7369372, 0.0 ], [ 73.1949147, 19.7370919, 0.0 ], [ 73.1950142, 19.7373019, 0.0 ], [ 73.1956247, 19.7383231, 0.0 ], [ 73.1955915, 19.7385551, 0.0 ], [ 73.1952486, 19.7387651, 0.0 ], [ 73.1948837, 19.7388866, 0.0 ], [ 73.1943639, 19.7391739, 0.0 ], [ 73.193833, 19.7394281, 0.0 ], [ 73.1919615, 19.7408008, 0.0 ], [ 73.1911984, 19.7411765, 0.0 ], [ 73.1903861, 19.7417652, 0.0 ], [ 73.1897335, 19.7418425, 0.0 ], [ 73.1890146, 19.7418425, 0.0 ], [ 73.1882736, 19.741732, 0.0 ], [ 73.1880303, 19.7414889, 0.0 ], [ 73.187776, 19.741058, 0.0 ], [ 73.1874191, 19.7388242, 0.0 ], [ 73.1871642, 19.7385435, 0.0 ], [ 73.1868214, 19.7383557, 0.0 ], [ 73.1865117, 19.738433, 0.0 ], [ 73.1856712, 19.7387093, 0.0 ], [ 73.1836123, 19.739208, 0.0 ], [ 73.1830644, 19.7392937, 0.0 ], [ 73.1826943, 19.7393516, 0.0 ], [ 73.1820418, 19.7395837, 0.0 ], [ 73.1815773, 19.7398268, 0.0 ], [ 73.1803456, 19.7408707, 0.0 ], [ 73.1799696, 19.74139, 0.0 ], [ 73.1795051, 19.7416552, 0.0 ], [ 73.1783549, 19.7419646, 0.0 ], [ 73.1781116, 19.7421304, 0.0 ], [ 73.1778793, 19.7423956, 0.0 ], [ 73.1777245, 19.7426718, 0.0 ], [ 73.1776249, 19.7430807, 0.0 ], [ 73.1775347, 19.7439153, 0.0 ], [ 73.1775458, 19.7445562, 0.0 ], [ 73.1776564, 19.7452413, 0.0 ], [ 73.1777338, 19.745838, 0.0 ], [ 73.1775348, 19.7471033, 0.0 ], [ 73.1773932, 19.747372, 0.0 ], [ 73.1773136, 19.7475232, 0.0 ], [ 73.1769707, 19.7479652, 0.0 ], [ 73.1763624, 19.7482746, 0.0 ], [ 73.1757873, 19.7483851, 0.0 ], [ 73.1752565, 19.7483409, 0.0 ], [ 73.1749136, 19.7481752, 0.0 ], [ 73.1742807, 19.7477106, 0.0 ], [ 73.1738715, 19.7475117, 0.0 ], [ 73.1736061, 19.7472686, 0.0 ], [ 73.173219, 19.7470476, 0.0 ], [ 73.1719582, 19.7468266, 0.0 ], [ 73.1706245, 19.7462897, 0.0 ], [ 73.1701821, 19.745903, 0.0 ], [ 73.1698282, 19.7453836, 0.0 ], [ 73.1692531, 19.7446433, 0.0 ], [ 73.169054, 19.7444554, 0.0 ], [ 73.1688328, 19.7444333, 0.0 ], [ 73.1685984, 19.7447808, 0.0 ], [ 73.1676647, 19.7455235, 0.0 ], [ 73.1667837, 19.7459301, 0.0 ], [ 73.1664844, 19.7459747, 0.0 ], [ 73.1654765, 19.7461249, 0.0 ] ] } },
{ "type": "Feature", "properties": { "objectid": 7943, "rivname": "Gaughat N", "rilcode": null, "st_length_": 9.28379, "bacode": 14, "ba_name": "West flowing rivers from Tapi to Tadri", "sub_basin": "Bhatsol and others", "remarks": null }, "geometry": { "type": "LineString", "coordinates": [ [ 72.9526847, 19.8047806, 0.0 ], [ 72.9525009, 19.8048809, 0.0 ], [ 72.9523558, 19.8049638, 0.0 ], [ 72.9522474, 19.8051064, 0.0 ], [ 72.9521043, 19.8053115, 0.0 ], [ 72.9519305, 19.8056064, 0.0 ], [ 72.9516751, 19.8059178, 0.0 ], [ 72.9514627, 19.8062345, 0.0 ], [ 72.9511943, 19.8066994, 0.0 ], [ 72.9509761, 19.8070567, 0.0 ], [ 72.9507941, 19.8072881, 0.0 ], [ 72.9505354, 19.8075362, 0.0 ], [ 72.9503638, 19.8077316, 0.0 ], [ 72.9501466, 19.8080484, 0.0 ], [ 72.9499532, 19.8083609, 0.0 ], [ 72.9496357, 19.8086756, 0.0 ], [ 72.9494653, 19.8088169, 0.0 ], [ 72.9491456, 19.8090094, 0.0 ], [ 72.9487908, 19.8092826, 0.0 ], [ 72.9485143, 19.8094715, 0.0 ], [ 72.9482346, 19.8100174, 0.0 ], [ 72.9480011, 19.8106277, 0.0 ], [ 72.9477926, 19.8111931, 0.0 ], [ 72.9475358, 19.8117803, 0.0 ], [ 72.9473956, 19.8120669, 0.0 ], [ 72.9472992, 19.8125306, 0.0 ], [ 72.9472326, 19.8133703, 0.0 ], [ 72.9470869, 19.8141178, 0.0 ], [ 72.9468905, 19.814991, 0.0 ], [ 72.9467917, 19.8157758, 0.0 ], [ 72.9470903, 19.8165233, 0.0 ], [ 72.9474967, 19.8173634, 0.0 ], [ 72.9476244, 19.8180577, 0.0 ], [ 72.9475332, 19.8189285, 0.0 ], [ 72.9475184, 19.8193758, 0.0 ], [ 72.9477151, 19.819981, 0.0 ], [ 72.9479873, 19.8208365, 0.0 ], [ 72.9481807, 19.8217989, 0.0 ], [ 72.9482972, 19.8223525, 0.0 ], [ 72.9482973, 19.8223528, 0.0 ], [ 72.9482768, 19.8226283, 0.0 ], [ 72.9482543, 19.822777, 0.0 ], [ 72.9481141, 19.8230681, 0.0 ], [ 72.9478806, 19.8234703, 0.0 ], [ 72.9476033, 19.8238988, 0.0 ], [ 72.9472754, 19.8244619, 0.0 ], [ 72.9471746, 19.8246266, 0.0 ], [ 72.9472558, 19.824673, 0.0 ], [ 72.9473966, 19.824837, 0.0 ], [ 72.9482526, 19.8261902, 0.0 ], [ 72.9485341, 19.8269632, 0.0 ], [ 72.9487217, 19.8274317, 0.0 ], [ 72.9488858, 19.8280876, 0.0 ], [ 72.9489796, 19.8285327, 0.0 ], [ 72.9492845, 19.8289544, 0.0 ], [ 72.9493313, 19.8289986, 0.0 ], [ 72.9497066, 19.8293526, 0.0 ], [ 72.9499177, 19.8296571, 0.0 ], [ 72.9500818, 19.8299617, 0.0 ], [ 72.9501522, 19.8304068, 0.0 ], [ 72.9499889, 19.8310519, 0.0 ], [ 72.9498716, 19.8312393, 0.0 ], [ 72.9494964, 19.8311456, 0.0 ], [ 72.9493088, 19.8309347, 0.0 ], [ 72.9490977, 19.8312393, 0.0 ], [ 72.9490977, 19.8318483, 0.0 ], [ 72.9492701, 19.8325886, 0.0 ], [ 72.9493323, 19.8328556, 0.0 ], [ 72.949426, 19.8333007, 0.0 ], [ 72.9496605, 19.8340269, 0.0 ], [ 72.9498247, 19.8342377, 0.0 ], [ 72.9502703, 19.8340972, 0.0 ], [ 72.9505986, 19.8340737, 0.0 ], [ 72.95088, 19.8341909, 0.0 ], [ 72.9510207, 19.8344017, 0.0 ], [ 72.95088, 19.8347765, 0.0 ], [ 72.9505752, 19.8350107, 0.0 ], [ 72.9500827, 19.8351513, 0.0 ], [ 72.949684, 19.8354324, 0.0 ], [ 72.949426, 19.8357135, 0.0 ], [ 72.9489805, 19.8361586, 0.0 ], [ 72.9485818, 19.836182, 0.0 ], [ 72.9482066, 19.8364865, 0.0 ], [ 72.9477141, 19.8367442, 0.0 ], [ 72.9471982, 19.8368848, 0.0 ], [ 72.9469637, 19.8371659, 0.0 ], [ 72.9469168, 19.8375641, 0.0 ], [ 72.9470106, 19.8378686, 0.0 ], [ 72.9474331, 19.8382857, 0.0 ], [ 72.9474331, 19.8388947, 0.0 ], [ 72.9472924, 19.8394101, 0.0 ], [ 72.9470813, 19.8397615, 0.0 ], [ 72.9467061, 19.8401831, 0.0 ], [ 72.9463778, 19.8405579, 0.0 ], [ 72.9448065, 19.8423382, 0.0 ], [ 72.9445486, 19.8426662, 0.0 ], [ 72.9444782, 19.8430878, 0.0 ], [ 72.9445486, 19.8436266, 0.0 ], [ 72.9446658, 19.8438609, 0.0 ], [ 72.9447596, 19.8442591, 0.0 ], [ 72.94483, 19.8450087, 0.0 ], [ 72.9449707, 19.8452664, 0.0 ], [ 72.9450176, 19.8455006, 0.0 ], [ 72.9449473, 19.8456881, 0.0 ], [ 72.9446658, 19.8456881, 0.0 ], [ 72.9443141, 19.8456881, 0.0 ], [ 72.9442672, 19.845852, 0.0 ], [ 72.9443141, 19.8461097, 0.0 ], [ 72.9445251, 19.8464611, 0.0 ], [ 72.9446893, 19.846789, 0.0 ], [ 72.9447596, 19.847117, 0.0 ], [ 72.9446893, 19.8473513, 0.0 ], [ 72.9443609, 19.8474918, 0.0 ], [ 72.9441733, 19.8474918, 0.0 ], [ 72.9439858, 19.8476089, 0.0 ], [ 72.943845, 19.8477026, 0.0 ], [ 72.9437512, 19.84789, 0.0 ], [ 72.9437278, 19.8481477, 0.0 ], [ 72.9436809, 19.8483117, 0.0 ], [ 72.9435636, 19.8484288, 0.0 ], [ 72.9430697, 19.8484668, 0.0 ], [ 72.942929, 19.8485606, 0.0 ], [ 72.9428118, 19.8487714, 0.0 ], [ 72.9428352, 19.8490525, 0.0 ], [ 72.9427883, 19.849357, 0.0 ], [ 72.9425773, 19.8495913, 0.0 ], [ 72.9419909, 19.8499895, 0.0 ], [ 72.9417095, 19.8500832, 0.0 ], [ 72.9415219, 19.8502706, 0.0 ], [ 72.9415219, 19.8504814, 0.0 ], [ 72.9415219, 19.8506922, 0.0 ], [ 72.9417095, 19.8508796, 0.0 ], [ 72.9417799, 19.8509968, 0.0 ], [ 72.9416392, 19.8512545, 0.0 ], [ 72.9413812, 19.8515121, 0.0 ], [ 72.9410764, 19.8517698, 0.0 ], [ 72.9408887, 19.8519104, 0.0 ], [ 72.9407246, 19.8519104, 0.0 ], [ 72.9404432, 19.8519104, 0.0 ], [ 72.9401149, 19.8518869, 0.0 ], [ 72.940068, 19.8521446, 0.0 ], [ 72.9399976, 19.8523789, 0.0 ], [ 72.9399038, 19.8524726, 0.0 ], [ 72.9398335, 19.8525897, 0.0 ], [ 72.9398335, 19.8527068, 0.0 ], [ 72.9399272, 19.8528239, 0.0 ], [ 72.9400211, 19.8529879, 0.0 ], [ 72.9398569, 19.8536907, 0.0 ], [ 72.9395989, 19.8539015, 0.0 ], [ 72.9394348, 19.8541123, 0.0 ], [ 72.9391299, 19.8543232, 0.0 ], [ 72.9388719, 19.854534, 0.0 ], [ 72.9385436, 19.854698, 0.0 ], [ 72.9384733, 19.8548854, 0.0 ], [ 72.9384733, 19.855307, 0.0 ], [ 72.9385419, 19.8558896, 0.0 ], [ 72.9386826, 19.8562175, 0.0 ], [ 72.9388702, 19.8564284, 0.0 ], [ 72.9391985, 19.8564284, 0.0 ], [ 72.9395738, 19.8564284, 0.0 ], [ 72.9399959, 19.8565923, 0.0 ], [ 72.9402773, 19.8568032, 0.0 ], [ 72.9404884, 19.8571311, 0.0 ], [ 72.9405822, 19.8575294, 0.0 ], [ 72.9406525, 19.8578339, 0.0 ], [ 72.9406056, 19.858115, 0.0 ], [ 72.9405352, 19.8586069, 0.0 ], [ 72.9405118, 19.8591223, 0.0 ], [ 72.9405118, 19.8600827, 0.0 ], [ 72.9405118, 19.8605278, 0.0 ], [ 72.940676, 19.8608089, 0.0 ], [ 72.9409105, 19.8608557, 0.0 ], [ 72.9410043, 19.8609729, 0.0 ], [ 72.9410277, 19.8611837, 0.0 ], [ 72.9409574, 19.8614648, 0.0 ], [ 72.9403242, 19.8618864, 0.0 ], [ 72.9392924, 19.8624955, 0.0 ], [ 72.9388233, 19.8627532, 0.0 ], [ 72.9386592, 19.8628937, 0.0 ], [ 72.9385654, 19.8632217, 0.0 ], [ 72.938287, 19.8635571, 0.0 ], [ 72.938287, 19.8637445, 0.0 ], [ 72.9383573, 19.8640256, 0.0 ], [ 72.938498, 19.8643067, 0.0 ], [ 72.9385684, 19.8645643, 0.0 ], [ 72.9385449, 19.864986, 0.0 ], [ 72.9384042, 19.865314, 0.0 ], [ 72.937771, 19.8663915, 0.0 ], [ 72.9376772, 19.8665086, 0.0 ], [ 72.9374662, 19.8666258, 0.0 ], [ 72.9370737, 19.8667541, 0.0 ] ] } },
{ "type": "Feature", "properties": { "objectid": 7987, "rivname": "Gaval N", "rilcode": null, "st_length_": 8.66018, "bacode": 14, "ba_name": "West flowing rivers from Tapi to Tadri", "sub_basin": "Bhatsol and others", "remarks": null }, "geometry": { "type": "LineString", "coordinates": [ [ 73.2645387, 19.5112401, 0.0 ], [ 73.2641036, 19.5116998, 0.0 ], [ 73.2635321, 19.5121323, 0.0 ], [ 73.2627856, 19.51272, 0.0 ], [ 73.2621333, 19.5131375, 0.0 ], [ 73.2616211, 19.5134672, 0.0 ], [ 73.2611623, 19.5137481, 0.0 ], [ 73.2604585, 19.5141104, 0.0 ], [ 73.2601264, 19.5142625, 0.0 ], [ 73.2596144, 19.5145787, 0.0 ], [ 73.2595808, 19.5145916, 0.0 ], [ 73.2593818, 19.5147597, 0.0 ], [ 73.2590224, 19.5150742, 0.0 ], [ 73.2583808, 19.5154376, 0.0 ], [ 73.2583275, 19.5154773, 0.0 ], [ 73.2577655, 19.5159055, 0.0 ], [ 73.2573919, 19.5159846, 0.0 ], [ 73.2563671, 19.5164269, 0.0 ], [ 73.2561908, 19.5166497, 0.0 ], [ 73.2560451, 19.5167781, 0.0 ], [ 73.2556095, 19.5170911, 0.0 ], [ 73.2549913, 19.5177036, 0.0 ], [ 73.254058, 19.5185591, 0.0 ], [ 73.2532, 19.5192351, 0.0 ], [ 73.2531855, 19.5192483, 0.0 ], [ 73.2521337, 19.5203006, 0.0 ], [ 73.2516318, 19.5205898, 0.0 ], [ 73.2503361, 19.5212123, 0.0 ], [ 73.2500003, 19.521341, 0.0 ], [ 73.2496394, 19.5214862, 0.0 ], [ 73.2492783, 19.5216314, 0.0 ], [ 73.2489579, 19.5219058, 0.0 ], [ 73.2485168, 19.5222548, 0.0 ], [ 73.2482414, 19.5224261, 0.0 ], [ 73.247992, 19.5224983, 0.0 ], [ 73.2477448, 19.5224576, 0.0 ], [ 73.2475209, 19.5224489, 0.0 ], [ 73.2472386, 19.5224934, 0.0 ], [ 73.2470658, 19.5225445, 0.0 ], [ 73.2468829, 19.522627, 0.0 ], [ 73.2466748, 19.5227724, 0.0 ], [ 73.2466074, 19.5228028, 0.0 ], [ 73.2464604, 19.5229944, 0.0 ], [ 73.2462421, 19.5231758, 0.0 ], [ 73.2460312, 19.5232262, 0.0 ], [ 73.2457172, 19.5231887, 0.0 ], [ 73.2454882, 19.5231935, 0.0 ], [ 73.2453202, 19.5232492, 0.0 ], [ 73.2451651, 19.5233638, 0.0 ], [ 73.2450251, 19.5234472, 0.0 ], [ 73.2449218, 19.5235991, 0.0 ], [ 73.2447564, 19.5237587, 0.0 ], [ 73.2446154, 19.5238872, 0.0 ], [ 73.2444839, 19.524025, 0.0 ], [ 73.2444425, 19.524178, 0.0 ], [ 73.2445098, 19.5243872, 0.0 ], [ 73.244673, 19.5245621, 0.0 ], [ 73.2450256, 19.5248128, 0.0 ], [ 73.2452324, 19.5249613, 0.0 ], [ 73.2453801, 19.5249641, 0.0 ], [ 73.2452681, 19.525075, 0.0 ], [ 73.2450498, 19.5252563, 0.0 ], [ 73.2447448, 19.5254767, 0.0 ], [ 73.2443033, 19.5258439, 0.0 ], [ 73.2440301, 19.5261417, 0.0 ], [ 73.2438211, 19.5263323, 0.0 ], [ 73.2436828, 19.5265604, 0.0 ], [ 73.2435607, 19.5266983, 0.0 ], [ 73.2433512, 19.5269159, 0.0 ], [ 73.2431073, 19.5271828, 0.0 ], [ 73.2430141, 19.5273076, 0.0 ], [ 73.2428584, 19.527454, 0.0 ], [ 73.2427416, 19.5275694, 0.0 ], [ 73.2426738, 19.5276179, 0.0 ], [ 73.2426209, 19.5276395, 0.0 ], [ 73.2425683, 19.527643, 0.0 ], [ 73.242516, 19.5276375, 0.0 ], [ 73.2424261, 19.5276042, 0.0 ], [ 73.2423703, 19.5275353, 0.0 ], [ 73.2423238, 19.5274757, 0.0 ], [ 73.2422825, 19.5273981, 0.0 ], [ 73.2422653, 19.5273073, 0.0 ], [ 73.2422962, 19.5271949, 0.0 ], [ 73.2424054, 19.5269889, 0.0 ], [ 73.2425, 19.5267962, 0.0 ], [ 73.2426371, 19.5266224, 0.0 ], [ 73.2426865, 19.5265374, 0.0 ], [ 73.2427119, 19.526461, 0.0 ], [ 73.2427101, 19.5263208, 0.0 ], [ 73.2426931, 19.526221, 0.0 ], [ 73.2425712, 19.5261147, 0.0 ], [ 73.2424393, 19.5260399, 0.0 ], [ 73.2423488, 19.5260337, 0.0 ], [ 73.2422338, 19.5260587, 0.0 ], [ 73.2421233, 19.5261019, 0.0 ], [ 73.2419535, 19.5262389, 0.0 ], [ 73.2417929, 19.5263942, 0.0 ], [ 73.2414929, 19.5266057, 0.0 ], [ 73.2412515, 19.5267459, 0.0 ], [ 73.2410689, 19.5268149, 0.0 ], [ 73.2407431, 19.5268857, 0.0 ], [ 73.2404301, 19.5270291, 0.0 ], [ 73.2402662, 19.5271165, 0.0 ], [ 73.2401441, 19.5272544, 0.0 ], [ 73.2399442, 19.5274632, 0.0 ], [ 73.2398492, 19.5276785, 0.0 ], [ 73.239712, 19.5278568, 0.0 ], [ 73.2396234, 19.5279908, 0.0 ], [ 73.2395897, 19.5282388, 0.0 ], [ 73.2393579, 19.5293017, 0.0 ], [ 73.2392779, 19.5294766, 0.0 ], [ 73.2390375, 19.5298022, 0.0 ], [ 73.2387661, 19.5300142, 0.0 ], [ 73.2383312, 19.5302865, 0.0 ], [ 73.2378822, 19.5305494, 0.0 ], [ 73.2373805, 19.5308295, 0.0 ], [ 73.2367734, 19.5311257, 0.0 ], [ 73.2365417, 19.531257, 0.0 ], [ 73.2359059, 19.5315617, 0.0 ], [ 73.2355386, 19.5317945, 0.0 ], [ 73.2351918, 19.5319645, 0.0 ], [ 73.2349876, 19.5321506, 0.0 ], [ 73.2347993, 19.5322601, 0.0 ], [ 73.2347631, 19.5322972, 0.0 ], [ 73.2346385, 19.5324244, 0.0 ], [ 73.2339021, 19.5329805, 0.0 ], [ 73.2330868, 19.5336572, 0.0 ], [ 73.2326152, 19.5340915, 0.0 ], [ 73.2324918, 19.5342972, 0.0 ], [ 73.2322659, 19.5346095, 0.0 ], [ 73.2321804, 19.534825, 0.0 ], [ 73.232004, 19.5352784, 0.0 ], [ 73.2319587, 19.5353951, 0.0 ], [ 73.2318701, 19.5355291, 0.0 ], [ 73.2317688, 19.5358166, 0.0 ], [ 73.2315903, 19.5361434, 0.0 ], [ 73.2313791, 19.5364379, 0.0 ], [ 73.2312204, 19.5367334, 0.0 ], [ 73.2311792, 19.5368773, 0.0 ], [ 73.2311167, 19.5371294, 0.0 ], [ 73.2310217, 19.5373446, 0.0 ], [ 73.2309343, 19.5374198, 0.0 ], [ 73.22986, 19.5381686, 0.0 ], [ 73.2296968, 19.5384504, 0.0 ], [ 73.2294944, 19.5387767, 0.0 ], [ 73.2293327, 19.5389862, 0.0 ], [ 73.229289, 19.5390353, 0.0 ], [ 73.2292693, 19.5390573, 0.0 ], [ 73.228806, 19.5393155, 0.0 ], [ 73.2283547, 19.5394563, 0.0 ], [ 73.2277955, 19.5395182, 0.0 ], [ 73.2273323, 19.5395413, 0.0 ], [ 73.2270075, 19.5395669, 0.0 ], [ 73.2267465, 19.5397294, 0.0 ], [ 73.2262369, 19.5401584, 0.0 ], [ 73.22596, 19.540402, 0.0 ], [ 73.2254861, 19.5407142, 0.0 ], [ 73.2246971, 19.5410432, 0.0 ], [ 73.2244274, 19.5411647, 0.0 ], [ 73.2242822, 19.5412705, 0.0 ], [ 73.2242086, 19.5413686, 0.0 ], [ 73.2242247, 19.5415136, 0.0 ], [ 73.2243628, 19.5417514, 0.0 ], [ 73.2244444, 19.5419563, 0.0 ], [ 73.2244226, 19.542087, 0.0 ], [ 73.2242381, 19.5422464, 0.0 ], [ 73.2240538, 19.5423922, 0.0 ], [ 73.2238222, 19.542519, 0.0 ], [ 73.2230435, 19.5430426, 0.0 ], [ 73.2222474, 19.5434799, 0.0 ], [ 73.2216489, 19.5438214, 0.0 ], [ 73.2212141, 19.5440846, 0.0 ], [ 73.2200777, 19.5448366, 0.0 ], [ 73.2196169, 19.5452033, 0.0 ], [ 73.2194947, 19.5453502, 0.0 ], [ 73.2193169, 19.5456454, 0.0 ], [ 73.2190988, 19.5460392, 0.0 ], [ 73.2189899, 19.5462316, 0.0 ], [ 73.2188483, 19.5463872, 0.0 ], [ 73.2187217, 19.5465114, 0.0 ], [ 73.218544, 19.5465714, 0.0 ], [ 73.2183671, 19.5465907, 0.0 ], [ 73.2181157, 19.5465272, 0.0 ], [ 73.2177966, 19.5462726, 0.0 ], [ 73.2173695, 19.5459391, 0.0 ], [ 73.2169742, 19.545683, 0.0 ], [ 73.2165736, 19.5454449, 0.0 ], [ 73.2162558, 19.545136, 0.0 ], [ 73.2159331, 19.544827, 0.0 ], [ 73.2157076, 19.54466, 0.0 ], [ 73.2155757, 19.5445807, 0.0 ], [ 73.215013, 19.5454971, 0.0 ], [ 73.2143437, 19.5467145, 0.0 ], [ 73.2140603, 19.5472699, 0.0 ], [ 73.2134666, 19.5480636, 0.0 ], [ 73.2132838, 19.5483677, 0.0 ], [ 73.2132225, 19.548561, 0.0 ], [ 73.2132228, 19.5487781, 0.0 ], [ 73.213325, 19.5491417, 0.0 ], [ 73.2135986, 19.5497392, 0.0 ], [ 73.213703, 19.5499988, 0.0 ], [ 73.2138487, 19.5505642, 0.0 ] ] } },
{ "type": "Feature", "properties": { "objectid": 8580, "rivname": "Goljara N", "rilcode": null, "st_length_": 21.968, "bacode": 14, "ba_name": "West flowing rivers from Tapi to Tadri", "sub_basin": "Bhatsol and others", "remarks": null }, "geometry": { "type": "LineString", "coordinates": [ [ 72.9749809, 20.0202719, 0.0 ], [ 72.9746241, 20.019971, 0.0 ], [ 72.9741899, 20.0197092, 0.0 ], [ 72.9736815, 20.0193419, 0.0 ], [ 72.9734849, 20.0191526, 0.0 ], [ 72.9732385, 20.0188313, 0.0 ], [ 72.9730956, 20.0185843, 0.0 ], [ 72.9729105, 20.0180923, 0.0 ], [ 72.9727822, 20.0176287, 0.0 ], [ 72.9726861, 20.0174369, 0.0 ], [ 72.9726525, 20.0172237, 0.0 ], [ 72.9725318, 20.0168461, 0.0 ], [ 72.9722949, 20.0165295, 0.0 ], [ 72.972246, 20.0163612, 0.0 ], [ 72.9721356, 20.0161646, 0.0 ], [ 72.9720621, 20.015815, 0.0 ], [ 72.9720493, 20.0155345, 0.0 ], [ 72.9721379, 20.0152062, 0.0 ], [ 72.9722185, 20.0150224, 0.0 ], [ 72.9727266, 20.0143273, 0.0 ], [ 72.9727635, 20.0139619, 0.0 ], [ 72.9728091, 20.0136328, 0.0 ], [ 72.9727894, 20.0130131, 0.0 ], [ 72.9727532, 20.0129219, 0.0 ], [ 72.9727166, 20.0126318, 0.0 ], [ 72.9724237, 20.0118258, 0.0 ], [ 72.972451, 20.0114556, 0.0 ], [ 72.9726672, 20.0109853, 0.0 ], [ 72.972659, 20.0104968, 0.0 ], [ 72.9722229, 20.0096789, 0.0 ], [ 72.9721408, 20.009284, 0.0 ], [ 72.9724202, 20.0089776, 0.0 ], [ 72.9731345, 20.0084719, 0.0 ], [ 72.9733155, 20.0082946, 0.0 ], [ 72.9734541, 20.008085, 0.0 ], [ 72.9734642, 20.0076331, 0.0 ], [ 72.9734064, 20.007433, 0.0 ], [ 72.973342, 20.0068892, 0.0 ], [ 72.973204, 20.0064299, 0.0 ], [ 72.9732178, 20.0062358, 0.0 ], [ 72.9733518, 20.0058044, 0.0 ], [ 72.9733567, 20.0053705, 0.0 ], [ 72.9732344, 20.0050652, 0.0 ], [ 72.9731048, 20.0048682, 0.0 ], [ 72.9730311, 20.0045276, 0.0 ], [ 72.9730443, 20.0039402, 0.0 ], [ 72.9729682, 20.0034912, 0.0 ], [ 72.9729047, 20.0033316, 0.0 ], [ 72.9726502, 20.0029514, 0.0 ], [ 72.9722816, 20.0027496, 0.0 ], [ 72.9717489, 20.0026169, 0.0 ], [ 72.9716175, 20.0022888, 0.0 ], [ 72.9716055, 20.0015425, 0.0 ], [ 72.9717888, 20.0010444, 0.0 ], [ 72.971978, 20.0007092, 0.0 ], [ 72.9726328, 20.00002, 0.0 ], [ 72.9726549, 19.9994936, 0.0 ], [ 72.9726756, 19.9990994, 0.0 ], [ 72.9730909, 19.9984977, 0.0 ], [ 72.9735892, 19.9980206, 0.0 ], [ 72.9740045, 19.9976056, 0.0 ], [ 72.9742952, 19.9972737, 0.0 ], [ 72.974316, 19.9969002, 0.0 ], [ 72.9742537, 19.9966305, 0.0 ], [ 72.9742537, 19.9962778, 0.0 ], [ 72.974399, 19.9959251, 0.0 ], [ 72.9745236, 19.9957384, 0.0 ], [ 72.9746067, 19.9954687, 0.0 ], [ 72.9746274, 19.9952197, 0.0 ], [ 72.9746482, 19.9949915, 0.0 ], [ 72.9748558, 19.9947426, 0.0 ], [ 72.9754364, 19.994321, 0.0 ], [ 72.9754655, 19.994015, 0.0 ], [ 72.9754655, 19.9936653, 0.0 ], [ 72.9753926, 19.9934176, 0.0 ], [ 72.9752322, 19.9932136, 0.0 ], [ 72.9744849, 19.9925555, 0.0 ], [ 72.9743099, 19.9921621, 0.0 ], [ 72.974237, 19.9917686, 0.0 ], [ 72.9740912, 19.9915355, 0.0 ], [ 72.973712, 19.9914044, 0.0 ], [ 72.9732891, 19.9913898, 0.0 ], [ 72.9728516, 19.9913898, 0.0 ], [ 72.9724433, 19.9913898, 0.0 ], [ 72.9721079, 19.9913898, 0.0 ], [ 72.972035, 19.9912149, 0.0 ], [ 72.9720204, 19.9909672, 0.0 ], [ 72.9725017, 19.9900615, 0.0 ], [ 72.9725308, 19.989843, 0.0 ], [ 72.9725163, 19.989639, 0.0 ], [ 72.9724288, 19.9894496, 0.0 ], [ 72.9721517, 19.9892893, 0.0 ], [ 72.9712969, 19.9886968, 0.0 ], [ 72.9709782, 19.9883784, 0.0 ], [ 72.9708082, 19.9882935, 0.0 ], [ 72.9706808, 19.9879752, 0.0 ], [ 72.9707233, 19.9876568, 0.0 ], [ 72.9707657, 19.9873385, 0.0 ], [ 72.9707657, 19.9869564, 0.0 ], [ 72.9706808, 19.9865744, 0.0 ], [ 72.9705958, 19.9859589, 0.0 ], [ 72.9705108, 19.9856618, 0.0 ], [ 72.970447, 19.9854071, 0.0 ], [ 72.9702983, 19.985301, 0.0 ], [ 72.9700221, 19.985301, 0.0 ], [ 72.9697671, 19.9852373, 0.0 ], [ 72.9695122, 19.9850463, 0.0 ], [ 72.9691935, 19.9847704, 0.0 ], [ 72.9689172, 19.984452, 0.0 ], [ 72.9686813, 19.9837836, 0.0 ], [ 72.9686813, 19.9833591, 0.0 ], [ 72.9686813, 19.9830832, 0.0 ], [ 72.9686813, 19.9828709, 0.0 ], [ 72.9685963, 19.9826587, 0.0 ], [ 72.9685751, 19.9825101, 0.0 ], [ 72.9685963, 19.9822342, 0.0 ], [ 72.9687238, 19.9818947, 0.0 ], [ 72.9688088, 19.9817249, 0.0 ], [ 72.9688513, 19.9813853, 0.0 ], [ 72.96883, 19.9810882, 0.0 ], [ 72.9687663, 19.9809184, 0.0 ], [ 72.9686176, 19.9808335, 0.0 ], [ 72.9683626, 19.9807698, 0.0 ], [ 72.9681501, 19.9807273, 0.0 ], [ 72.9678314, 19.9804727, 0.0 ], [ 72.9676827, 19.9802604, 0.0 ], [ 72.9676402, 19.9799845, 0.0 ], [ 72.9676402, 19.9796874, 0.0 ], [ 72.9675764, 19.9794327, 0.0 ], [ 72.9673852, 19.9791992, 0.0 ], [ 72.9670878, 19.9790931, 0.0 ], [ 72.9667903, 19.9791144, 0.0 ], [ 72.9665991, 19.9791144, 0.0 ], [ 72.9664291, 19.9789658, 0.0 ], [ 72.9664291, 19.9787748, 0.0 ], [ 72.9665141, 19.9786474, 0.0 ], [ 72.9666203, 19.9784776, 0.0 ], [ 72.9670227, 19.9779755, 0.0 ], [ 72.9672139, 19.9777208, 0.0 ], [ 72.9672564, 19.9774661, 0.0 ], [ 72.9672139, 19.9770841, 0.0 ], [ 72.9666827, 19.9767021, 0.0 ], [ 72.966364, 19.9763413, 0.0 ], [ 72.9659391, 19.9759593, 0.0 ], [ 72.9654929, 19.975747, 0.0 ], [ 72.9650042, 19.9754287, 0.0 ], [ 72.964643, 19.9752589, 0.0 ], [ 72.9641756, 19.9750891, 0.0 ], [ 72.9638781, 19.9748769, 0.0 ], [ 72.9636656, 19.9747495, 0.0 ], [ 72.9634744, 19.9746434, 0.0 ], [ 72.9634957, 19.9744312, 0.0 ], [ 72.9635594, 19.9737944, 0.0 ], [ 72.9637081, 19.9731365, 0.0 ], [ 72.9637719, 19.9727333, 0.0 ], [ 72.9638356, 19.9723088, 0.0 ], [ 72.9640253, 19.9710718, 0.0 ], [ 72.9639828, 19.9706898, 0.0 ], [ 72.9638553, 19.97052, 0.0 ], [ 72.9635791, 19.9703502, 0.0 ], [ 72.9632179, 19.9701592, 0.0 ], [ 72.9628355, 19.9700531, 0.0 ], [ 72.9626993, 19.970033, 0.0 ], [ 72.9622618, 19.9699682, 0.0 ], [ 72.9620068, 19.9698196, 0.0 ], [ 72.9618793, 19.969565, 0.0 ], [ 72.9618581, 19.9692466, 0.0 ], [ 72.9619431, 19.9688434, 0.0 ], [ 72.9620918, 19.9685675, 0.0 ], [ 72.9621768, 19.9682279, 0.0 ], [ 72.9621556, 19.9677822, 0.0 ], [ 72.9620478, 19.966606, 0.0 ], [ 72.9618778, 19.966033, 0.0 ], [ 72.9618141, 19.9656297, 0.0 ], [ 72.9618353, 19.9651628, 0.0 ], [ 72.9618991, 19.9647808, 0.0 ], [ 72.9619841, 19.9645473, 0.0 ], [ 72.9622603, 19.9643987, 0.0 ], [ 72.9626002, 19.9642926, 0.0 ], [ 72.9630039, 19.9642926, 0.0 ], [ 72.9634076, 19.9643138, 0.0 ], [ 72.9636414, 19.9643138, 0.0 ], [ 72.9638538, 19.9640592, 0.0 ], [ 72.9640238, 19.9638045, 0.0 ], [ 72.96413, 19.9636347, 0.0 ], [ 72.9644063, 19.9635498, 0.0 ], [ 72.9646187, 19.9634012, 0.0 ], [ 72.9650642, 19.9631152, 0.0 ], [ 72.9651067, 19.9629242, 0.0 ], [ 72.9651067, 19.9626482, 0.0 ], [ 72.9649792, 19.9624785, 0.0 ], [ 72.9648093, 19.9622874, 0.0 ], [ 72.9646393, 19.962245, 0.0 ], [ 72.9645543, 19.9623511, 0.0 ], [ 72.964448, 19.9624997, 0.0 ], [ 72.9644056, 19.9625633, 0.0 ], [ 72.9642143, 19.9626482, 0.0 ], [ 72.9640443, 19.9626482, 0.0 ], [ 72.9638956, 19.962627, 0.0 ], [ 72.9637681, 19.9624785, 0.0 ], [ 72.9637044, 19.9622662, 0.0 ], [ 72.9637044, 19.9619479, 0.0 ], [ 72.9637681, 19.9616507, 0.0 ], [ 72.9636831, 19.9613961, 0.0 ], [ 72.9634707, 19.9610989, 0.0 ], [ 72.9633857, 19.9607806, 0.0 ], [ 72.9632582, 19.9604198, 0.0 ], [ 72.9632157, 19.960059, 0.0 ], [ 72.9630457, 19.9596982, 0.0 ], [ 72.9628545, 19.9594435, 0.0 ], [ 72.9626633, 19.9591251, 0.0 ], [ 72.962642, 19.958828, 0.0 ], [ 72.962642, 19.9584672, 0.0 ], [ 72.9624914, 19.9577549, 0.0 ], [ 72.9623002, 19.9575426, 0.0 ], [ 72.9620452, 19.9573304, 0.0 ], [ 72.9618965, 19.9570545, 0.0 ], [ 72.9620028, 19.9567998, 0.0 ], [ 72.9622577, 19.9565451, 0.0 ], [ 72.9623852, 19.9562055, 0.0 ], [ 72.9623852, 19.9557174, 0.0 ], [ 72.962364, 19.9551656, 0.0 ], [ 72.9622577, 19.9549321, 0.0 ], [ 72.9620028, 19.9547411, 0.0 ], [ 72.9617903, 19.954635, 0.0 ], [ 72.9615353, 19.9546138, 0.0 ], [ 72.9612322, 19.9547147, 0.0 ], [ 72.9612166, 19.9547199, 0.0 ], [ 72.9610891, 19.9547199, 0.0 ], [ 72.9607917, 19.9547199, 0.0 ], [ 72.9605367, 19.9544864, 0.0 ], [ 72.9605367, 19.9542105, 0.0 ], [ 72.9605367, 19.9538497, 0.0 ], [ 72.9605579, 19.9535526, 0.0 ], [ 72.9607914, 19.9532441, 0.0 ], [ 72.9609401, 19.9530107, 0.0 ], [ 72.9610251, 19.9528833, 0.0 ], [ 72.9608764, 19.9527135, 0.0 ], [ 72.9605577, 19.9525225, 0.0 ], [ 72.9602602, 19.9522891, 0.0 ], [ 72.959984, 19.9520556, 0.0 ], [ 72.9597715, 19.9517797, 0.0 ], [ 72.9597503, 19.9514189, 0.0 ], [ 72.9597503, 19.951143, 0.0 ], [ 72.9598778, 19.9508246, 0.0 ], [ 72.960154, 19.950485, 0.0 ], [ 72.9604514, 19.9502728, 0.0 ], [ 72.9607489, 19.9498059, 0.0 ], [ 72.9608976, 19.9494663, 0.0 ], [ 72.9608126, 19.9491692, 0.0 ], [ 72.9606214, 19.9487871, 0.0 ], [ 72.9599202, 19.947726, 0.0 ], [ 72.9590491, 19.9466436, 0.0 ], [ 72.9584117, 19.946304, 0.0 ], [ 72.958178, 19.9460069, 0.0 ], [ 72.9580292, 19.9456885, 0.0 ], [ 72.9580505, 19.9454763, 0.0 ], [ 72.9582842, 19.9453701, 0.0 ], [ 72.9588154, 19.9453489, 0.0 ], [ 72.9592616, 19.9451791, 0.0 ], [ 72.9595803, 19.9450306, 0.0 ], [ 72.9597715, 19.9448396, 0.0 ], [ 72.9600031, 19.944108, 0.0 ], [ 72.9600456, 19.9438321, 0.0 ], [ 72.9600456, 19.9435137, 0.0 ], [ 72.9599181, 19.9433227, 0.0 ], [ 72.9596844, 19.9429619, 0.0 ], [ 72.9594932, 19.9426223, 0.0 ], [ 72.9593869, 19.9423677, 0.0 ], [ 72.9593444, 19.9420281, 0.0 ], [ 72.9592807, 19.9416885, 0.0 ], [ 72.9592594, 19.9412853, 0.0 ], [ 72.9592594, 19.9409669, 0.0 ], [ 72.9591957, 19.9405212, 0.0 ], [ 72.959195, 19.9396165, 0.0 ], [ 72.9592588, 19.9393406, 0.0 ], [ 72.9593438, 19.9388949, 0.0 ], [ 72.9594075, 19.9386402, 0.0 ], [ 72.9596412, 19.9382794, 0.0 ], [ 72.9598962, 19.9379823, 0.0 ], [ 72.9601299, 19.9377064, 0.0 ], [ 72.9602999, 19.9373456, 0.0 ], [ 72.9602999, 19.9370485, 0.0 ], [ 72.9602362, 19.9368362, 0.0 ], [ 72.9600662, 19.9367513, 0.0 ], [ 72.9592588, 19.9365391, 0.0 ], [ 72.9583664, 19.9364754, 0.0 ], [ 72.9580265, 19.9364754, 0.0 ], [ 72.957814, 19.9363905, 0.0 ], [ 72.957644, 19.936242, 0.0 ], [ 72.957474, 19.9359236, 0.0 ], [ 72.957389, 19.9353293, 0.0 ], [ 72.9573678, 19.934438, 0.0 ], [ 72.957389, 19.9339923, 0.0 ], [ 72.9574953, 19.9336102, 0.0 ], [ 72.957559, 19.9331858, 0.0 ], [ 72.957729, 19.9328886, 0.0 ], [ 72.9577927, 19.9325703, 0.0 ], [ 72.9577715, 19.9322944, 0.0 ], [ 72.9576423, 19.9320722, 0.0 ], [ 72.9571748, 19.9318812, 0.0 ], [ 72.9569199, 19.9318175, 0.0 ], [ 72.9565162, 19.931775, 0.0 ], [ 72.9562825, 19.9316689, 0.0 ], [ 72.95607, 19.9315204, 0.0 ], [ 72.9557725, 19.9314567, 0.0 ], [ 72.9554538, 19.9312445, 0.0 ], [ 72.9551139, 19.9310322, 0.0 ], [ 72.9547952, 19.9309049, 0.0 ], [ 72.9546464, 19.9307351, 0.0 ], [ 72.9546039, 19.930438, 0.0 ], [ 72.9546889, 19.9300559, 0.0 ], [ 72.9547527, 19.9297588, 0.0 ], [ 72.9549014, 19.9293343, 0.0 ], [ 72.9549227, 19.9290584, 0.0 ], [ 72.9548377, 19.9287188, 0.0 ], [ 72.9547527, 19.9284642, 0.0 ], [ 72.9547527, 19.9282095, 0.0 ], [ 72.9547952, 19.9280185, 0.0 ], [ 72.9548589, 19.9278487, 0.0 ], [ 72.9549864, 19.9276789, 0.0 ], [ 72.9550714, 19.9275303, 0.0 ], [ 72.9550926, 19.9272756, 0.0 ], [ 72.9551139, 19.9269148, 0.0 ], [ 72.9551132, 19.9265617, 0.0 ], [ 72.9549432, 19.9264343, 0.0 ], [ 72.954667, 19.9263919, 0.0 ], [ 72.9543483, 19.9263494, 0.0 ], [ 72.9540509, 19.9262857, 0.0 ], [ 72.9537534, 19.926116, 0.0 ], [ 72.9534559, 19.9260311, 0.0 ], [ 72.9529248, 19.9257339, 0.0 ], [ 72.9527123, 19.9255217, 0.0 ], [ 72.9525211, 19.9251821, 0.0 ], [ 72.9523298, 19.9249911, 0.0 ], [ 72.9519899, 19.9248213, 0.0 ], [ 72.9515012, 19.9247576, 0.0 ], [ 72.9510763, 19.9247364, 0.0 ], [ 72.9505026, 19.9247152, 0.0 ], [ 72.9500989, 19.9246515, 0.0 ], [ 72.9498227, 19.9246091, 0.0 ], [ 72.9495252, 19.9244817, 0.0 ], [ 72.949249, 19.9242058, 0.0 ], [ 72.9491107, 19.9241368, 0.0 ], [ 72.9487391, 19.9239511, 0.0 ], [ 72.9485054, 19.9237389, 0.0 ], [ 72.9482716, 19.923463, 0.0 ], [ 72.9480335, 19.9229013, 0.0 ], [ 72.9479273, 19.9227103, 0.0 ], [ 72.9479485, 19.9224344, 0.0 ], [ 72.9480123, 19.9222221, 0.0 ], [ 72.9480335, 19.921925, 0.0 ], [ 72.947991, 19.9216279, 0.0 ], [ 72.947906, 19.9213732, 0.0 ], [ 72.9478848, 19.9211397, 0.0 ], [ 72.9478848, 19.9209699, 0.0 ], [ 72.947906, 19.9208001, 0.0 ], [ 72.9480335, 19.9206728, 0.0 ], [ 72.9480548, 19.9204606, 0.0 ], [ 72.948076, 19.9200573, 0.0 ], [ 72.9482885, 19.9198663, 0.0 ], [ 72.9483097, 19.9196541, 0.0 ], [ 72.9481822, 19.9193994, 0.0 ], [ 72.947991, 19.9191447, 0.0 ], [ 72.9477148, 19.9188263, 0.0 ], [ 72.9475661, 19.918699, 0.0 ], [ 72.9475448, 19.9183806, 0.0 ], [ 72.9476298, 19.9180623, 0.0 ], [ 72.9476723, 19.9177227, 0.0 ], [ 72.9477148, 19.9173619, 0.0 ], [ 72.9477998, 19.9170223, 0.0 ], [ 72.9478848, 19.9168313, 0.0 ], [ 72.947906, 19.9165554, 0.0 ], [ 72.947906, 19.9161946, 0.0 ], [ 72.947821, 19.9157701, 0.0 ], [ 72.9474152, 19.9147004, 0.0 ], [ 72.9472877, 19.914467, 0.0 ], [ 72.9470965, 19.914276, 0.0 ], [ 72.946884, 19.9140637, 0.0 ], [ 72.9466503, 19.914, 0.0 ], [ 72.9462041, 19.9140213, 0.0 ], [ 72.9459703, 19.9140637, 0.0 ], [ 72.9456092, 19.9140849, 0.0 ], [ 72.9451842, 19.9140849, 0.0 ], [ 72.9446743, 19.9140637, 0.0 ], [ 72.9441006, 19.9138303, 0.0 ], [ 72.943102, 19.9134482, 0.0 ], [ 72.942932, 19.9133421, 0.0 ], [ 72.9428895, 19.9131299, 0.0 ], [ 72.9428895, 19.9128752, 0.0 ], [ 72.942592, 19.9122385, 0.0 ], [ 72.9424646, 19.9121111, 0.0 ], [ 72.9422521, 19.9120899, 0.0 ], [ 72.9420184, 19.9122173, 0.0 ], [ 72.9417847, 19.9123022, 0.0 ], [ 72.9415084, 19.9123022, 0.0 ], [ 72.941211, 19.912196, 0.0 ], [ 72.9409135, 19.9120263, 0.0 ], [ 72.9405948, 19.9116442, 0.0 ], [ 72.9402124, 19.9114108, 0.0 ], [ 72.9396812, 19.9111773, 0.0 ], [ 72.9392987, 19.9109651, 0.0 ], [ 72.937465, 19.9098728, 0.0 ], [ 72.9373456, 19.9097773, 0.0 ], [ 72.9370401, 19.9095332, 0.0 ], [ 72.9368701, 19.9093422, 0.0 ], [ 72.9367001, 19.9092148, 0.0 ], [ 72.9365939, 19.9090662, 0.0 ], [ 72.9365939, 19.9087903, 0.0 ], [ 72.9366364, 19.9084932, 0.0 ], [ 72.9366576, 19.908281, 0.0 ], [ 72.9367426, 19.9080051, 0.0 ], [ 72.9367426, 19.9078353, 0.0 ], [ 72.9367001, 19.9077079, 0.0 ], [ 72.9365089, 19.9075806, 0.0 ], [ 72.9362539, 19.9075169, 0.0 ], [ 72.935829, 19.907432, 0.0 ], [ 72.9355528, 19.9072198, 0.0 ], [ 72.9354678, 19.9066468, 0.0 ], [ 72.9354465, 19.906286, 0.0 ], [ 72.9353403, 19.9060101, 0.0 ], [ 72.9351066, 19.9058615, 0.0 ], [ 72.9348304, 19.905819, 0.0 ], [ 72.9344267, 19.905819, 0.0 ], [ 72.934108, 19.9058615, 0.0 ], [ 72.9337892, 19.9060525, 0.0 ], [ 72.9334493, 19.9061374, 0.0 ], [ 72.9331943, 19.9060737, 0.0 ], [ 72.9329545, 19.9057241, 0.0 ], [ 72.9329333, 19.9056392, 0.0 ], [ 72.9329545, 19.9054482, 0.0 ], [ 72.933082, 19.9054058, 0.0 ], [ 72.9332307, 19.9051935, 0.0 ], [ 72.9334219, 19.9050237, 0.0 ], [ 72.9336557, 19.9048539, 0.0 ], [ 72.9337194, 19.9047478, 0.0 ], [ 72.9337406, 19.9044719, 0.0 ], [ 72.9336982, 19.9042172, 0.0 ], [ 72.9335707, 19.9040262, 0.0 ], [ 72.9333795, 19.9039413, 0.0 ], [ 72.9330607, 19.9039201, 0.0 ], [ 72.9326358, 19.903814, 0.0 ], [ 72.9315097, 19.9037715, 0.0 ], [ 72.9308298, 19.9034956, 0.0 ], [ 72.9305536, 19.9033471, 0.0 ], [ 72.9303836, 19.903156, 0.0 ], [ 72.9302349, 19.902965, 0.0 ], [ 72.9301711, 19.9027316, 0.0 ], [ 72.9302136, 19.9024557, 0.0 ], [ 72.9302136, 19.9022646, 0.0 ], [ 72.9301074, 19.90201, 0.0 ], [ 72.9299587, 19.901819, 0.0 ], [ 72.9297037, 19.9017128, 0.0 ], [ 72.9294487, 19.9014794, 0.0 ], [ 72.9293, 19.9012247, 0.0 ], [ 72.9290238, 19.9011186, 0.0 ], [ 72.9286838, 19.9010761, 0.0 ], [ 72.9281739, 19.9006941, 0.0 ], [ 72.9279359, 19.9004501, 0.0 ], [ 72.9278722, 19.9003439, 0.0 ], [ 72.9277872, 19.9001317, 0.0 ], [ 72.9277872, 19.8999831, 0.0 ], [ 72.9277872, 19.8997709, 0.0 ], [ 72.9277872, 19.8996011, 0.0 ], [ 72.9276385, 19.8994738, 0.0 ], [ 72.9274473, 19.8994738, 0.0 ], [ 72.9272773, 19.8995799, 0.0 ], [ 72.9268098, 19.9000256, 0.0 ], [ 72.9265974, 19.9001954, 0.0 ], [ 72.9263705, 19.900262, 0.0 ], [ 72.9262362, 19.9003015, 0.0 ], [ 72.9259812, 19.9002803, 0.0 ], [ 72.9257262, 19.9001105, 0.0 ], [ 72.9254075, 19.8998982, 0.0 ], [ 72.9250463, 19.8996436, 0.0 ], [ 72.9247276, 19.8993464, 0.0 ], [ 72.9245151, 19.8989432, 0.0 ], [ 72.9243239, 19.8985824, 0.0 ], [ 72.9240902, 19.8981155, 0.0 ], [ 72.9238352, 19.8978395, 0.0 ], [ 72.9234953, 19.8973302, 0.0 ], [ 72.9231337, 19.8967177, 0.0 ], [ 72.9230066, 19.8965025, 0.0 ], [ 72.9229003, 19.8961629, 0.0 ], [ 72.9227516, 19.8957596, 0.0 ], [ 72.9224754, 19.8954625, 0.0 ], [ 72.9220717, 19.8950805, 0.0 ], [ 72.9215618, 19.8945923, 0.0 ], [ 72.9211368, 19.8942952, 0.0 ], [ 72.9206482, 19.8939344, 0.0 ], [ 72.9206059, 19.8938991, 0.0 ], [ 72.9201558, 19.8935228, 0.0 ], [ 72.9198584, 19.8932894, 0.0 ], [ 72.9192848, 19.8929347, 0.0 ], [ 72.918966, 19.8927375, 0.0 ], [ 72.9186685, 19.892398, 0.0 ], [ 72.9184773, 19.8919947, 0.0 ], [ 72.9184986, 19.8914641, 0.0 ], [ 72.9185411, 19.8910397, 0.0 ], [ 72.9185836, 19.8907425, 0.0 ], [ 72.9184986, 19.8904666, 0.0 ], [ 72.9182649, 19.8901483, 0.0 ], [ 72.9178162, 19.8891222, 0.0 ], [ 72.9175825, 19.8889099, 0.0 ], [ 72.917285, 19.8887189, 0.0 ], [ 72.9169238, 19.8886765, 0.0 ], [ 72.9166263, 19.8885916, 0.0 ], [ 72.9164139, 19.8884642, 0.0 ], [ 72.9162226, 19.8881034, 0.0 ], [ 72.9161801, 19.8878487, 0.0 ], [ 72.9160102, 19.887594, 0.0 ], [ 72.9158402, 19.8874667, 0.0 ], [ 72.9153728, 19.8871225, 0.0 ] ] } },
{ "type": "Feature", "properties": { "objectid": 9428, "rivname": "Hath N", "rilcode": null, "st_length_": 15.5459, "bacode": 14, "ba_name": "West flowing rivers from Tapi to Tadri", "sub_basin": "Bhatsol and others", "remarks": null }, "geometry": { "type": "LineString", "coordinates": [ [ 72.9092297, 19.8268412, 0.0 ], [ 72.9091095, 19.8264544, 0.0 ], [ 72.9090409, 19.8261094, 0.0 ], [ 72.9090365, 19.8256662, 0.0 ], [ 72.9090073, 19.8252677, 0.0 ], [ 72.9090267, 19.8250466, 0.0 ], [ 72.9090587, 19.8248981, 0.0 ], [ 72.9091488, 19.8247191, 0.0 ], [ 72.9093083, 19.8244239, 0.0 ], [ 72.9095428, 19.8239856, 0.0 ], [ 72.9096973, 19.8236993, 0.0 ], [ 72.9097833, 19.8234885, 0.0 ], [ 72.9098359, 19.8232816, 0.0 ], [ 72.9099039, 19.8230162, 0.0 ], [ 72.9099406, 19.8226643, 0.0 ], [ 72.9099383, 19.8221307, 0.0 ], [ 72.9100037, 19.8215624, 0.0 ], [ 72.9100419, 19.8209302, 0.0 ], [ 72.9100957, 19.820452, 0.0 ], [ 72.9101361, 19.8201454, 0.0 ], [ 72.9102285, 19.8198624, 0.0 ], [ 72.9103071, 19.8195565, 0.0 ], [ 72.9103647, 19.8193362, 0.0 ], [ 72.9103882, 19.8191378, 0.0 ], [ 72.910378, 19.8189566, 0.0 ], [ 72.9102561, 19.8184342, 0.0 ], [ 72.9102394, 19.8179049, 0.0 ], [ 72.91028, 19.8171642, 0.0 ], [ 72.9103643, 19.8163973, 0.0 ], [ 72.9105731, 19.8156148, 0.0 ], [ 72.9107467, 19.814913, 0.0 ], [ 72.9108951, 19.8144729, 0.0 ], [ 72.9110614, 19.814092, 0.0 ], [ 72.9112947, 19.8137034, 0.0 ], [ 72.9116588, 19.813236, 0.0 ], [ 72.9120821, 19.8126884, 0.0 ], [ 72.9125956, 19.8119483, 0.0 ], [ 72.912829, 19.8115596, 0.0 ], [ 72.912961, 19.8112097, 0.0 ], [ 72.9130296, 19.8109262, 0.0 ], [ 72.9130953, 19.8104617, 0.0 ], [ 72.9130979, 19.8104438, 0.0 ], [ 72.9131201, 19.8098791, 0.0 ], [ 72.9131001, 19.8094989, 0.0 ], [ 72.9129657, 19.8088948, 0.0 ], [ 72.9128418, 19.8082458, 0.0 ], [ 72.9128265, 19.8078657, 0.0 ], [ 72.9127647, 19.8074303, 0.0 ], [ 72.912673, 19.8070487, 0.0 ], [ 72.9126676, 19.8068678, 0.0 ], [ 72.9126878, 19.8066059, 0.0 ], [ 72.9127888, 19.8063638, 0.0 ], [ 72.9128569, 19.806103, 0.0 ], [ 72.9128759, 19.8058954, 0.0 ], [ 72.9128527, 19.8056508, 0.0 ], [ 72.9127916, 19.8053963, 0.0 ], [ 72.9126567, 19.8050228, 0.0 ], [ 72.9125636, 19.8047044, 0.0 ], [ 72.9122638, 19.8042327, 0.0 ], [ 72.9121226, 19.8039268, 0.0 ], [ 72.9120285, 19.8036537, 0.0 ], [ 72.9119864, 19.8033996, 0.0 ], [ 72.9120101, 19.8031966, 0.0 ], [ 72.9121008, 19.8029905, 0.0 ], [ 72.9122978, 19.8027278, 0.0 ], [ 72.9124548, 19.8025455, 0.0 ], [ 72.912587, 19.8024035, 0.0 ], [ 72.9126341, 19.8022236, 0.0 ], [ 72.9126252, 19.8019838, 0.0 ], [ 72.9125866, 19.8017841, 0.0 ], [ 72.9124759, 19.80161, 0.0 ], [ 72.9121725, 19.8013009, 0.0 ], [ 72.9119257, 19.8010156, 0.0 ], [ 72.9116486, 19.8008065, 0.0 ], [ 72.9115554, 19.8007007, 0.0 ], [ 72.9115334, 19.8006188, 0.0 ], [ 72.9115502, 19.8005106, 0.0 ], [ 72.9116057, 19.8003807, 0.0 ], [ 72.911801, 19.8001947, 0.0 ], [ 72.9119528, 19.800026, 0.0 ], [ 72.9121008, 19.7998211, 0.0 ], [ 72.9122159, 19.7995882, 0.0 ], [ 72.9121707, 19.7994788, 0.0 ], [ 72.9120357, 19.7993224, 0.0 ], [ 72.9117676, 19.799136, 0.0 ], [ 72.9115413, 19.7990049, 0.0 ], [ 72.9111997, 19.7988984, 0.0 ], [ 72.9107644, 19.7987179, 0.0 ], [ 72.91043, 19.7985076, 0.0 ], [ 72.9101482, 19.7982939, 0.0 ], [ 72.9099996, 19.798101, 0.0 ], [ 72.9099323, 19.7979098, 0.0 ], [ 72.9098562, 19.7974742, 0.0 ], [ 72.9098176, 19.797071, 0.0 ], [ 72.9098697, 19.7966651, 0.0 ], [ 72.9099408, 19.7962686, 0.0 ], [ 72.909925, 19.7961237, 0.0 ], [ 72.9098413, 19.79581, 0.0 ], [ 72.9096456, 19.795381, 0.0 ], [ 72.9092931, 19.7949127, 0.0 ], [ 72.9089294, 19.7945255, 0.0 ], [ 72.9084238, 19.7940676, 0.0 ], [ 72.9082277, 19.7938692, 0.0 ], [ 72.9081225, 19.7936637, 0.0 ], [ 72.9079844, 19.7932223, 0.0 ], [ 72.9078227, 19.7927714, 0.0 ], [ 72.9076374, 19.7925144, 0.0 ], [ 72.9073427, 19.7922416, 0.0 ], [ 72.9070766, 19.791965, 0.0 ], [ 72.9070178, 19.7918236, 0.0 ], [ 72.9068678, 19.791486, 0.0 ], [ 72.9066791, 19.7911657, 0.0 ], [ 72.9063711, 19.7908474, 0.0 ], [ 72.9060761, 19.7905837, 0.0 ], [ 72.9057742, 19.7904148, 0.0 ], [ 72.9055782, 19.7904199, 0.0 ], [ 72.9053315, 19.7905596, 0.0 ], [ 72.9048952, 19.7908446, 0.0 ], [ 72.9045283, 19.7910135, 0.0 ], [ 72.9041592, 19.7908613, 0.0 ], [ 72.9040906, 19.7907243, 0.0 ], [ 72.9040672, 19.7904932, 0.0 ], [ 72.9041072, 19.7902001, 0.0 ], [ 72.9042366, 19.7897642, 0.0 ], [ 72.9042814, 19.7894712, 0.0 ], [ 72.9042582, 19.7892311, 0.0 ], [ 72.9041441, 19.7889982, 0.0 ], [ 72.903934, 19.7887815, 0.0 ], [ 72.9036184, 19.7885896, 0.0 ], [ 72.9034022, 19.7884315, 0.0 ], [ 72.9032782, 19.788212, 0.0 ], [ 72.9032229, 19.7879124, 0.0 ], [ 72.9032461, 19.787524, 0.0 ], [ 72.9032944, 19.7870774, 0.0 ], [ 72.9034091, 19.7864378, 0.0 ], [ 72.903418, 19.786049, 0.0 ], [ 72.903446, 19.7858643, 0.0 ], [ 72.9033848, 19.7856144, 0.0 ], [ 72.9031406, 19.7850126, 0.0 ], [ 72.9028519, 19.7842606, 0.0 ], [ 72.9027584, 19.7839604, 0.0 ], [ 72.9026968, 19.7837285, 0.0 ], [ 72.9025736, 19.7832648, 0.0 ], [ 72.9029782, 19.7817768, 0.0 ], [ 72.9029782, 19.7815016, 0.0 ], [ 72.9030533, 19.7810763, 0.0 ], [ 72.9030784, 19.7808261, 0.0 ], [ 72.9032287, 19.7805259, 0.0 ], [ 72.9034792, 19.7801756, 0.0 ], [ 72.9036044, 19.7797753, 0.0 ], [ 72.9036294, 19.77935, 0.0 ], [ 72.9036294, 19.7789747, 0.0 ], [ 72.9036294, 19.7784243, 0.0 ], [ 72.9035793, 19.778049, 0.0 ], [ 72.9035042, 19.7777988, 0.0 ], [ 72.9033289, 19.7776487, 0.0 ], [ 72.9030784, 19.7776237, 0.0 ], [ 72.9028279, 19.7775737, 0.0 ], [ 72.9025775, 19.7774236, 0.0 ], [ 72.902302, 19.7771984, 0.0 ], [ 72.9020765, 19.7769482, 0.0 ], [ 72.9020265, 19.776623, 0.0 ], [ 72.9020014, 19.7762227, 0.0 ], [ 72.9020014, 19.7758974, 0.0 ], [ 72.9032543, 19.7745826, 0.0 ], [ 72.90358, 19.7741572, 0.0 ], [ 72.9038805, 19.7736569, 0.0 ], [ 72.9042312, 19.7733066, 0.0 ], [ 72.9044566, 19.7729063, 0.0 ], [ 72.9045067, 19.772481, 0.0 ], [ 72.9044065, 19.7720306, 0.0 ], [ 72.9043314, 19.7716554, 0.0 ], [ 72.9041811, 19.7713301, 0.0 ], [ 72.9042813, 19.7708548, 0.0 ], [ 72.9044065, 19.7707046, 0.0 ], [ 72.9048573, 19.7707297, 0.0 ], [ 72.9053332, 19.7709048, 0.0 ], [ 72.9059891, 19.7709776, 0.0 ], [ 72.9060095, 19.7709799, 0.0 ], [ 72.9063351, 19.7710299, 0.0 ], [ 72.9066106, 19.7708798, 0.0 ], [ 72.9068109, 19.7706796, 0.0 ], [ 72.906836, 19.7703794, 0.0 ], [ 72.906861, 19.7699791, 0.0 ], [ 72.9067108, 19.7697539, 0.0 ], [ 72.9064603, 19.7696789, 0.0 ], [ 72.9061347, 19.7695788, 0.0 ], [ 72.9059093, 19.7692536, 0.0 ], [ 72.9056588, 19.7689033, 0.0 ], [ 72.9054584, 19.768453, 0.0 ], [ 72.9052581, 19.7678775, 0.0 ], [ 72.9051829, 19.7673271, 0.0 ], [ 72.9055587, 19.7671387, 0.0 ], [ 72.9059094, 19.7670137, 0.0 ], [ 72.9065355, 19.7665883, 0.0 ], [ 72.9066858, 19.7662131, 0.0 ], [ 72.9069613, 19.7657627, 0.0 ], [ 72.9072619, 19.7654875, 0.0 ], [ 72.9076877, 19.7652874, 0.0 ], [ 72.9078649, 19.7652047, 0.0 ], [ 72.9080634, 19.7651122, 0.0 ], [ 72.9083639, 19.764787, 0.0 ], [ 72.908414, 19.7644117, 0.0 ], [ 72.9082888, 19.7639864, 0.0 ], [ 72.9081886, 19.763461, 0.0 ], [ 72.9082137, 19.7629356, 0.0 ], [ 72.9082387, 19.7624102, 0.0 ], [ 72.9083389, 19.7618098, 0.0 ], [ 72.9082888, 19.7614595, 0.0 ], [ 72.9080884, 19.7612343, 0.0 ], [ 72.9077879, 19.7611593, 0.0 ], [ 72.9073871, 19.7612093, 0.0 ], [ 72.9064353, 19.7613344, 0.0 ], [ 72.9060096, 19.7612343, 0.0 ], [ 72.9055587, 19.7609341, 0.0 ], [ 72.9055587, 19.7605588, 0.0 ], [ 72.9057089, 19.7596674, 0.0 ], [ 72.9056088, 19.759192, 0.0 ], [ 72.9054835, 19.7586416, 0.0 ], [ 72.9053583, 19.7581413, 0.0 ], [ 72.9051329, 19.757841, 0.0 ], [ 72.9050327, 19.7574908, 0.0 ], [ 72.9049575, 19.7571655, 0.0 ], [ 72.9047822, 19.7569404, 0.0 ], [ 72.9045818, 19.7565901, 0.0 ], [ 72.9043564, 19.7561898, 0.0 ], [ 72.9042933, 19.7560558, 0.0 ], [ 72.9041561, 19.7557645, 0.0 ], [ 72.9036802, 19.7549889, 0.0 ], [ 72.9035299, 19.7544885, 0.0 ], [ 72.9035299, 19.7540632, 0.0 ], [ 72.90358, 19.7536379, 0.0 ], [ 72.9035597, 19.7531915, 0.0 ], [ 72.9035549, 19.7530875, 0.0 ], [ 72.9035048, 19.7527122, 0.0 ], [ 72.9033546, 19.752462, 0.0 ], [ 72.9033796, 19.7521868, 0.0 ], [ 72.9034548, 19.7519616, 0.0 ], [ 72.9037052, 19.750842, 0.0 ], [ 72.9038054, 19.7503417, 0.0 ], [ 72.9037804, 19.7496912, 0.0 ], [ 72.9038054, 19.7492408, 0.0 ], [ 72.9038305, 19.7484152, 0.0 ], [ 72.9038054, 19.7478898, 0.0 ], [ 72.9039056, 19.7473394, 0.0 ], [ 72.9039307, 19.7469141, 0.0 ], [ 72.9038806, 19.7464137, 0.0 ], [ 72.9038054, 19.7461135, 0.0 ], [ 72.9035049, 19.7458383, 0.0 ], [ 72.9032294, 19.7455881, 0.0 ], [ 72.903054, 19.7453629, 0.0 ], [ 72.9029539, 19.7450877, 0.0 ], [ 72.9029038, 19.7446374, 0.0 ], [ 72.9029288, 19.7444623, 0.0 ], [ 72.9031041, 19.7443372, 0.0 ], [ 72.9033045, 19.744112, 0.0 ], [ 72.9036051, 19.7438368, 0.0 ], [ 72.9037553, 19.7435866, 0.0 ], [ 72.9037804, 19.7432614, 0.0 ], [ 72.9039543, 19.7425989, 0.0 ], [ 72.9040812, 19.7422466, 0.0 ], [ 72.9041797, 19.7419734, 0.0 ], [ 72.9044301, 19.7417732, 0.0 ], [ 72.9046806, 19.7411978, 0.0 ], [ 72.9050313, 19.7410227, 0.0 ], [ 72.9056574, 19.7406974, 0.0 ], [ 72.9063587, 19.7403472, 0.0 ], [ 72.9067845, 19.7396967, 0.0 ], [ 72.9071101, 19.7395716, 0.0 ], [ 72.9073105, 19.7394215, 0.0 ], [ 72.9076611, 19.7393214, 0.0 ], [ 72.9078866, 19.7391463, 0.0 ], [ 72.9080368, 19.7388711, 0.0 ], [ 72.9082378, 19.738387, 0.0 ], [ 72.908313, 19.7374363, 0.0 ], [ 72.9084131, 19.737036, 0.0 ], [ 72.9085885, 19.7363105, 0.0 ], [ 72.9087388, 19.7360853, 0.0 ], [ 72.9091395, 19.7359352, 0.0 ], [ 72.9094901, 19.73571, 0.0 ], [ 72.9097335, 19.7353901, 0.0 ], [ 72.909966, 19.7350845, 0.0 ], [ 72.9101414, 19.7349094, 0.0 ], [ 72.9104169, 19.7344841, 0.0 ], [ 72.9106673, 19.7340338, 0.0 ], [ 72.9107141, 19.7339678, 0.0 ], [ 72.9116442, 19.7326577, 0.0 ], [ 72.9127211, 19.7315569, 0.0 ], [ 72.9136039, 19.7307691, 0.0 ], [ 72.9141048, 19.7304438, 0.0 ], [ 72.9144053, 19.7302186, 0.0 ], [ 72.9149063, 19.7297683, 0.0 ], [ 72.9152569, 19.729368, 0.0 ], [ 72.9157328, 19.7287676, 0.0 ], [ 72.915858, 19.7283923, 0.0 ], [ 72.9159833, 19.728067, 0.0 ], [ 72.9159833, 19.7278669, 0.0 ], [ 72.9159833, 19.7278608, 0.0 ], [ 72.9159833, 19.7275416, 0.0 ], [ 72.9159332, 19.7273415, 0.0 ], [ 72.9157328, 19.7271413, 0.0 ], [ 72.9154823, 19.7267911, 0.0 ], [ 72.9154322, 19.7263157, 0.0 ], [ 72.9155575, 19.7258654, 0.0 ], [ 72.9157078, 19.725415, 0.0 ], [ 72.9159084, 19.7248041, 0.0 ], [ 72.9159084, 19.724654, 0.0 ], [ 72.9158583, 19.7244788, 0.0 ], [ 72.9156079, 19.7242537, 0.0 ], [ 72.9145309, 19.723428, 0.0 ], [ 72.9140049, 19.7229027, 0.0 ], [ 72.9137043, 19.7225274, 0.0 ], [ 72.9133787, 19.722077, 0.0 ], [ 72.9131784, 19.7215767, 0.0 ], [ 72.9129529, 19.7209512, 0.0 ], [ 72.9128027, 19.7204258, 0.0 ], [ 72.912452, 19.7197503, 0.0 ], [ 72.9122007, 19.7187043, 0.0 ] ] } },
{ "type": "Feature", "properties": { "objectid": 9471, "rivname": "Hatni N", "rilcode": null, "st_length_": 6.88405, "bacode": 14, "ba_name": "West flowing rivers from Tapi to Tadri", "sub_basin": "Bhatsol and others", "remarks": null }, "geometry": { "type": "LineString", "coordinates": [ [ 73.4215778, 19.7333493, 0.0 ], [ 73.4211851, 19.7331661, 0.0 ], [ 73.4207595, 19.7331947, 0.0 ], [ 73.4205303, 19.7331953, 0.0 ], [ 73.4201743, 19.7333337, 0.0 ], [ 73.4197202, 19.7336015, 0.0 ], [ 73.4189726, 19.7339817, 0.0 ], [ 73.4180264, 19.7342634, 0.0 ], [ 73.4174898, 19.734358, 0.0 ], [ 73.4168017, 19.7343866, 0.0 ], [ 73.4166396, 19.7343747, 0.0 ], [ 73.4163638, 19.7343111, 0.0 ], [ 73.4161663, 19.7341584, 0.0 ], [ 73.4156968, 19.7337523, 0.0 ], [ 73.4151578, 19.7332363, 0.0 ], [ 73.4151247, 19.7332177, 0.0 ], [ 73.4150013, 19.7331838, 0.0 ], [ 73.4148059, 19.7331668, 0.0 ], [ 73.4146365, 19.7330373, 0.0 ], [ 73.4145285, 19.7329449, 0.0 ], [ 73.4143818, 19.7328745, 0.0 ], [ 73.4141353, 19.7327843, 0.0 ], [ 73.4138932, 19.7327167, 0.0 ], [ 73.4137222, 19.7326685, 0.0 ], [ 73.4134612, 19.7325916, 0.0 ], [ 73.4133409, 19.7319068, 0.0 ], [ 73.4134684, 19.7307651, 0.0 ], [ 73.4135318, 19.7302101, 0.0 ], [ 73.4130659, 19.730145, 0.0 ], [ 73.4119694, 19.7300719, 0.0 ], [ 73.4110558, 19.7299989, 0.0 ], [ 73.4102152, 19.7294512, 0.0 ], [ 73.4091919, 19.7283922, 0.0 ], [ 73.4084975, 19.7271872, 0.0 ], [ 73.4079616, 19.7266106, 0.0 ], [ 73.4075472, 19.7261648, 0.0 ], [ 73.4063777, 19.725544, 0.0 ], [ 73.4057743, 19.724955, 0.0 ], [ 73.404726, 19.7239317, 0.0 ], [ 73.4041047, 19.7229823, 0.0 ], [ 73.4032641, 19.7224711, 0.0 ], [ 73.4023504, 19.7223616, 0.0 ], [ 73.4015829, 19.7222155, 0.0 ], [ 73.4006327, 19.7211201, 0.0 ], [ 73.4001941, 19.7204993, 0.0 ], [ 73.3998286, 19.7203167, 0.0 ], [ 73.3989618, 19.7196849, 0.0 ], [ 73.3990028, 19.7195365, 0.0 ], [ 73.3987897, 19.7194513, 0.0 ], [ 73.3986058, 19.7193305, 0.0 ], [ 73.398338, 19.7191178, 0.0 ], [ 73.39801, 19.7188, 0.0 ], [ 73.3977556, 19.717961, 0.0 ], [ 73.3970351, 19.7168413, 0.0 ], [ 73.3968037, 19.7162302, 0.0 ], [ 73.3966616, 19.7158548, 0.0 ], [ 73.3962079, 19.7151616, 0.0 ], [ 73.3957276, 19.7137753, 0.0 ], [ 73.39471, 19.7129898, 0.0 ], [ 73.3938561, 19.71179, 0.0 ], [ 73.3929755, 19.7106969, 0.0 ], [ 73.392778, 19.7102858, 0.0 ], [ 73.3925817, 19.7098771, 0.0 ], [ 73.3920149, 19.7086974, 0.0 ], [ 73.3916146, 19.7078443, 0.0 ], [ 73.3910009, 19.7076576, 0.0 ], [ 73.3904405, 19.7077376, 0.0 ], [ 73.3902004, 19.7078976, 0.0 ], [ 73.3891335, 19.7082301, 0.0 ], [ 73.3888896, 19.7080087, 0.0 ], [ 73.3887161, 19.7078519, 0.0 ], [ 73.3884209, 19.7075232, 0.0 ], [ 73.3879793, 19.7070819, 0.0 ], [ 73.3872431, 19.7062413, 0.0 ], [ 73.3868225, 19.7053377, 0.0 ], [ 73.3867173, 19.7046232, 0.0 ], [ 73.3863597, 19.7045391, 0.0 ], [ 73.385855, 19.7046022, 0.0 ], [ 73.3853081, 19.7045601, 0.0 ], [ 73.3847192, 19.7042239, 0.0 ], [ 73.3844247, 19.7038246, 0.0 ], [ 73.3839831, 19.7034463, 0.0 ], [ 73.3833731, 19.7031731, 0.0 ], [ 73.3828473, 19.7027949, 0.0 ], [ 73.3824687, 19.7024376, 0.0 ], [ 73.3823005, 19.7019963, 0.0 ], [ 73.3822794, 19.7013869, 0.0 ], [ 73.3823154, 19.6998393, 0.0 ], [ 73.3822961, 19.6990894, 0.0 ] ] } },
{ "type": "Feature", "properties": { "objectid": 9629, "rivname": "Hiwala N", "rilcode": null, "st_length_": 14.6105, "bacode": 14, "ba_name": "West flowing rivers from Tapi to Tadri", "sub_basin": "Bhatsol and others", "remarks": null }, "geometry": { "type": "LineString", "coordinates": [ [ 73.0436432, 19.6874023, 0.0 ], [ 73.0437758, 19.687016, 0.0 ], [ 73.0438563, 19.6866062, 0.0 ], [ 73.0438536, 19.6862941, 0.0 ], [ 73.0437196, 19.6858709, 0.0 ], [ 73.0434738, 19.6851065, 0.0 ], [ 73.0433396, 19.6846924, 0.0 ], [ 73.0432926, 19.6844384, 0.0 ], [ 73.0432922, 19.6842394, 0.0 ], [ 73.0434683, 19.6838268, 0.0 ], [ 73.0435983, 19.6835536, 0.0 ], [ 73.0438482, 19.68326, 0.0 ], [ 73.043751, 19.6829009, 0.0 ], [ 73.0438744, 19.682539, 0.0 ], [ 73.043964, 19.6818042, 0.0 ], [ 73.043932, 19.6813059, 0.0 ], [ 73.0437273, 19.6809992, 0.0 ], [ 73.043293, 19.6807035, 0.0 ], [ 73.0429528, 19.6803261, 0.0 ], [ 73.0426916, 19.6800406, 0.0 ], [ 73.0424868, 19.6798061, 0.0 ], [ 73.0424874, 19.6797789, 0.0 ], [ 73.0419522, 19.6795876, 0.0 ], [ 73.041185, 19.6793012, 0.0 ], [ 73.0408869, 19.6791869, 0.0 ], [ 73.0404439, 19.678925, 0.0 ], [ 73.0399762, 19.6784817, 0.0 ], [ 73.0398287, 19.6782392, 0.0 ], [ 73.0396251, 19.6779459, 0.0 ], [ 73.039372, 19.6777329, 0.0 ], [ 73.0389557, 19.677562, 0.0 ], [ 73.0385208, 19.6775851, 0.0 ], [ 73.0380008, 19.6777919, 0.0 ], [ 73.0375406, 19.6778778, 0.0 ], [ 73.0371547, 19.6778432, 0.0 ], [ 73.0368467, 19.6777377, 0.0 ], [ 73.0366592, 19.6775848, 0.0 ], [ 73.0363882, 19.6773172, 0.0 ], [ 73.0360988, 19.6770131, 0.0 ], [ 73.0359452, 19.6768337, 0.0 ], [ 73.0357045, 19.6767114, 0.0 ], [ 73.0354158, 19.6765927, 0.0 ], [ 73.0352617, 19.6764405, 0.0 ], [ 73.0351194, 19.67618, 0.0 ], [ 73.0349035, 19.6755743, 0.0 ], [ 73.0348445, 19.6754376, 0.0 ], [ 73.0347112, 19.6751998, 0.0 ], [ 73.0344407, 19.6751267, 0.0 ], [ 73.0341594, 19.6751166, 0.0 ], [ 73.0339603, 19.6752665, 0.0 ], [ 73.033595, 19.6753859, 0.0 ], [ 73.0332357, 19.6754467, 0.0 ], [ 73.0327241, 19.6754818, 0.0 ], [ 73.032279, 19.6755364, 0.0 ], [ 73.0316992, 19.6754165, 0.0 ], [ 73.0311885, 19.6754155, 0.0 ], [ 73.0309563, 19.6755556, 0.0 ], [ 73.0304661, 19.6757087, 0.0 ], [ 73.0302555, 19.6757363, 0.0 ], [ 73.0299322, 19.6756757, 0.0 ], [ 73.029817, 19.675488, 0.0 ], [ 73.0296487, 19.6751094, 0.0 ], [ 73.0294748, 19.6743283, 0.0 ], [ 73.0292607, 19.6740799, 0.0 ], [ 73.0286112, 19.6738772, 0.0 ], [ 73.0277855, 19.673653, 0.0 ], [ 73.0275675, 19.6733639, 0.0 ], [ 73.0273939, 19.6727907, 0.0 ], [ 73.0274647, 19.6721727, 0.0 ], [ 73.0274838, 19.6717389, 0.0 ], [ 73.0272022, 19.6710868, 0.0 ], [ 73.027346, 19.670624, 0.0 ], [ 73.0273447, 19.6700271, 0.0 ], [ 73.0272557, 19.669519, 0.0 ], [ 73.0274747, 19.6686732, 0.0 ], [ 73.0276056, 19.6681422, 0.0 ], [ 73.0274493, 19.6676508, 0.0 ], [ 73.0266957, 19.6669713, 0.0 ], [ 73.0266728, 19.6669256, 0.0 ], [ 73.0264975, 19.6666554, 0.0 ], [ 73.0263248, 19.6662541, 0.0 ], [ 73.0261272, 19.665468, 0.0 ], [ 73.0261015, 19.6651193, 0.0 ], [ 73.0260415, 19.6648062, 0.0 ], [ 73.0260248, 19.6642677, 0.0 ], [ 73.026073, 19.6640291, 0.0 ], [ 73.0261561, 19.6637187, 0.0 ], [ 73.026379, 19.6633478, 0.0 ], [ 73.0266685, 19.6629918, 0.0 ], [ 73.027112, 19.6625709, 0.0 ], [ 73.0272915, 19.6624389, 0.0 ], [ 73.0274141, 19.6622875, 0.0 ], [ 73.0275141, 19.6620814, 0.0 ], [ 73.0276101, 19.6618392, 0.0 ], [ 73.0276714, 19.6616595, 0.0 ], [ 73.0277221, 19.6613034, 0.0 ], [ 73.0278005, 19.6609929, 0.0 ], [ 73.0279836, 19.6606981, 0.0 ], [ 73.0281177, 19.6604566, 0.0 ], [ 73.0281945, 19.6602229, 0.0 ], [ 73.0282131, 19.6600244, 0.0 ], [ 73.0282077, 19.6598389, 0.0 ], [ 73.0280863, 19.6597143, 0.0 ], [ 73.0278905, 19.6597151, 0.0 ], [ 73.0274765, 19.6596617, 0.0 ], [ 73.0269743, 19.6597061, 0.0 ], [ 73.0267161, 19.6597326, 0.0 ], [ 73.0264448, 19.6596957, 0.0 ], [ 73.0262632, 19.6594841, 0.0 ], [ 73.0262454, 19.6592124, 0.0 ], [ 73.0261805, 19.6589082, 0.0 ], [ 73.0261619, 19.6586636, 0.0 ], [ 73.0262917, 19.6584085, 0.0 ], [ 73.0263845, 19.6580939, 0.0 ], [ 73.0264215, 19.6577102, 0.0 ], [ 73.0265416, 19.6572378, 0.0 ], [ 73.0266206, 19.6566832, 0.0 ], [ 73.0265943, 19.6561401, 0.0 ], [ 73.026731, 19.6560026, 0.0 ], [ 73.0270422, 19.6557375, 0.0 ], [ 73.0277325, 19.6556018, 0.0 ], [ 73.0280823, 19.6555363, 0.0 ], [ 73.0282362, 19.6554318, 0.0 ], [ 73.0281045, 19.6553829, 0.0 ], [ 73.0280532, 19.6552804, 0.0 ], [ 73.0280485, 19.6550753, 0.0 ], [ 73.0280859, 19.6549588, 0.0 ], [ 73.0283474, 19.6547928, 0.0 ], [ 73.0284564, 19.6546074, 0.0 ], [ 73.0285036, 19.6544132, 0.0 ], [ 73.0284771, 19.6543337, 0.0 ], [ 73.0283209, 19.6542207, 0.0 ], [ 73.0282119, 19.6541413, 0.0 ], [ 73.0281382, 19.6539794, 0.0 ], [ 73.0281412, 19.6537351, 0.0 ], [ 73.0281285, 19.6533857, 0.0 ], [ 73.0280386, 19.6531576, 0.0 ], [ 73.0278889, 19.6529968, 0.0 ], [ 73.0277691, 19.652866, 0.0 ], [ 73.0276642, 19.6527276, 0.0 ], [ 73.0276905, 19.6526154, 0.0 ], [ 73.0278028, 19.6524471, 0.0 ], [ 73.0278416, 19.6521983, 0.0 ], [ 73.0278321, 19.6519275, 0.0 ], [ 73.027756, 19.6516947, 0.0 ], [ 73.0276418, 19.6515617, 0.0 ], [ 73.0275562, 19.6514524, 0.0 ], [ 73.0275562, 19.6513194, 0.0 ], [ 73.02758, 19.6511531, 0.0 ], [ 73.0276579, 19.6510879, 0.0 ], [ 73.027771, 19.650978, 0.0 ], [ 73.0278424, 19.6508473, 0.0 ], [ 73.0279227, 19.6506749, 0.0 ], [ 73.0278662, 19.6505204, 0.0 ], [ 73.0276724, 19.6503256, 0.0 ], [ 73.0276271, 19.6501972, 0.0 ], [ 73.0276687, 19.6499745, 0.0 ], [ 73.0277518, 19.6497593, 0.0 ], [ 73.0278614, 19.6495064, 0.0 ], [ 73.0279111, 19.6491872, 0.0 ], [ 73.0277286, 19.6489425, 0.0 ], [ 73.0275509, 19.6487986, 0.0 ], [ 73.0273636, 19.6486164, 0.0 ], [ 73.0274308, 19.6484869, 0.0 ], [ 73.0275797, 19.6484533, 0.0 ], [ 73.0277574, 19.6484389, 0.0 ], [ 73.0280599, 19.6482998, 0.0 ], [ 73.0282936, 19.6479847, 0.0 ], [ 73.0284227, 19.6477327, 0.0 ], [ 73.0284558, 19.6473967, 0.0 ], [ 73.0284812, 19.6469492, 0.0 ], [ 73.0285968, 19.6464219, 0.0 ], [ 73.028566, 19.6462449, 0.0 ], [ 73.0284433, 19.645937, 0.0 ], [ 73.028343, 19.6457627, 0.0 ], [ 73.0282382, 19.6455273, 0.0 ], [ 73.0282295, 19.6453791, 0.0 ], [ 73.0283517, 19.6452397, 0.0 ], [ 73.0286014, 19.6448006, 0.0 ], [ 73.0293199, 19.6443292, 0.0 ], [ 73.0296862, 19.6441041, 0.0 ], [ 73.0299892, 19.644097, 0.0 ], [ 73.0302075, 19.6441041, 0.0 ], [ 73.0302498, 19.6441392, 0.0 ], [ 73.0303343, 19.6442166, 0.0 ], [ 73.0304259, 19.6443081, 0.0 ], [ 73.0305175, 19.6443081, 0.0 ], [ 73.0306388, 19.6442597, 0.0 ], [ 73.0306584, 19.6442518, 0.0 ], [ 73.0307429, 19.6438086, 0.0 ], [ 73.0307288, 19.6436327, 0.0 ], [ 73.0306443, 19.6435553, 0.0 ], [ 73.030595, 19.6434357, 0.0 ], [ 73.030602, 19.643316, 0.0 ], [ 73.0307147, 19.643105, 0.0 ], [ 73.0306795, 19.6427461, 0.0 ], [ 73.0306443, 19.6425914, 0.0 ], [ 73.0304229, 19.6425011, 0.0 ], [ 73.0301598, 19.6424899, 0.0 ], [ 73.0295944, 19.6425011, 0.0 ], [ 73.0292026, 19.6426073, 0.0 ], [ 73.0290067, 19.6427024, 0.0 ], [ 73.0288108, 19.642803, 0.0 ], [ 73.0286932, 19.6428254, 0.0 ], [ 73.0286036, 19.6427974, 0.0 ], [ 73.0285085, 19.6427303, 0.0 ], [ 73.0284189, 19.6425011, 0.0 ], [ 73.0283909, 19.6422551, 0.0 ], [ 73.0284581, 19.6421153, 0.0 ], [ 73.0286148, 19.6419755, 0.0 ], [ 73.0289059, 19.6418078, 0.0 ], [ 73.0290683, 19.6416233, 0.0 ], [ 73.0291308, 19.6413992, 0.0 ], [ 73.0291458, 19.6412397, 0.0 ], [ 73.0291108, 19.6411649, 0.0 ], [ 73.0289661, 19.6410503, 0.0 ], [ 73.0287565, 19.6409456, 0.0 ], [ 73.0285769, 19.640826, 0.0 ], [ 73.028542, 19.6407114, 0.0 ], [ 73.0285519, 19.6405669, 0.0 ], [ 73.0285639, 19.6404117, 0.0 ], [ 73.0284975, 19.6403688, 0.0 ], [ 73.0283023, 19.640363, 0.0 ], [ 73.0280661, 19.640361, 0.0 ], [ 73.0279334, 19.6402499, 0.0 ], [ 73.0278738, 19.6400958, 0.0 ], [ 73.0278671, 19.6398346, 0.0 ], [ 73.0278402, 19.6397718, 0.0 ], [ 73.0276964, 19.6396776, 0.0 ], [ 73.0275976, 19.6396013, 0.0 ], [ 73.0274674, 19.6396103, 0.0 ], [ 73.0272653, 19.6397135, 0.0 ], [ 73.0271865, 19.6397535, 0.0 ], [ 73.0269824, 19.639857, 0.0 ], [ 73.0268432, 19.6398884, 0.0 ], [ 73.0267084, 19.6398929, 0.0 ], [ 73.0265917, 19.6398391, 0.0 ], [ 73.0264524, 19.6396417, 0.0 ], [ 73.026448, 19.6394668, 0.0 ], [ 73.0265063, 19.6391169, 0.0 ], [ 73.0265324, 19.6387281, 0.0 ], [ 73.0263007, 19.6382271, 0.0 ], [ 73.0261074, 19.6379172, 0.0 ], [ 73.026026, 19.6377699, 0.0 ], [ 73.0258073, 19.6376581, 0.0 ], [ 73.0255632, 19.6376124, 0.0 ], [ 73.0253546, 19.637648, 0.0 ], [ 73.0251512, 19.6378055, 0.0 ], [ 73.0248328, 19.6382044, 0.0 ], [ 73.0244932, 19.6384103, 0.0 ], [ 73.0241699, 19.6386, 0.0 ], [ 73.0237172, 19.6386888, 0.0 ], [ 73.0234302, 19.6386969, 0.0 ], [ 73.022731, 19.6385435, 0.0 ], [ 73.0221045, 19.6385677, 0.0 ], [ 73.0217771, 19.638709, 0.0 ], [ 73.0215023, 19.6388665, 0.0 ], [ 73.0213648, 19.6389351, 0.0 ], [ 73.0212032, 19.6388745, 0.0 ], [ 73.0210051, 19.6387413, 0.0 ], [ 73.0207732, 19.6386501, 0.0 ], [ 73.0205767, 19.638677, 0.0 ], [ 73.0202236, 19.6387374, 0.0 ], [ 73.0196813, 19.6387658, 0.0 ], [ 73.0194046, 19.6386291, 0.0 ], [ 73.0191628, 19.6384417, 0.0 ], [ 73.0190165, 19.6383813, 0.0 ], [ 73.0188288, 19.6384226, 0.0 ], [ 73.0187366, 19.6384894, 0.0 ], [ 73.0187016, 19.6385815, 0.0 ], [ 73.0187016, 19.6387689, 0.0 ], [ 73.0188106, 19.6392398, 0.0 ], [ 73.0188106, 19.6394209, 0.0 ], [ 73.0187608, 19.6395251, 0.0 ], [ 73.018652, 19.6395749, 0.0 ], [ 73.0184253, 19.6395703, 0.0 ], [ 73.0179628, 19.6394617, 0.0 ], [ 73.0177135, 19.6394481, 0.0 ], [ 73.0175593, 19.6394934, 0.0 ], [ 73.0174823, 19.6396518, 0.0 ], [ 73.01754, 19.6401926, 0.0 ], [ 73.0175594, 19.6405346, 0.0 ], [ 73.0174753, 19.6406315, 0.0 ], [ 73.0172944, 19.6406831, 0.0 ], [ 73.0169325, 19.6405927, 0.0 ], [ 73.0161359, 19.6400011, 0.0 ], [ 73.015999, 19.6399471, 0.0 ], [ 73.0157072, 19.6399579, 0.0 ], [ 73.0154435, 19.6400244, 0.0 ], [ 73.0153505, 19.6400479, 0.0 ], [ 73.0151632, 19.6400587, 0.0 ], [ 73.0150839, 19.6400227, 0.0 ], [ 73.0150047, 19.6398968, 0.0 ], [ 73.0148914, 19.6394714, 0.0 ], [ 73.0143038, 19.6385411, 0.0 ], [ 73.0141693, 19.6383467, 0.0 ], [ 73.013883, 19.6382237, 0.0 ], [ 73.013717, 19.6382295, 0.0 ], [ 73.013591, 19.6382992, 0.0 ], [ 73.0132605, 19.6384349, 0.0 ], [ 73.0130879, 19.6384496, 0.0 ], [ 73.0129925, 19.6384386, 0.0 ], [ 73.0128713, 19.6384129, 0.0 ], [ 73.012504, 19.6382332, 0.0 ], [ 73.0121846, 19.6380204, 0.0 ], [ 73.0119055, 19.6379764, 0.0 ], [ 73.0116264, 19.6380241, 0.0 ], [ 73.0114685, 19.6380901, 0.0 ], [ 73.0111343, 19.6384679, 0.0 ], [ 73.0107524, 19.638908, 0.0 ], [ 73.0102039, 19.6392639, 0.0 ], [ 73.0101179, 19.639358, 0.0 ], [ 73.0100217, 19.6394684, 0.0 ], [ 73.0098456, 19.639585, 0.0 ], [ 73.0097453, 19.6396361, 0.0 ], [ 73.0095753, 19.639675, 0.0 ], [ 73.0093767, 19.6396463, 0.0 ], [ 73.0091966, 19.6396198, 0.0 ], [ 73.0090605, 19.6394911, 0.0 ], [ 73.00889, 19.639005, 0.0 ], [ 73.0087652, 19.638465, 0.0 ], [ 73.0086238, 19.6381783, 0.0 ], [ 73.0082297, 19.6378106, 0.0 ], [ 73.0075496, 19.6375409, 0.0 ], [ 73.0074292, 19.6375214, 0.0 ], [ 73.0073446, 19.6375409, 0.0 ], [ 73.0067985, 19.6378394, 0.0 ], [ 73.0064513, 19.6379984, 0.0 ], [ 73.0061701, 19.6380397, 0.0 ], [ 73.0060151, 19.6380479, 0.0 ], [ 73.0059097, 19.6379757, 0.0 ], [ 73.0058001, 19.6377919, 0.0 ], [ 73.0056625, 19.6373301, 0.0 ], [ 73.0055314, 19.6364104, 0.0 ], [ 73.0054333, 19.635821, 0.0 ], [ 73.0052935, 19.6353932, 0.0 ], [ 73.005118, 19.6351228, 0.0 ], [ 73.00493, 19.634932, 0.0 ], [ 73.0043365, 19.6345043, 0.0 ], [ 73.0037175, 19.6341529, 0.0 ], [ 73.0032893, 19.6340851, 0.0 ], [ 73.0029162, 19.6340978, 0.0 ], [ 73.0018945, 19.6342249, 0.0 ], [ 73.0013137, 19.6343053, 0.0 ], [ 73.0009915, 19.6342969, 0.0 ], [ 73.0006878, 19.634149, 0.0 ], [ 73.000517, 19.6339999, 0.0 ], [ 73.0003909, 19.6338177, 0.0 ], [ 73.0002732, 19.6337216, 0.0 ], [ 73.0001919, 19.6337133, 0.0 ], [ 73.0000047, 19.6337397, 0.0 ], [ 72.9997661, 19.6339092, 0.0 ], [ 72.9996837, 19.6341149, 0.0 ], [ 72.9996323, 19.6344131, 0.0 ], [ 72.9995911, 19.6346188, 0.0 ], [ 72.9994881, 19.6347834, 0.0 ], [ 72.9993955, 19.6348965, 0.0 ], [ 72.999241, 19.6349685, 0.0 ], [ 72.9989116, 19.6349788, 0.0 ], [ 72.9986336, 19.6349788, 0.0 ], [ 72.9983968, 19.6349685, 0.0 ], [ 72.9980468, 19.6347834, 0.0 ], [ 72.9977173, 19.6345263, 0.0 ], [ 72.9975114, 19.6342794, 0.0 ], [ 72.997357, 19.6340121, 0.0 ], [ 72.9971099, 19.6337138, 0.0 ], [ 72.9968937, 19.6334773, 0.0 ], [ 72.996626, 19.6331687, 0.0 ], [ 72.9964612, 19.6328808, 0.0 ], [ 72.9962553, 19.6325826, 0.0 ], [ 72.99607, 19.6322843, 0.0 ], [ 72.9956979, 19.631478, 0.0 ], [ 72.9955022, 19.6310975, 0.0 ], [ 72.995286, 19.6308815, 0.0 ], [ 72.9949051, 19.6306655, 0.0 ], [ 72.9946786, 19.6304084, 0.0 ], [ 72.9944212, 19.630141, 0.0 ], [ 72.994205, 19.6299868, 0.0 ], [ 72.9939167, 19.6297297, 0.0 ], [ 72.9935128, 19.629355, 0.0 ], [ 72.9934613, 19.6292213, 0.0 ], [ 72.9934201, 19.6288408, 0.0 ], [ 72.9934407, 19.6284809, 0.0 ], [ 72.9934407, 19.6282032, 0.0 ], [ 72.9933172, 19.6280181, 0.0 ], [ 72.9932039, 19.6278535, 0.0 ], [ 72.9931623, 19.6274061, 0.0 ], [ 72.9932756, 19.627221, 0.0 ], [ 72.9933064, 19.627077, 0.0 ], [ 72.9933167, 19.6269227, 0.0 ], [ 72.9932859, 19.6266656, 0.0 ], [ 72.993255, 19.6265114, 0.0 ], [ 72.9931211, 19.6263879, 0.0 ], [ 72.9929358, 19.6262337, 0.0 ], [ 72.9927402, 19.6261514, 0.0 ], [ 72.9924416, 19.6261514, 0.0 ], [ 72.9918857, 19.626172, 0.0 ], [ 72.9915768, 19.6261308, 0.0 ], [ 72.9911753, 19.6261103, 0.0 ], [ 72.9908149, 19.6260897, 0.0 ], [ 72.9903408, 19.6260905, 0.0 ] ] } },
{ "type": "Feature", "properties": { "objectid": 10395, "rivname": "Jawhar", "rilcode": null, "st_length_": 11.5348, "bacode": 14, "ba_name": "West flowing rivers from Tapi to Tadri", "sub_basin": "Bhatsol and others", "remarks": null }, "geometry": { "type": "LineString", "coordinates": [ [ 73.2540349, 19.8683346, 0.0 ], [ 73.2541452, 19.8681758, 0.0 ], [ 73.2547385, 19.8671426, 0.0 ], [ 73.2548112, 19.8670232, 0.0 ], [ 73.2555234, 19.8658536, 0.0 ], [ 73.256567, 19.8646428, 0.0 ], [ 73.2569473, 19.8644224, 0.0 ], [ 73.2573505, 19.8643465, 0.0 ], [ 73.2578449, 19.8643617, 0.0 ], [ 73.2585523, 19.8646579, 0.0 ], [ 73.2594727, 19.8653949, 0.0 ], [ 73.2601531, 19.8659305, 0.0 ], [ 73.2603703, 19.8661014, 0.0 ], [ 73.2607374, 19.8662326, 0.0 ], [ 73.2611377, 19.8662326, 0.0 ], [ 73.261602, 19.8662379, 0.0 ], [ 73.2618688, 19.8661313, 0.0 ], [ 73.2618831, 19.8661191, 0.0 ], [ 73.2620876, 19.8659447, 0.0 ], [ 73.2621944, 19.8656782, 0.0 ], [ 73.2622157, 19.8652305, 0.0 ], [ 73.2619325, 19.864562, 0.0 ], [ 73.2613722, 19.8640129, 0.0 ], [ 73.2595794, 19.8626086, 0.0 ], [ 73.2578616, 19.8612684, 0.0 ], [ 73.2572907, 19.8607049, 0.0 ], [ 73.2571835, 19.8605041, 0.0 ], [ 73.2570221, 19.8602018, 0.0 ], [ 73.2570041, 19.8596545, 0.0 ], [ 73.2571329, 19.8591719, 0.0 ], [ 73.2574658, 19.8588072, 0.0 ], [ 73.2579705, 19.8584211, 0.0 ], [ 73.2588725, 19.8580886, 0.0 ], [ 73.2609893, 19.857902, 0.0 ], [ 73.2626, 19.8576339, 0.0 ], [ 73.2629792, 19.8574225, 0.0 ], [ 73.2630618, 19.8573765, 0.0 ], [ 73.2634805, 19.8571191, 0.0 ], [ 73.2636301, 19.8569869, 0.0 ], [ 73.2637597, 19.8568724, 0.0 ], [ 73.2639853, 19.8564327, 0.0 ], [ 73.2640819, 19.8558213, 0.0 ], [ 73.2640744, 19.8557948, 0.0 ], [ 73.2638993, 19.8551778, 0.0 ], [ 73.2633467, 19.8541414, 0.0 ], [ 73.2630613, 19.8536061, 0.0 ], [ 73.2625888, 19.8529948, 0.0 ], [ 73.2622652, 19.8527883, 0.0 ], [ 73.2618157, 19.8525014, 0.0 ], [ 73.2610318, 19.8523942, 0.0 ], [ 73.2597432, 19.8523834, 0.0 ], [ 73.2587231, 19.8523191, 0.0 ], [ 73.2585318, 19.8522854, 0.0 ], [ 73.258358, 19.8522547, 0.0 ], [ 73.2582622, 19.852183, 0.0 ], [ 73.2580143, 19.8519973, 0.0 ], [ 73.2577776, 19.8512624, 0.0 ], [ 73.2578313, 19.8503723, 0.0 ], [ 73.2583257, 19.849533, 0.0 ], [ 73.2585368, 19.8492383, 0.0 ], [ 73.259217, 19.8482889, 0.0 ], [ 73.2610117, 19.8460854, 0.0 ], [ 73.2616452, 19.845163, 0.0 ], [ 73.2617204, 19.8445302, 0.0 ], [ 73.2615271, 19.8440905, 0.0 ], [ 73.2605803, 19.8437518, 0.0 ], [ 73.2584219, 19.8431404, 0.0 ], [ 73.2579672, 19.842968, 0.0 ], [ 73.2575735, 19.8428187, 0.0 ], [ 73.2573821, 19.8426709, 0.0 ], [ 73.2571011, 19.842454, 0.0 ], [ 73.2567682, 19.8419928, 0.0 ], [ 73.2567363, 19.8418943, 0.0 ], [ 73.2566501, 19.8416282, 0.0 ], [ 73.2567037, 19.8412957, 0.0 ], [ 73.2567776, 19.8412282, 0.0 ], [ 73.2576391, 19.8404404, 0.0 ], [ 73.2584767, 19.8399792, 0.0 ], [ 73.2598619, 19.8397647, 0.0 ], [ 73.2609907, 19.8394843, 0.0 ], [ 73.2619678, 19.838991, 0.0 ], [ 73.2632566, 19.838421, 0.0 ], [ 73.2642553, 19.8378848, 0.0 ], [ 73.2642945, 19.8378385, 0.0 ], [ 73.2646096, 19.8374665, 0.0 ], [ 73.2647727, 19.8372071, 0.0 ], [ 73.2648996, 19.8370053, 0.0 ], [ 73.264865, 19.836583, 0.0 ], [ 73.2648566, 19.8364798, 0.0 ], [ 73.2645559, 19.8359114, 0.0 ], [ 73.2638996, 19.835421, 0.0 ], [ 73.263062, 19.8347774, 0.0 ], [ 73.2619077, 19.834237, 0.0 ], [ 73.2616875, 19.8341339, 0.0 ], [ 73.260848, 19.8335979, 0.0 ], [ 73.2603774, 19.8332974, 0.0 ], [ 73.259836, 19.83285, 0.0 ], [ 73.2595076, 19.8325788, 0.0 ], [ 73.2587978, 19.8316621, 0.0 ], [ 73.2585723, 19.8310293, 0.0 ], [ 73.2585938, 19.8303429, 0.0 ], [ 73.2588515, 19.8296029, 0.0 ], [ 73.2594112, 19.8287693, 0.0 ], [ 73.2599804, 19.8283511, 0.0 ], [ 73.2609468, 19.8279542, 0.0 ], [ 73.2619978, 19.8277107, 0.0 ], [ 73.2628904, 19.8275038, 0.0 ], [ 73.2635725, 19.8273224, 0.0 ], [ 73.2647811, 19.8270012, 0.0 ], [ 73.2651574, 19.8269011, 0.0 ], [ 73.2663172, 19.8263542, 0.0 ], [ 73.2669185, 19.825893, 0.0 ], [ 73.2669858, 19.825794, 0.0 ], [ 73.2673051, 19.8253245, 0.0 ], [ 73.2674347, 19.8244703, 0.0 ], [ 73.2672629, 19.8236981, 0.0 ], [ 73.2668226, 19.8229795, 0.0 ], [ 73.266071, 19.8220786, 0.0 ], [ 73.2659067, 19.8219528, 0.0 ], [ 73.2637966, 19.8203369, 0.0 ], [ 73.2636533, 19.8202272, 0.0 ], [ 73.2624048, 19.8193769, 0.0 ], [ 73.2622816, 19.8192931, 0.0 ], [ 73.2619996, 19.819101, 0.0 ], [ 73.2612479, 19.8186827, 0.0 ], [ 73.2610654, 19.8184146, 0.0 ], [ 73.2609436, 19.8180395, 0.0 ], [ 73.2609365, 19.8180178, 0.0 ], [ 73.2608828, 19.8176317, 0.0 ], [ 73.2613674, 19.8149538, 0.0 ], [ 73.2616899, 19.8135292, 0.0 ], [ 73.261851, 19.8120201, 0.0 ], [ 73.2617657, 19.8110163, 0.0 ], [ 73.2614602, 19.8096648, 0.0 ], [ 73.2613836, 19.8093261, 0.0 ] ] } },
{ "type": "Feature", "properties": { "objectid": 10396, "rivname": "Jawhar N", "rilcode": null, "st_length_": 11.8801, "bacode": 14, "ba_name": "West flowing rivers from Tapi to Tadri", "sub_basin": "Bhatsol and others", "remarks": null }, "geometry": { "type": "LineString", "coordinates": [ [ 73.2383143, 19.9237247, 0.0 ], [ 73.2383424, 19.9230607, 0.0 ], [ 73.238389, 19.9226592, 0.0 ], [ 73.2384385, 19.9223436, 0.0 ], [ 73.2385975, 19.9220527, 0.0 ], [ 73.2388564, 19.9215557, 0.0 ], [ 73.2389292, 19.9212722, 0.0 ], [ 73.2389774, 19.9207894, 0.0 ], [ 73.2389627, 19.920346, 0.0 ], [ 73.2390891, 19.9197832, 0.0 ], [ 73.2392946, 19.9190953, 0.0 ], [ 73.2394845, 19.9186965, 0.0 ], [ 73.2395134, 19.9184529, 0.0 ], [ 73.2396577, 19.9181798, 0.0 ], [ 73.2398364, 19.9178576, 0.0 ], [ 73.2400196, 19.9175536, 0.0 ], [ 73.2402801, 19.9172058, 0.0 ], [ 73.2405935, 19.9168454, 0.0 ], [ 73.240916, 19.9165077, 0.0 ], [ 73.2411357, 19.9162858, 0.0 ], [ 73.2414998, 19.9160122, 0.0 ], [ 73.2419599, 19.9157268, 0.0 ], [ 73.2424372, 19.9155277, 0.0 ], [ 73.2430971, 19.9152822, 0.0 ], [ 73.2434984, 19.9150636, 0.0 ], [ 73.2437539, 19.9149598, 0.0 ], [ 73.2439935, 19.9147021, 0.0 ], [ 73.2444413, 19.9143125, 0.0 ], [ 73.2448595, 19.9139676, 0.0 ], [ 73.2452767, 19.9136724, 0.0 ], [ 73.2456246, 19.9134889, 0.0 ], [ 73.2458209, 19.913244, 0.0 ], [ 73.2460206, 19.9130623, 0.0 ], [ 73.2462089, 19.9127402, 0.0 ], [ 73.2463045, 19.9125114, 0.0 ], [ 73.2463381, 19.9122725, 0.0 ], [ 73.2464205, 19.9117495, 0.0 ], [ 73.246527, 19.9114531, 0.0 ], [ 73.2468953, 19.9107501, 0.0 ], [ 73.2472793, 19.9102102, 0.0 ], [ 73.2475047, 19.9099431, 0.0 ], [ 73.2473228, 19.9097227, 0.0 ], [ 73.2470682, 19.9095552, 0.0 ], [ 73.2465402, 19.9091974, 0.0 ], [ 73.2460959, 19.9089541, 0.0 ], [ 73.2456962, 19.9086393, 0.0 ], [ 73.245483, 19.9083144, 0.0 ], [ 73.2452855, 19.9079264, 0.0 ], [ 73.2451466, 19.9074763, 0.0 ], [ 73.2450718, 19.907163, 0.0 ], [ 73.2449648, 19.9067903, 0.0 ], [ 73.2448549, 19.9065577, 0.0 ], [ 73.2447059, 19.9063696, 0.0 ], [ 73.2444511, 19.9062066, 0.0 ], [ 73.2440826, 19.9059963, 0.0 ], [ 73.2437701, 19.9058549, 0.0 ], [ 73.2435396, 19.9056743, 0.0 ], [ 73.2431512, 19.9055044, 0.0 ], [ 73.2426674, 19.9053236, 0.0 ], [ 73.2423101, 19.9052673, 0.0 ], [ 73.2417577, 19.9051712, 0.0 ], [ 73.2414638, 19.9050482, 0.0 ], [ 73.2411385, 19.9048297, 0.0 ], [ 73.2409734, 19.9047272, 0.0 ], [ 73.2407735, 19.9046873, 0.0 ], [ 73.2405817, 19.9047154, 0.0 ], [ 73.2403321, 19.904765, 0.0 ], [ 73.2401352, 19.9048111, 0.0 ], [ 73.2395204, 19.9044968, 0.0 ], [ 73.239396, 19.9042685, 0.0 ], [ 73.2395794, 19.9039509, 0.0 ], [ 73.2396509, 19.9037262, 0.0 ], [ 73.2396626, 19.9033963, 0.0 ], [ 73.2396167, 19.9030745, 0.0 ], [ 73.2395656, 19.9027706, 0.0 ], [ 73.2394366, 19.9025377, 0.0 ], [ 73.2391557, 19.9022567, 0.0 ], [ 73.2387228, 19.9019277, 0.0 ], [ 73.2383372, 19.9016222, 0.0 ], [ 73.2380887, 19.901387, 0.0 ], [ 73.238019, 19.9010556, 0.0 ], [ 73.2380236, 19.9006082, 0.0 ], [ 73.2380538, 19.9003013, 0.0 ], [ 73.2380917, 19.9000895, 0.0 ], [ 73.2381466, 19.899747, 0.0 ], [ 73.2381558, 19.8994935, 0.0 ], [ 73.2381316, 19.8991999, 0.0 ], [ 73.237864, 19.8987891, 0.0 ], [ 73.2376882, 19.898337, 0.0 ], [ 73.2374304, 19.897862, 0.0 ], [ 73.2372322, 19.8975056, 0.0 ], [ 73.2369278, 19.8972061, 0.0 ], [ 73.2368153, 19.8971001, 0.0 ], [ 73.2365986, 19.8969469, 0.0 ], [ 73.2363941, 19.8966673, 0.0 ], [ 73.236271, 19.8963802, 0.0 ], [ 73.2361829, 19.8960214, 0.0 ], [ 73.2360891, 19.8957032, 0.0 ], [ 73.2359791, 19.8952445, 0.0 ], [ 73.2358694, 19.8950029, 0.0 ], [ 73.2357975, 19.89478, 0.0 ], [ 73.2357077, 19.8944981, 0.0 ], [ 73.2356438, 19.8943522, 0.0 ], [ 73.2356197, 19.8941393, 0.0 ], [ 73.2356582, 19.8938914, 0.0 ], [ 73.2356529, 19.8936878, 0.0 ], [ 73.2355899, 19.8935013, 0.0 ], [ 73.2352546, 19.892844, 0.0 ], [ 73.2349491, 19.8923636, 0.0 ], [ 73.2345528, 19.891651, 0.0 ], [ 73.2343364, 19.8912537, 0.0 ], [ 73.2342019, 19.8910568, 0.0 ], [ 73.2341157, 19.8908337, 0.0 ], [ 73.2340227, 19.8904793, 0.0 ], [ 73.2338693, 19.8902685, 0.0 ], [ 73.2334903, 19.8898817, 0.0 ], [ 73.2330258, 19.8894616, 0.0 ], [ 73.2326014, 19.8889565, 0.0 ], [ 73.2323798, 19.8885771, 0.0 ], [ 73.2320657, 19.8880559, 0.0 ], [ 73.2318725, 19.8874601, 0.0 ], [ 73.2315646, 19.8870971, 0.0 ], [ 73.2311335, 19.8866823, 0.0 ], [ 73.2308492, 19.8863334, 0.0 ], [ 73.230743, 19.8861596, 0.0 ], [ 73.2305878, 19.8860347, 0.0 ], [ 73.2305739, 19.8857812, 0.0 ], [ 73.2305083, 19.8854907, 0.0 ], [ 73.2303192, 19.8851616, 0.0 ], [ 73.2300541, 19.8848041, 0.0 ], [ 73.2296656, 19.8844171, 0.0 ], [ 73.2294153, 19.8840372, 0.0 ], [ 73.2292848, 19.8836505, 0.0 ], [ 73.2293959, 19.8833632, 0.0 ], [ 73.2296318, 19.8830512, 0.0 ], [ 73.2297961, 19.8827332, 0.0 ], [ 73.2300289, 19.8823397, 0.0 ], [ 73.2301764, 19.882139, 0.0 ], [ 73.2305114, 19.8818874, 0.0 ], [ 73.2307529, 19.8817654, 0.0 ], [ 73.2310648, 19.8816988, 0.0 ], [ 73.2315452, 19.8815812, 0.0 ], [ 73.2318278, 19.8815502, 0.0 ], [ 73.2323132, 19.8814236, 0.0 ], [ 73.2327401, 19.8813456, 0.0 ], [ 73.2332807, 19.8810844, 0.0 ], [ 73.2337785, 19.8808179, 0.0 ], [ 73.2341057, 19.8807154, 0.0 ], [ 73.2344331, 19.8805995, 0.0 ], [ 73.2346997, 19.880419, 0.0 ], [ 73.2349234, 19.8802243, 0.0 ], [ 73.2350631, 19.879942, 0.0 ], [ 73.2351209, 19.8796944, 0.0 ], [ 73.2351457, 19.8794146, 0.0 ], [ 73.2351081, 19.8791607, 0.0 ], [ 73.234907, 19.8789445, 0.0 ], [ 73.2346065, 19.8786857, 0.0 ], [ 73.2345239, 19.8785215, 0.0 ], [ 73.2345165, 19.8784173, 0.0 ], [ 73.2346045, 19.8783195, 0.0 ], [ 73.2347162, 19.8782402, 0.0 ], [ 73.2349744, 19.8782269, 0.0 ], [ 73.2351459, 19.8782572, 0.0 ], [ 73.2354787, 19.8783357, 0.0 ], [ 73.2358258, 19.8784235, 0.0 ], [ 73.2363011, 19.8785453, 0.0 ], [ 73.2367135, 19.8787113, 0.0 ], [ 73.2372644, 19.8788797, 0.0 ], [ 73.2378174, 19.8791793, 0.0 ], [ 73.2380628, 19.8793285, 0.0 ], [ 73.238352, 19.8794378, 0.0 ], [ 73.2386283, 19.8794791, 0.0 ], [ 73.2389729, 19.8794539, 0.0 ], [ 73.2391949, 19.879354, 0.0 ], [ 73.2393554, 19.8792168, 0.0 ], [ 73.2394992, 19.8789663, 0.0 ], [ 73.2395614, 19.8787323, 0.0 ], [ 73.2395667, 19.8784747, 0.0 ], [ 73.2395542, 19.8781536, 0.0 ], [ 73.2395321, 19.8778412, 0.0 ], [ 73.2394516, 19.877573, 0.0 ], [ 73.239317, 19.8773761, 0.0 ], [ 73.2390774, 19.8771772, 0.0 ], [ 73.2388091, 19.8769823, 0.0 ], [ 73.2387123, 19.8768087, 0.0 ], [ 73.2386777, 19.8766318, 0.0 ], [ 73.2386851, 19.8762748, 0.0 ], [ 73.2387174, 19.876099, 0.0 ], [ 73.2387157, 19.8759499, 0.0 ], [ 73.2386671, 19.8757591, 0.0 ], [ 73.2386028, 19.8756358, 0.0 ], [ 73.2384293, 19.8754743, 0.0 ], [ 73.2380541, 19.8753589, 0.0 ], [ 73.2377428, 19.8751632, 0.0 ], [ 73.2373517, 19.8748982, 0.0 ], [ 73.2369593, 19.8746876, 0.0 ], [ 73.2363238, 19.8744543, 0.0 ], [ 73.2355447, 19.8742273, 0.0 ], [ 73.2351231, 19.8740477, 0.0 ], [ 73.2345746, 19.8737662, 0.0 ], [ 73.2346151, 19.8734279, 0.0 ], [ 73.2346485, 19.8732025, 0.0 ], [ 73.2347898, 19.8730695, 0.0 ], [ 73.2349263, 19.8729409, 0.0 ], [ 73.2351716, 19.8728641, 0.0 ], [ 73.2354685, 19.8728334, 0.0 ], [ 73.2358697, 19.8728453, 0.0 ], [ 73.2364231, 19.8728873, 0.0 ], [ 73.2368446, 19.873076, 0.0 ], [ 73.2372231, 19.8732593, 0.0 ], [ 73.2376562, 19.8735748, 0.0 ], [ 73.2381574, 19.8738327, 0.0 ], [ 73.2385228, 19.8739615, 0.0 ], [ 73.2387897, 19.8739936, 0.0 ], [ 73.2390859, 19.873999, 0.0 ], [ 73.2394988, 19.8739073, 0.0 ], [ 73.2398852, 19.8737065, 0.0 ], [ 73.2402708, 19.8735463, 0.0 ], [ 73.2407698, 19.8732255, 0.0 ], [ 73.2412408, 19.8728635, 0.0 ], [ 73.241767, 19.8726065, 0.0 ], [ 73.2420284, 19.8724441, 0.0 ], [ 73.2424481, 19.8722529, 0.0 ], [ 73.2427931, 19.8722096, 0.0 ], [ 73.2430701, 19.8722147, 0.0 ], [ 73.243582, 19.8721926, 0.0 ], [ 73.2440982, 19.872184, 0.0 ], [ 73.2444431, 19.8721406, 0.0 ], [ 73.2449384, 19.8719916, 0.0 ], [ 73.2455641, 19.8717771, 0.0 ], [ 73.2459589, 19.8718657, 0.0 ], [ 73.2462387, 19.8719749, 0.0 ], [ 73.2464975, 19.8721651, 0.0 ], [ 73.246707, 19.8724357, 0.0 ], [ 73.2469329, 19.8730683, 0.0 ], [ 73.2471498, 19.8736736, 0.0 ], [ 73.2472861, 19.8740152, 0.0 ], [ 73.2474039, 19.8743293, 0.0 ], [ 73.247548, 19.8745219, 0.0 ], [ 73.2477853, 19.8746031, 0.0 ], [ 73.2480225, 19.8746844, 0.0 ], [ 73.2484111, 19.8745059, 0.0 ], [ 73.2490285, 19.8742253, 0.0 ], [ 73.2492418, 19.8741283, 0.0 ], [ 73.2500135, 19.8737327, 0.0 ], [ 73.2500827, 19.8737177, 0.0 ], [ 73.2502949, 19.8736719, 0.0 ], [ 73.2510404, 19.8736719, 0.0 ], [ 73.2524704, 19.8737175, 0.0 ], [ 73.253117, 19.8736415, 0.0 ], [ 73.2535886, 19.8734592, 0.0 ], [ 73.2538928, 19.8731705, 0.0 ], [ 73.2541514, 19.8727451, 0.0 ], [ 73.25422, 19.8722099, 0.0 ], [ 73.2541819, 19.8719972, 0.0 ], [ 73.2538625, 19.8714578, 0.0 ], [ 73.2533304, 19.8707165, 0.0 ], [ 73.2531782, 19.870519, 0.0 ], [ 73.2531022, 19.8701847, 0.0 ], [ 73.2533151, 19.8695693, 0.0 ], [ 73.2538182, 19.8686468, 0.0 ], [ 73.2540349, 19.8683346, 0.0 ] ] } },
{ "type": "Feature", "properties": { "objectid": 11274, "rivname": "Kalarapri", "rilcode": null, "st_length_": 20.7356, "bacode": 14, "ba_name": "West flowing rivers from Tapi to Tadri", "sub_basin": "Bhatsol and others", "remarks": null }, "geometry": { "type": "LineString", "coordinates": [ [ 73.4350646, 19.8723296, 0.0 ], [ 73.4339622, 19.8722561, 0.0 ], [ 73.4330974, 19.8720058, 0.0 ], [ 73.4322645, 19.8715844, 0.0 ], [ 73.4315809, 19.8713554, 0.0 ], [ 73.4307945, 19.8710025, 0.0 ], [ 73.4305636, 19.8708402, 0.0 ], [ 73.4303339, 19.8706102, 0.0 ], [ 73.4301204, 19.8702854, 0.0 ], [ 73.4296483, 19.8697482, 0.0 ], [ 73.4293854, 19.8695085, 0.0 ], [ 73.4289917, 19.869357, 0.0 ], [ 73.4283439, 19.8692507, 0.0 ], [ 73.4281261, 19.8691519, 0.0 ], [ 73.4279796, 19.869068, 0.0 ], [ 73.4278132, 19.8690243, 0.0 ], [ 73.4276283, 19.8689443, 0.0 ], [ 73.4274285, 19.8689, 0.0 ], [ 73.4273146, 19.8688574, 0.0 ], [ 73.427177, 19.8688097, 0.0 ], [ 73.4270588, 19.8687444, 0.0 ], [ 73.42688, 19.8686057, 0.0 ], [ 73.4267797, 19.8683553, 0.0 ], [ 73.4267007, 19.867757, 0.0 ], [ 73.4266676, 19.8674943, 0.0 ], [ 73.4266333, 19.8672902, 0.0 ], [ 73.4265322, 19.8670895, 0.0 ], [ 73.4263433, 19.8669732, 0.0 ], [ 73.4261107, 19.8668967, 0.0 ], [ 73.4258857, 19.8669109, 0.0 ], [ 73.4257227, 19.8669397, 0.0 ], [ 73.4254766, 19.867062, 0.0 ], [ 73.4251483, 19.867237, 0.0 ], [ 73.4242858, 19.8678413, 0.0 ], [ 73.4238575, 19.8679965, 0.0 ], [ 73.4231481, 19.8681061, 0.0 ], [ 73.422331, 19.8678612, 0.0 ], [ 73.422218, 19.8677733, 0.0 ], [ 73.4214806, 19.8676022, 0.0 ], [ 73.4211208, 19.867433, 0.0 ], [ 73.4206447, 19.8670992, 0.0 ], [ 73.4205095, 19.8669296, 0.0 ], [ 73.4204147, 19.8666431, 0.0 ], [ 73.4204189, 19.8656982, 0.0 ], [ 73.4203583, 19.8653853, 0.0 ], [ 73.4201391, 19.8651101, 0.0 ], [ 73.4195395, 19.8647379, 0.0 ], [ 73.4189104, 19.8644104, 0.0 ], [ 73.4188408, 19.8643006, 0.0 ], [ 73.4188078, 19.8640379, 0.0 ], [ 73.4188993, 19.8637592, 0.0 ], [ 73.4192301, 19.8632179, 0.0 ], [ 73.4195381, 19.8628572, 0.0 ], [ 73.4196927, 19.8625298, 0.0 ], [ 73.4196268, 19.8622393, 0.0 ], [ 73.4192468, 19.86188, 0.0 ], [ 73.4191518, 19.8616071, 0.0 ], [ 73.4191276, 19.8613761, 0.0 ], [ 73.4191513, 19.8611459, 0.0 ], [ 73.4192853, 19.8608906, 0.0 ], [ 73.4193437, 19.8605932, 0.0 ], [ 73.4191999, 19.8603737, 0.0 ], [ 73.4186842, 19.8601115, 0.0 ], [ 73.4184343, 19.8599398, 0.0 ], [ 73.4180097, 19.8594215, 0.0 ], [ 73.4178377, 19.8589346, 0.0 ], [ 73.4178169, 19.8587716, 0.0 ], [ 73.417842, 19.858225, 0.0 ], [ 73.4176721, 19.8576297, 0.0 ], [ 73.417669, 19.8568159, 0.0 ], [ 73.4175746, 19.8562718, 0.0 ], [ 73.4174219, 19.8560204, 0.0 ], [ 73.4170186, 19.855629, 0.0 ], [ 73.4166875, 19.8554559, 0.0 ], [ 73.4161143, 19.8554503, 0.0 ], [ 73.4156262, 19.8554825, 0.0 ], [ 73.4152471, 19.8555617, 0.0 ], [ 73.414639, 19.8556278, 0.0 ], [ 73.4142383, 19.8555936, 0.0 ], [ 73.4139699, 19.8556387, 0.0 ], [ 73.4135172, 19.855816, 0.0 ], [ 73.4131362, 19.8559947, 0.0 ], [ 73.4127704, 19.8561329, 0.0 ], [ 73.4124477, 19.8562628, 0.0 ], [ 73.4119482, 19.8563897, 0.0 ], [ 73.4116475, 19.8563708, 0.0 ], [ 73.4112146, 19.8562773, 0.0 ], [ 73.4107943, 19.8562654, 0.0 ], [ 73.4105411, 19.8562655, 0.0 ], [ 73.4103254, 19.8562978, 0.0 ], [ 73.4100238, 19.8563287, 0.0 ], [ 73.4096594, 19.85639, 0.0 ], [ 73.4090097, 19.8563831, 0.0 ], [ 73.4088005, 19.8563297, 0.0 ], [ 73.4087184, 19.8561293, 0.0 ], [ 73.4087879, 19.8557553, 0.0 ], [ 73.4090256, 19.8553345, 0.0 ], [ 73.4092115, 19.8548721, 0.0 ], [ 73.4092589, 19.8546469, 0.0 ], [ 73.409247, 19.854285, 0.0 ], [ 73.4093272, 19.8538479, 0.0 ], [ 73.4092947, 19.853558, 0.0 ], [ 73.4090315, 19.8533363, 0.0 ], [ 73.4088562, 19.8532609, 0.0 ], [ 73.4078635, 19.8529585, 0.0 ], [ 73.4075145, 19.852966, 0.0 ], [ 73.4071406, 19.8530272, 0.0 ], [ 73.4068187, 19.853121, 0.0 ], [ 73.4064846, 19.8533411, 0.0 ], [ 73.405632, 19.8544157, 0.0 ], [ 73.4055422, 19.8548526, 0.0 ], [ 73.4055134, 19.8553449, 0.0 ], [ 73.4053648, 19.8558486, 0.0 ], [ 73.4053427, 19.8564902, 0.0 ], [ 73.4052341, 19.8571484, 0.0 ], [ 73.4050325, 19.8576828, 0.0 ], [ 73.4048841, 19.8579334, 0.0 ], [ 73.4045755, 19.8583167, 0.0 ], [ 73.4042978, 19.8585921, 0.0 ], [ 73.403822, 19.8589726, 0.0 ], [ 73.4029576, 19.8594274, 0.0 ], [ 73.4012256, 19.8600252, 0.0 ], [ 73.4006693, 19.8601285, 0.0 ], [ 73.4002643, 19.8600593, 0.0 ], [ 73.3999452, 19.8597937, 0.0 ], [ 73.3997856, 19.8596166, 0.0 ], [ 73.399502, 19.8592623, 0.0 ], [ 73.3993601, 19.8590675, 0.0 ], [ 73.3991828, 19.8588018, 0.0 ], [ 73.3989878, 19.8585362, 0.0 ], [ 73.3985193, 19.8580704, 0.0 ], [ 73.3981591, 19.8579587, 0.0 ], [ 73.3971655, 19.8579588, 0.0 ], [ 73.396681, 19.8582566, 0.0 ], [ 73.3964823, 19.8584303, 0.0 ], [ 73.3964451, 19.8587033, 0.0 ], [ 73.3965196, 19.8590383, 0.0 ], [ 73.3966935, 19.8593485, 0.0 ], [ 73.3968301, 19.8597828, 0.0 ], [ 73.3968237, 19.8598058, 0.0 ], [ 73.396768, 19.8600061, 0.0 ], [ 73.3966065, 19.8601054, 0.0 ], [ 73.3963705, 19.8600434, 0.0 ], [ 73.3959979, 19.8597704, 0.0 ], [ 73.3957371, 19.8594726, 0.0 ], [ 73.3953396, 19.8594726, 0.0 ], [ 73.394581, 19.8595766, 0.0 ], [ 73.3944058, 19.8596006, 0.0 ], [ 73.3939825, 19.8596587, 0.0 ], [ 73.3936471, 19.8595966, 0.0 ], [ 73.3934484, 19.8594105, 0.0 ], [ 73.3932248, 19.8591251, 0.0 ], [ 73.3929888, 19.8590258, 0.0 ], [ 73.3918309, 19.8589494, 0.0 ], [ 73.3911602, 19.8588129, 0.0 ], [ 73.3907876, 19.8588005, 0.0 ], [ 73.3904149, 19.858664, 0.0 ], [ 73.3902535, 19.858391, 0.0 ], [ 73.3901417, 19.8580311, 0.0 ], [ 73.3898908, 19.8574596, 0.0 ], [ 73.3896175, 19.8572859, 0.0 ], [ 73.3891455, 19.8571494, 0.0 ], [ 73.3880898, 19.8571246, 0.0 ], [ 73.3861857, 19.8576591, 0.0 ], [ 73.3859, 19.8578452, 0.0 ], [ 73.3855398, 19.8579693, 0.0 ], [ 73.3854841, 19.8579693, 0.0 ], [ 73.385302, 19.8579693, 0.0 ], [ 73.385043, 19.8579693, 0.0 ], [ 73.3848442, 19.8578452, 0.0 ], [ 73.384571, 19.8575722, 0.0 ], [ 73.3842108, 19.8573117, 0.0 ], [ 73.3838133, 19.8571503, 0.0 ], [ 73.3836394, 19.8572744, 0.0 ], [ 73.3834904, 19.8575226, 0.0 ], [ 73.3833644, 19.8580156, 0.0 ], [ 73.3833413, 19.8581058, 0.0 ], [ 73.382919, 19.858354, 0.0 ], [ 73.3822607, 19.8585773, 0.0 ], [ 73.3818757, 19.8587634, 0.0 ], [ 73.3812546, 19.8588007, 0.0 ], [ 73.3809814, 19.858751, 0.0 ], [ 73.3807702, 19.8586269, 0.0 ], [ 73.3805782, 19.858503, 0.0 ], [ 73.3804416, 19.8582176, 0.0 ], [ 73.3803384, 19.8579858, 0.0 ], [ 73.3801932, 19.8576593, 0.0 ], [ 73.3800317, 19.8575104, 0.0 ], [ 73.3797957, 19.8574607, 0.0 ], [ 73.3793293, 19.8575632, 0.0 ], [ 73.3791747, 19.8575972, 0.0 ], [ 73.3788766, 19.8578206, 0.0 ], [ 73.3777682, 19.858794, 0.0 ], [ 73.3774328, 19.8588932, 0.0 ], [ 73.3770105, 19.8590421, 0.0 ], [ 73.3769732, 19.8593896, 0.0 ], [ 73.3769856, 19.8596625, 0.0 ], [ 73.3768987, 19.8599976, 0.0 ], [ 73.3762588, 19.8603172, 0.0 ], [ 73.3756566, 19.860618, 0.0 ], [ 73.3740419, 19.8611888, 0.0 ], [ 73.3736941, 19.861226, 0.0 ], [ 73.3733215, 19.8612384, 0.0 ], [ 73.3729861, 19.8611143, 0.0 ], [ 73.372924, 19.860891, 0.0 ], [ 73.3728371, 19.8602333, 0.0 ], [ 73.3724328, 19.8589852, 0.0 ], [ 73.3723004, 19.8588359, 0.0 ], [ 73.3721665, 19.858713, 0.0 ], [ 73.3719292, 19.8588169, 0.0 ], [ 73.371501, 19.8592481, 0.0 ], [ 73.3711415, 19.8597153, 0.0 ], [ 73.3710776, 19.859755, 0.0 ], [ 73.3709025, 19.8598636, 0.0 ], [ 73.3706512, 19.8598766, 0.0 ], [ 73.3699366, 19.8597597, 0.0 ], [ 73.3687931, 19.8594137, 0.0 ], [ 73.36848, 19.8593636, 0.0 ], [ 73.3678426, 19.8592615, 0.0 ], [ 73.3672189, 19.8590971, 0.0 ], [ 73.3668724, 19.8589025, 0.0 ], [ 73.3666385, 19.8586472, 0.0 ], [ 73.3665649, 19.8584396, 0.0 ], [ 73.3666402, 19.8578804, 0.0 ], [ 73.3667269, 19.8572363, 0.0 ], [ 73.3669152, 19.8561525, 0.0 ], [ 73.3668553, 19.8556768, 0.0 ], [ 73.3666756, 19.8554591, 0.0 ], [ 73.3665834, 19.8554187, 0.0 ], [ 73.3660281, 19.8551752, 0.0 ], [ 73.3656088, 19.855111, 0.0 ], [ 73.3655042, 19.855095, 0.0 ], [ 73.364724, 19.8552134, 0.0 ], [ 73.3640697, 19.8554993, 0.0 ], [ 73.3636149, 19.8558378, 0.0 ], [ 73.3631302, 19.8562834, 0.0 ], [ 73.3630732, 19.8563112, 0.0 ], [ 73.3626014, 19.8565419, 0.0 ], [ 73.3621424, 19.8565762, 0.0 ], [ 73.361996, 19.856547, 0.0 ], [ 73.3618359, 19.8564622, 0.0 ], [ 73.361646, 19.8563501, 0.0 ], [ 73.3613698, 19.8562121, 0.0 ], [ 73.3610302, 19.8559094, 0.0 ], [ 73.3608852, 19.8557301, 0.0 ], [ 73.3607609, 19.8554196, 0.0 ], [ 73.3606419, 19.8545743, 0.0 ], [ 73.3605591, 19.8540983, 0.0 ], [ 73.3604624, 19.853574, 0.0 ], [ 73.3603657, 19.8533532, 0.0 ], [ 73.3596262, 19.8528548, 0.0 ], [ 73.3593154, 19.8525305, 0.0 ], [ 73.3586362, 19.8520154, 0.0 ], [ 73.3583393, 19.8518913, 0.0 ], [ 73.3579525, 19.8516705, 0.0 ], [ 73.3578144, 19.8515946, 0.0 ], [ 73.3575451, 19.8514221, 0.0 ], [ 73.3574553, 19.8512634, 0.0 ], [ 73.3574292, 19.8510709, 0.0 ], [ 73.3574208, 19.8510082, 0.0 ], [ 73.3574208, 19.8506701, 0.0 ], [ 73.3577175, 19.8503304, 0.0 ], [ 73.3579661, 19.8502614, 0.0 ], [ 73.358484, 19.8501372, 0.0 ], [ 73.358705, 19.8499716, 0.0 ], [ 73.3588432, 19.8498129, 0.0 ], [ 73.3588984, 19.8493921, 0.0 ], [ 73.358857, 19.8488844, 0.0 ], [ 73.3588373, 19.8486429, 0.0 ], [ 73.3587475, 19.8481737, 0.0 ], [ 73.3587199, 19.8478909, 0.0 ], [ 73.3580362, 19.8473803, 0.0 ], [ 73.3577876, 19.8472561, 0.0 ], [ 73.3576425, 19.8472285, 0.0 ], [ 73.3573663, 19.8472147, 0.0 ], [ 73.3572005, 19.8471734, 0.0 ], [ 73.357097, 19.8471044, 0.0 ], [ 73.3570003, 19.8468905, 0.0 ], [ 73.3571108, 19.8464728, 0.0 ], [ 73.3571936, 19.8462382, 0.0 ], [ 73.3573317, 19.8459622, 0.0 ], [ 73.3573939, 19.8455828, 0.0 ], [ 73.3573801, 19.8451688, 0.0 ], [ 73.3569718, 19.8446068, 0.0 ], [ 73.3565919, 19.8442549, 0.0 ], [ 73.3561707, 19.8440204, 0.0 ], [ 73.3554089, 19.8434659, 0.0 ], [ 73.3550014, 19.8431761, 0.0 ], [ 73.3544697, 19.8428657, 0.0 ], [ 73.3543453, 19.8427277, 0.0 ], [ 73.3542625, 19.8423621, 0.0 ], [ 73.3542131, 19.8419448, 0.0 ], [ 73.3543167, 19.8415998, 0.0 ], [ 73.3545998, 19.8412135, 0.0 ], [ 73.3552841, 19.8391677, 0.0 ], [ 73.3552732, 19.8385529, 0.0 ], [ 73.3552703, 19.8383926, 0.0 ], [ 73.3551874, 19.8379097, 0.0 ], [ 73.3551115, 19.8377717, 0.0 ], [ 73.3548905, 19.8377027, 0.0 ], [ 73.3545797, 19.8377855, 0.0 ], [ 73.3541999, 19.8380684, 0.0 ], [ 73.3539029, 19.8383375, 0.0 ], [ 73.3532309, 19.8388208, 0.0 ], [ 73.352347, 19.8389657, 0.0 ], [ 73.349992, 19.8397246, 0.0 ], [ 73.3494377, 19.8397866, 0.0 ], [ 73.3492513, 19.839621, 0.0 ], [ 73.3489681, 19.8393657, 0.0 ], [ 73.3487264, 19.8391174, 0.0 ], [ 73.348609, 19.8388414, 0.0 ], [ 73.3486435, 19.8385585, 0.0 ], [ 73.3505839, 19.8369277, 0.0 ], [ 73.3507013, 19.8366449, 0.0 ], [ 73.3507351, 19.836061, 0.0 ], [ 73.3507498, 19.8358065, 0.0 ], [ 73.3506117, 19.8351787, 0.0 ], [ 73.3496304, 19.8333862, 0.0 ], [ 73.3491884, 19.833033, 0.0 ], [ 73.348636, 19.8326798, 0.0 ], [ 73.3478293, 19.832183, 0.0 ], [ 73.3472548, 19.831896, 0.0 ], [ 73.3468803, 19.8316927, 0.0 ], [ 73.3462371, 19.8315049, 0.0 ], [ 73.3462208, 19.831487, 0.0 ], [ 73.345729, 19.8309467, 0.0 ], [ 73.3453989, 19.8301886, 0.0 ], [ 73.3454369, 19.829401, 0.0 ], [ 73.3455424, 19.8286654, 0.0 ], [ 73.3458174, 19.8282356, 0.0 ], [ 73.3462849, 19.8277211, 0.0 ], [ 73.3465227, 19.8274594, 0.0 ], [ 73.3468268, 19.8271037, 0.0 ], [ 73.347778, 19.8259908, 0.0 ], [ 73.3480171, 19.8255967, 0.0 ], [ 73.3481085, 19.8250375, 0.0 ], [ 73.3481127, 19.8250117, 0.0 ], [ 73.3478735, 19.8244994, 0.0 ], [ 73.347816, 19.8243763, 0.0 ], [ 73.3471723, 19.8238004, 0.0 ], [ 73.3465822, 19.8233717, 0.0 ], [ 73.3463676, 19.8231172, 0.0 ], [ 73.3462335, 19.8227958, 0.0 ], [ 73.3461396, 19.8224207, 0.0 ], [ 73.3461396, 19.8220591, 0.0 ], [ 73.3462335, 19.8213625, 0.0 ], [ 73.3469291, 19.8185862, 0.0 ], [ 73.347551, 19.8169232, 0.0 ], [ 73.3476388, 19.8168357, 0.0 ], [ 73.3480702, 19.816406, 0.0 ], [ 73.3485201, 19.8162878, 0.0 ], [ 73.3494556, 19.8160867, 0.0 ], [ 73.3502845, 19.8158975, 0.0 ], [ 73.35085, 19.8155021, 0.0 ], [ 73.3508765, 19.8154836, 0.0 ], [ 73.3517059, 19.8138698, 0.0 ], [ 73.3517295, 19.8134913, 0.0 ], [ 73.3515993, 19.8131129, 0.0 ], [ 73.3512914, 19.8129355, 0.0 ], [ 73.350877, 19.8128054, 0.0 ], [ 73.350202, 19.8126161, 0.0 ], [ 73.3493613, 19.8122732, 0.0 ], [ 73.3491863, 19.812176, 0.0 ], [ 73.348935, 19.8120366, 0.0 ], [ 73.3488048, 19.8117528, 0.0 ], [ 73.3487226, 19.8110365, 0.0 ], [ 73.3490547, 19.8103201, 0.0 ], [ 73.3495727, 19.8095771, 0.0 ], [ 73.3502837, 19.808561, 0.0 ] ] } },
{ "type": "Feature", "properties": { "objectid": 11536, "rivname": "Kambarki N", "rilcode": null, "st_length_": 5.87635, "bacode": 14, "ba_name": "West flowing rivers from Tapi to Tadri", "sub_basin": "Bhatsol and others", "remarks": null }, "geometry": { "type": "LineString", "coordinates": [ [ 72.9760189, 19.7573906, 0.0 ], [ 72.9760447, 19.7569526, 0.0 ], [ 72.9760948, 19.7564014, 0.0 ], [ 72.9763206, 19.7558251, 0.0 ], [ 72.9762953, 19.7550315, 0.0 ], [ 72.97622, 19.7549062, 0.0 ], [ 72.9759943, 19.7546807, 0.0 ], [ 72.9757685, 19.7544802, 0.0 ], [ 72.975593, 19.7541545, 0.0 ], [ 72.9755177, 19.7536785, 0.0 ], [ 72.9754425, 19.7531022, 0.0 ], [ 72.975317, 19.7527014, 0.0 ], [ 72.9750913, 19.7524007, 0.0 ], [ 72.9745144, 19.7521, 0.0 ], [ 72.9741883, 19.7518495, 0.0 ], [ 72.9739375, 19.7514737, 0.0 ], [ 72.973787, 19.7510477, 0.0 ], [ 72.9737368, 19.7506469, 0.0 ], [ 72.9738623, 19.7503963, 0.0 ], [ 72.9740629, 19.7500205, 0.0 ], [ 72.9748656, 19.7495445, 0.0 ], [ 72.9750662, 19.7493691, 0.0 ], [ 72.9751415, 19.7490183, 0.0 ], [ 72.9751164, 19.7485924, 0.0 ], [ 72.9750161, 19.7481414, 0.0 ], [ 72.9747903, 19.74749, 0.0 ], [ 72.9747652, 19.7470891, 0.0 ], [ 72.9750662, 19.7469137, 0.0 ], [ 72.9753593, 19.7469346, 0.0 ], [ 72.9754174, 19.7469387, 0.0 ], [ 72.9758438, 19.7469889, 0.0 ], [ 72.9763454, 19.7468385, 0.0 ], [ 72.9766213, 19.746588, 0.0 ], [ 72.9769474, 19.7462873, 0.0 ], [ 72.9771732, 19.7458614, 0.0 ], [ 72.977552, 19.744993, 0.0 ], [ 72.977527, 19.7443166, 0.0 ], [ 72.977527, 19.7436902, 0.0 ], [ 72.977527, 19.7432893, 0.0 ], [ 72.977527, 19.7428383, 0.0 ], [ 72.9776524, 19.7425126, 0.0 ], [ 72.9780788, 19.742212, 0.0 ], [ 72.978455, 19.7419865, 0.0 ], [ 72.9786557, 19.7414854, 0.0 ], [ 72.9786808, 19.7410845, 0.0 ], [ 72.9786808, 19.7405082, 0.0 ], [ 72.9786557, 19.7401324, 0.0 ], [ 72.9787309, 19.7397065, 0.0 ], [ 72.9788814, 19.7394058, 0.0 ], [ 72.9792075, 19.7389298, 0.0 ], [ 72.9801857, 19.7382032, 0.0 ], [ 72.9806121, 19.7378775, 0.0 ], [ 72.9807877, 19.7375017, 0.0 ], [ 72.9808379, 19.7371509, 0.0 ], [ 72.9807375, 19.7369003, 0.0 ], [ 72.9802351, 19.7366132, 0.0 ], [ 72.979909, 19.7364629, 0.0 ], [ 72.9796582, 19.7363627, 0.0 ], [ 72.9794325, 19.7361121, 0.0 ], [ 72.9792318, 19.7358115, 0.0 ], [ 72.9790312, 19.7355108, 0.0 ], [ 72.9785797, 19.7353855, 0.0 ], [ 72.9781282, 19.7352101, 0.0 ], [ 72.9778774, 19.7349847, 0.0 ], [ 72.9776516, 19.7344836, 0.0 ], [ 72.9775764, 19.7340827, 0.0 ], [ 72.9773506, 19.7338071, 0.0 ], [ 72.9770246, 19.7335064, 0.0 ], [ 72.9767486, 19.7332058, 0.0 ], [ 72.976548, 19.7329552, 0.0 ], [ 72.9763473, 19.7328801, 0.0 ], [ 72.9760212, 19.732855, 0.0 ], [ 72.9754945, 19.7329552, 0.0 ], [ 72.9750681, 19.7331306, 0.0 ], [ 72.9748173, 19.7332058, 0.0 ], [ 72.9745414, 19.7330304, 0.0 ], [ 72.9742153, 19.7329051, 0.0 ], [ 72.9737889, 19.7324541, 0.0 ], [ 72.9733876, 19.7324291, 0.0 ], [ 72.9726066, 19.7321721, 0.0 ], [ 72.9721301, 19.7320217, 0.0 ], [ 72.9718291, 19.7318463, 0.0 ], [ 72.9715782, 19.7314956, 0.0 ], [ 72.9715782, 19.7310696, 0.0 ], [ 72.9714027, 19.730769, 0.0 ], [ 72.971202, 19.7305936, 0.0 ], [ 72.9705749, 19.730318, 0.0 ], [ 72.9702238, 19.7300424, 0.0 ], [ 72.9694211, 19.7295663, 0.0 ], [ 72.9689947, 19.7293659, 0.0 ], [ 72.9686185, 19.728965, 0.0 ], [ 72.9682673, 19.7287145, 0.0 ], [ 72.9680416, 19.7283888, 0.0 ], [ 72.9678409, 19.7278877, 0.0 ], [ 72.9675901, 19.7274618, 0.0 ], [ 72.9670572, 19.7271252, 0.0 ], [ 72.9667813, 19.7268746, 0.0 ], [ 72.9663549, 19.7268746, 0.0 ], [ 72.9661542, 19.7266491, 0.0 ], [ 72.9659034, 19.7262984, 0.0 ], [ 72.9655523, 19.7260979, 0.0 ], [ 72.9653014, 19.7259225, 0.0 ], [ 72.9646493, 19.7259476, 0.0 ], [ 72.9644737, 19.7258975, 0.0 ], [ 72.9643232, 19.7257973, 0.0 ], [ 72.9640473, 19.7254966, 0.0 ], [ 72.9636961, 19.7252461, 0.0 ], [ 72.9634704, 19.7250206, 0.0 ], [ 72.9632447, 19.72477, 0.0 ], [ 72.9629938, 19.7244193, 0.0 ], [ 72.9629186, 19.7241186, 0.0 ], [ 72.9629938, 19.7236175, 0.0 ], [ 72.9628684, 19.7233669, 0.0 ], [ 72.9626928, 19.7231164, 0.0 ], [ 72.962082, 19.7227166, 0.0 ] ] } },
{ "type": "Feature", "properties": { "objectid": 12688, "rivname": "Kengadi N", "rilcode": null, "st_length_": 17.4832, "bacode": 14, "ba_name": "West flowing rivers from Tapi to Tadri", "sub_basin": "Bhatsol and others", "remarks": null }, "geometry": { "type": "LineString", "coordinates": [ [ 73.4847826, 19.6871393, 0.0 ], [ 73.4839744, 19.6869672, 0.0 ], [ 73.4836959, 19.6868041, 0.0 ], [ 73.4833485, 19.6867484, 0.0 ], [ 73.4831676, 19.6867227, 0.0 ], [ 73.482929, 19.6867185, 0.0 ], [ 73.4827338, 19.6866925, 0.0 ], [ 73.4825433, 19.6866711, 0.0 ], [ 73.4824338, 19.6866558, 0.0 ], [ 73.4823767, 19.6866457, 0.0 ], [ 73.4822575, 19.6866391, 0.0 ], [ 73.4812664, 19.6865497, 0.0 ], [ 73.48088, 19.6865339, 0.0 ], [ 73.4803032, 19.6864924, 0.0 ], [ 73.479779, 19.6864471, 0.0 ], [ 73.479141, 19.6863637, 0.0 ], [ 73.4786298, 19.6863821, 0.0 ], [ 73.4781356, 19.6865182, 0.0 ], [ 73.4778321, 19.6866576, 0.0 ], [ 73.4773181, 19.6868295, 0.0 ], [ 73.4766621, 19.6869358, 0.0 ], [ 73.4763661, 19.6869352, 0.0 ], [ 73.4763321, 19.6869663, 0.0 ], [ 73.4760047, 19.6868656, 0.0 ], [ 73.4757448, 19.6867255, 0.0 ], [ 73.4755439, 19.6865004, 0.0 ], [ 73.4753973, 19.6864302, 0.0 ], [ 73.4750892, 19.6860676, 0.0 ], [ 73.4749221, 19.6858251, 0.0 ], [ 73.4745542, 19.6855972, 0.0 ], [ 73.4743007, 19.6853712, 0.0 ], [ 73.4741451, 19.6852736, 0.0 ], [ 73.4739504, 19.6852205, 0.0 ], [ 73.4734375, 19.6850805, 0.0 ], [ 73.4730151, 19.6849556, 0.0 ], [ 73.4727058, 19.684905, 0.0 ], [ 73.4724807, 19.6849464, 0.0 ], [ 73.4721316, 19.6849765, 0.0 ], [ 73.4721078, 19.6849761, 0.0 ], [ 73.4705744, 19.684647, 0.0 ], [ 73.4699319, 19.6844411, 0.0 ], [ 73.4693138, 19.6843173, 0.0 ], [ 73.4688922, 19.6843914, 0.0 ], [ 73.4684505, 19.6845238, 0.0 ], [ 73.4682296, 19.684597, 0.0 ], [ 73.4680628, 19.6845804, 0.0 ], [ 73.4672955, 19.6845129, 0.0 ], [ 73.4669105, 19.6844294, 0.0 ], [ 73.4664721, 19.6843901, 0.0 ], [ 73.4661233, 19.6844112, 0.0 ], [ 73.4654126, 19.6843762, 0.0 ], [ 73.4650853, 19.6842756, 0.0 ], [ 73.4648057, 19.6841668, 0.0 ], [ 73.4642025, 19.6840116, 0.0 ], [ 73.4639316, 19.6839527, 0.0 ], [ 73.4638887, 19.6839519, 0.0 ], [ 73.4633966, 19.6837264, 0.0 ], [ 73.4629744, 19.6835879, 0.0 ], [ 73.4625605, 19.6835174, 0.0 ], [ 73.4620678, 19.6833234, 0.0 ], [ 73.461813, 19.6831698, 0.0 ], [ 73.4616101, 19.6830488, 0.0 ], [ 73.4613966, 19.6827331, 0.0 ], [ 73.461168, 19.6824623, 0.0 ], [ 73.4610807, 19.682289, 0.0 ], [ 73.4609183, 19.6820466, 0.0 ], [ 73.46077, 19.6818179, 0.0 ], [ 73.4605208, 19.6816237, 0.0 ], [ 73.4603727, 19.6813815, 0.0 ], [ 73.4600442, 19.6813351, 0.0 ], [ 73.4597731, 19.6812852, 0.0 ], [ 73.4596054, 19.6813185, 0.0 ], [ 73.459297, 19.6814713, 0.0 ], [ 73.4590222, 19.6816112, 0.0 ], [ 73.458761, 19.6817875, 0.0 ], [ 73.4585565, 19.6819964, 0.0 ], [ 73.4579406, 19.682248, 0.0 ], [ 73.4575855, 19.6823458, 0.0 ], [ 73.4571169, 19.6823829, 0.0 ], [ 73.4568024, 19.6823548, 0.0 ], [ 73.4563364, 19.6822653, 0.0 ], [ 73.455875, 19.6821804, 0.0 ], [ 73.4556693, 19.6822085, 0.0 ], [ 73.4552127, 19.6821191, 0.0 ], [ 73.4545942, 19.6822576, 0.0 ], [ 73.4544511, 19.6822596, 0.0 ], [ 73.4540814, 19.6826149, 0.0 ], [ 73.4537906, 19.6828404, 0.0 ], [ 73.4535311, 19.6831704, 0.0 ], [ 73.4532773, 19.6837086, 0.0 ], [ 73.4531301, 19.6841582, 0.0 ], [ 73.4529651, 19.6845441, 0.0 ], [ 73.452838, 19.6846956, 0.0 ], [ 73.452607, 19.6847956, 0.0 ], [ 73.4525495, 19.6848036, 0.0 ], [ 73.4522945, 19.6849078, 0.0 ], [ 73.4519069, 19.6849597, 0.0 ], [ 73.4514897, 19.685061, 0.0 ], [ 73.4512124, 19.6850788, 0.0 ], [ 73.4509557, 19.6850246, 0.0 ], [ 73.4507334, 19.6849212, 0.0 ], [ 73.4505331, 19.6846645, 0.0 ], [ 73.4504045, 19.6844046, 0.0 ], [ 73.4503155, 19.684073, 0.0 ], [ 73.4501155, 19.683554, 0.0 ], [ 73.4498556, 19.6831697, 0.0 ], [ 73.4497104, 19.6830315, 0.0 ], [ 73.4496137, 19.682849, 0.0 ], [ 73.4490875, 19.6826635, 0.0 ], [ 73.448591, 19.6824197, 0.0 ], [ 73.4482736, 19.6822966, 0.0 ], [ 73.4477688, 19.6822335, 0.0 ], [ 73.4474388, 19.6822685, 0.0 ], [ 73.4470666, 19.6822575, 0.0 ], [ 73.4465004, 19.682659, 0.0 ], [ 73.4460831, 19.6832486, 0.0 ], [ 73.4456293, 19.6840047, 0.0 ], [ 73.4452369, 19.6842963, 0.0 ], [ 73.4451694, 19.6843358, 0.0 ], [ 73.4451307, 19.6843623, 0.0 ], [ 73.4450587, 19.6843792, 0.0 ], [ 73.444935, 19.6843634, 0.0 ], [ 73.4443563, 19.6841724, 0.0 ], [ 73.4436273, 19.6838613, 0.0 ], [ 73.4426281, 19.6836946, 0.0 ], [ 73.4420526, 19.683341, 0.0 ], [ 73.4415183, 19.6828343, 0.0 ], [ 73.441253, 19.6824905, 0.0 ], [ 73.440904, 19.6822719, 0.0 ], [ 73.4403586, 19.682086, 0.0 ], [ 73.4393473, 19.6820503, 0.0 ], [ 73.4388017, 19.6821266, 0.0 ], [ 73.4385337, 19.6821627, 0.0 ], [ 73.4376124, 19.6821646, 0.0 ], [ 73.43756, 19.6821637, 0.0 ], [ 73.4368141, 19.682126, 0.0 ], [ 73.4359616, 19.6821221, 0.0 ], [ 73.4356116, 19.6822019, 0.0 ], [ 73.4349494, 19.6823802, 0.0 ], [ 73.4348632, 19.6823968, 0.0 ], [ 73.4345828, 19.6823947, 0.0 ], [ 73.4344279, 19.6823715, 0.0 ], [ 73.4340175, 19.6822709, 0.0 ], [ 73.4336767, 19.6821625, 0.0 ], [ 73.4333824, 19.6820851, 0.0 ], [ 73.4330649, 19.6820773, 0.0 ], [ 73.4327551, 19.6820851, 0.0 ], [ 73.4325304, 19.6820851, 0.0 ], [ 73.4323136, 19.6820541, 0.0 ], [ 73.4318334, 19.6819577, 0.0 ], [ 73.431299, 19.6818451, 0.0 ], [ 73.4306892, 19.6817675, 0.0 ], [ 73.4303778, 19.6815857, 0.0 ], [ 73.4297565, 19.6816246, 0.0 ], [ 73.4292109, 19.6816964, 0.0 ], [ 73.4288613, 19.6815094, 0.0 ], [ 73.4282396, 19.6813266, 0.0 ], [ 73.4278892, 19.6811804, 0.0 ], [ 73.4278137, 19.6811238, 0.0 ], [ 73.427075, 19.6805919, 0.0 ], [ 73.4268787, 19.6803713, 0.0 ], [ 73.4265673, 19.680185, 0.0 ], [ 73.4257731, 19.6797913, 0.0 ], [ 73.4254373, 19.6796317, 0.0 ], [ 73.424929, 19.6795097, 0.0 ], [ 73.4241147, 19.679414, 0.0 ], [ 73.4234347, 19.6792845, 0.0 ], [ 73.4220932, 19.6790439, 0.0 ], [ 73.4214327, 19.6788921, 0.0 ], [ 73.4208873, 19.6787152, 0.0 ], [ 73.4198789, 19.6785302, 0.0 ], [ 73.419172, 19.6783143, 0.0 ], [ 73.4189512, 19.6783737, 0.0 ], [ 73.4183485, 19.67844, 0.0 ], [ 73.417571, 19.6786569, 0.0 ], [ 73.4166647, 19.678921, 0.0 ], [ 73.4165552, 19.6789557, 0.0 ], [ 73.4154151, 19.6793016, 0.0 ], [ 73.4153389, 19.6792958, 0.0 ], [ 73.4151815, 19.6792839, 0.0 ], [ 73.4144127, 19.6795417, 0.0 ], [ 73.4132654, 19.6798741, 0.0 ], [ 73.4126647, 19.6800851, 0.0 ], [ 73.4124071, 19.6800715, 0.0 ], [ 73.4117299, 19.6802811, 0.0 ], [ 73.4114377, 19.6803348, 0.0 ], [ 73.4110126, 19.6803498, 0.0 ], [ 73.4107187, 19.6800055, 0.0 ], [ 73.410406, 19.6796383, 0.0 ], [ 73.4099782, 19.6793052, 0.0 ], [ 73.4095501, 19.6792299, 0.0 ], [ 73.4090602, 19.6791398, 0.0 ], [ 73.408866, 19.6790686, 0.0 ], [ 73.4085055, 19.6789491, 0.0 ], [ 73.4083203, 19.678661, 0.0 ], [ 73.4080874, 19.6783676, 0.0 ], [ 73.4078762, 19.678183, 0.0 ], [ 73.407682, 19.6781073, 0.0 ], [ 73.4074742, 19.6775527, 0.0 ], [ 73.4071546, 19.677364, 0.0 ], [ 73.4066897, 19.677335, 0.0 ], [ 73.4048156, 19.6780753, 0.0 ], [ 73.4040456, 19.6783656, 0.0 ], [ 73.4034644, 19.678714, 0.0 ], [ 73.4029705, 19.679164, 0.0 ], [ 73.4025056, 19.679643, 0.0 ], [ 73.402215, 19.680035, 0.0 ], [ 73.4018809, 19.6802817, 0.0 ], [ 73.4016484, 19.6803833, 0.0 ], [ 73.4012126, 19.6799914, 0.0 ], [ 73.4001341, 19.6797944, 0.0 ], [ 73.3994222, 19.6797944, 0.0 ], [ 73.3989864, 19.679954, 0.0 ], [ 73.3986813, 19.6803314, 0.0 ], [ 73.3986377, 19.6811153, 0.0 ], [ 73.3984779, 19.6816524, 0.0 ], [ 73.3982309, 19.682175, 0.0 ], [ 73.3976355, 19.6828759, 0.0 ], [ 73.3967878, 19.6830237, 0.0 ], [ 73.3961788, 19.6831621, 0.0 ], [ 73.3956895, 19.6832846, 0.0 ], [ 73.3953156, 19.6833638, 0.0 ], [ 73.3950683, 19.6835584, 0.0 ], [ 73.3946709, 19.6838588, 0.0 ], [ 73.3940446, 19.6841506, 0.0 ], [ 73.3936258, 19.6841913, 0.0 ], [ 73.3925526, 19.6844253, 0.0 ], [ 73.3925006, 19.6844418, 0.0 ], [ 73.3911884, 19.684858, 0.0 ], [ 73.3905934, 19.6851288, 0.0 ], [ 73.3899617, 19.6854164, 0.0 ], [ 73.3893017, 19.6857576, 0.0 ], [ 73.389135, 19.6857554, 0.0 ], [ 73.3887271, 19.6857499, 0.0 ], [ 73.3883234, 19.685618, 0.0 ], [ 73.38827, 19.6855665, 0.0 ], [ 73.3878653, 19.685176, 0.0 ], [ 73.3874926, 19.684478, 0.0 ], [ 73.3872429, 19.6836534, 0.0 ], [ 73.3872429, 19.6832525, 0.0 ], [ 73.387326, 19.6828861, 0.0 ], [ 73.3875405, 19.6824298, 0.0 ], [ 73.3880596, 19.6820565, 0.0 ], [ 73.3888191, 19.681685, 0.0 ], [ 73.3896644, 19.6812536, 0.0 ], [ 73.3903122, 19.6804525, 0.0 ], [ 73.3905652, 19.6798424, 0.0 ], [ 73.3905611, 19.6791911, 0.0 ], [ 73.3903588, 19.6784357, 0.0 ], [ 73.3900334, 19.6780141, 0.0 ], [ 73.3897386, 19.6778146, 0.0 ], [ 73.3894882, 19.6776453, 0.0 ], [ 73.3886176, 19.6773027, 0.0 ], [ 73.3879053, 19.6772061, 0.0 ], [ 73.3871139, 19.677373, 0.0 ], [ 73.386683, 19.6776804, 0.0 ], [ 73.3858284, 19.6788073, 0.0 ], [ 73.3854063, 19.6796417, 0.0 ], [ 73.384604, 19.6803654, 0.0 ], [ 73.3837774, 19.6809802, 0.0 ], [ 73.3832989, 19.6818158, 0.0 ], [ 73.3829306, 19.6824591, 0.0 ], [ 73.3824733, 19.6832583, 0.0 ], [ 73.3823512, 19.6833456, 0.0 ], [ 73.3814921, 19.6839593, 0.0 ], [ 73.380992, 19.684165, 0.0 ], [ 73.380309, 19.684134, 0.0 ], [ 73.3800213, 19.6841209, 0.0 ], [ 73.3799222, 19.6840814, 0.0 ], [ 73.379482, 19.6839055, 0.0 ], [ 73.3787362, 19.6835032, 0.0 ], [ 73.3782832, 19.6828851, 0.0 ], [ 73.377853, 19.6822981, 0.0 ], [ 73.3778448, 19.6822869, 0.0 ], [ 73.3774384, 19.6816255, 0.0 ], [ 73.3773383, 19.680958, 0.0 ], [ 73.3774549, 19.6804256, 0.0 ], [ 73.3777851, 19.6798008, 0.0 ], [ 73.3779484, 19.679665, 0.0 ], [ 73.3791491, 19.6786663, 0.0 ], [ 73.3800724, 19.6780217, 0.0 ], [ 73.3801221, 19.6779018, 0.0 ], [ 73.38018, 19.6777621, 0.0 ], [ 73.3801681, 19.6775876, 0.0 ], [ 73.3801531, 19.6773681, 0.0 ], [ 73.3799917, 19.6770906, 0.0 ], [ 73.379785, 19.6768012, 0.0 ], [ 73.3797001, 19.6766824, 0.0 ], [ 73.3783824, 19.6758643, 0.0 ], [ 73.377574, 19.6755357, 0.0 ], [ 73.3773496, 19.6754445, 0.0 ], [ 73.3771692, 19.6754578, 0.0 ], [ 73.3768652, 19.6754801, 0.0 ], [ 73.3760033, 19.6757718, 0.0 ], [ 73.3747283, 19.6762058, 0.0 ], [ 73.3729944, 19.6766379, 0.0 ], [ 73.3726664, 19.6767076, 0.0 ], [ 73.3719302, 19.676864, 0.0 ], [ 73.3709611, 19.6772392, 0.0 ], [ 73.3691157, 19.6786964, 0.0 ] ] } },
{ "type": "Feature", "properties": { "objectid": 12804, "rivname": "Khadki Nala", "rilcode": null, "st_length_": 8.62757, "bacode": 14, "ba_name": "West flowing rivers from Tapi to Tadri", "sub_basin": "Bhatsol and others", "remarks": null }, "geometry": { "type": "LineString", "coordinates": [ [ 73.5521661, 19.8632386, 0.0 ], [ 73.5518402, 19.8627809, 0.0 ], [ 73.5516448, 19.8622441, 0.0 ], [ 73.5515969, 19.8619993, 0.0 ], [ 73.5515983, 19.8614206, 0.0 ], [ 73.5516674, 19.8610465, 0.0 ], [ 73.5517086, 19.8606358, 0.0 ], [ 73.5515994, 19.8603446, 0.0 ], [ 73.5513619, 19.8600151, 0.0 ], [ 73.5511827, 19.85989, 0.0 ], [ 73.5506653, 19.8594563, 0.0 ], [ 73.5503585, 19.8592522, 0.0 ], [ 73.5501816, 19.8590051, 0.0 ], [ 73.5499, 19.8587382, 0.0 ], [ 73.549655, 19.8585531, 0.0 ], [ 73.5494187, 19.8581604, 0.0 ], [ 73.5492869, 19.8580541, 0.0 ], [ 73.5491788, 19.8577043, 0.0 ], [ 73.5491106, 19.857269, 0.0 ], [ 73.5490265, 19.8571637, 0.0 ], [ 73.5490453, 19.8564225, 0.0 ], [ 73.5489356, 19.8559098, 0.0 ], [ 73.5487854, 19.8550031, 0.0 ], [ 73.5488042, 19.8545152, 0.0 ], [ 73.5485644, 19.8540545, 0.0 ], [ 73.5481088, 19.8533868, 0.0 ], [ 73.5479113, 19.8527097, 0.0 ], [ 73.5477853, 19.8520476, 0.0 ], [ 73.547717, 19.8516124, 0.0 ], [ 73.5474783, 19.8510975, 0.0 ], [ 73.5473439, 19.8508737, 0.0 ], [ 73.5471922, 19.8505592, 0.0 ], [ 73.5468193, 19.8503178, 0.0 ], [ 73.5466739, 19.8499175, 0.0 ], [ 73.5467152, 19.8495023, 0.0 ], [ 73.5467338, 19.8492766, 0.0 ], [ 73.5468237, 19.8490701, 0.0 ], [ 73.5471923, 19.8487825, 0.0 ], [ 73.5473246, 19.8486084, 0.0 ], [ 73.5474581, 19.8483711, 0.0 ], [ 73.547501, 19.8481231, 0.0 ], [ 73.5474974, 19.8480598, 0.0 ], [ 73.5473464, 19.8477091, 0.0 ], [ 73.5472805, 19.8474006, 0.0 ], [ 73.5472886, 19.8472244, 0.0 ], [ 73.5473448, 19.8470309, 0.0 ], [ 73.5475199, 19.8466134, 0.0 ], [ 73.5475452, 19.8462838, 0.0 ], [ 73.5474985, 19.845727, 0.0 ], [ 73.5474963, 19.845085, 0.0 ], [ 73.5476747, 19.8444912, 0.0 ], [ 73.5477584, 19.8438506, 0.0 ], [ 73.5478455, 19.843287, 0.0 ], [ 73.5477342, 19.8428556, 0.0 ], [ 73.5475847, 19.8424236, 0.0 ], [ 73.5474967, 19.8422775, 0.0 ], [ 73.5474325, 19.8421362, 0.0 ], [ 73.5474535, 19.8417839, 0.0 ], [ 73.547515, 19.8415589, 0.0 ], [ 73.5475634, 19.8412704, 0.0 ], [ 73.5475862, 19.8410809, 0.0 ], [ 73.5474539, 19.8407486, 0.0 ], [ 73.5471065, 19.8404217, 0.0 ], [ 73.5469305, 19.8401295, 0.0 ], [ 73.5468215, 19.8398247, 0.0 ], [ 73.5467994, 19.839223, 0.0 ], [ 73.5467345, 19.8388693, 0.0 ], [ 73.5466472, 19.8387496, 0.0 ], [ 73.5465945, 19.8383088, 0.0 ], [ 73.5466095, 19.8381841, 0.0 ], [ 73.546657, 19.8377891, 0.0 ], [ 73.5467202, 19.8374573, 0.0 ], [ 73.5467402, 19.8373525, 0.0 ], [ 73.5467506, 19.8371447, 0.0 ], [ 73.5467623, 19.8363243, 0.0 ], [ 73.5467423, 19.8355099, 0.0 ], [ 73.5467222, 19.8346959, 0.0 ], [ 73.5466586, 19.8321077, 0.0 ], [ 73.5466374, 19.8312489, 0.0 ], [ 73.5465592, 19.8300783, 0.0 ], [ 73.5463051, 19.826276, 0.0 ], [ 73.545325, 19.8233811, 0.0 ], [ 73.5443448, 19.8219336, 0.0 ], [ 73.5434073, 19.820699, 0.0 ], [ 73.5417194, 19.8185402, 0.0 ], [ 73.5415232, 19.816678, 0.0 ], [ 73.5423815, 19.8131926, 0.0 ], [ 73.5400469, 19.8137448, 0.0 ], [ 73.5342063, 19.8151259, 0.0 ], [ 73.5327851, 19.815462, 0.0 ], [ 73.5303087, 19.8160475, 0.0 ], [ 73.5227149, 19.8181517, 0.0 ] ] } },
{ "type": "Feature", "properties": { "objectid": 13145, "rivname": "Khari N", "rilcode": null, "st_length_": 9.23665, "bacode": 14, "ba_name": "West flowing rivers from Tapi to Tadri", "sub_basin": "Bhatsol and others", "remarks": null }, "geometry": { "type": "LineString", "coordinates": [ [ 72.9538808, 20.0071065, 0.0 ], [ 72.9540082, 20.0061189, 0.0 ], [ 72.9541211, 20.0057731, 0.0 ], [ 72.9541655, 20.0055028, 0.0 ], [ 72.9543633, 20.0049958, 0.0 ], [ 72.9554977, 20.0032509, 0.0 ], [ 72.9556969, 20.0028977, 0.0 ], [ 72.9558343, 20.0027423, 0.0 ], [ 72.9558006, 20.0025336, 0.0 ], [ 72.9558358, 20.0022495, 0.0 ], [ 72.9558355, 20.001829, 0.0 ], [ 72.9560371, 20.0013719, 0.0 ], [ 72.9563769, 20.0007232, 0.0 ], [ 72.9565954, 20.0001489, 0.0 ], [ 72.9565756, 20.000024, 0.0 ], [ 72.9564678, 19.9997513, 0.0 ], [ 72.9563175, 19.9994711, 0.0 ], [ 72.956087, 19.9989921, 0.0 ], [ 72.9558647, 19.9986695, 0.0 ], [ 72.9558829, 19.9981711, 0.0 ], [ 72.9560665, 19.9978209, 0.0 ], [ 72.9562847, 19.9975971, 0.0 ], [ 72.9565041, 19.9975061, 0.0 ], [ 72.956551, 19.9973991, 0.0 ], [ 72.9563328, 19.9969613, 0.0 ], [ 72.956247, 19.9969505, 0.0 ], [ 72.9561905, 19.9969087, 0.0 ], [ 72.9561262, 19.9967898, 0.0 ], [ 72.9560831, 19.9965811, 0.0 ], [ 72.95608, 19.9962916, 0.0 ], [ 72.956075, 19.9960926, 0.0 ], [ 72.9559875, 19.9959371, 0.0 ], [ 72.9557927, 19.9955866, 0.0 ], [ 72.9555644, 19.9952708, 0.0 ], [ 72.9553711, 19.9948496, 0.0 ], [ 72.9554238, 19.9944285, 0.0 ], [ 72.9556171, 19.9939723, 0.0 ], [ 72.9556171, 19.993674, 0.0 ], [ 72.9554414, 19.9934108, 0.0 ], [ 72.9551603, 19.9931826, 0.0 ], [ 72.9548617, 19.9931475, 0.0 ], [ 72.9543171, 19.9930598, 0.0 ], [ 72.9537374, 19.9929721, 0.0 ], [ 72.9534115, 19.9928768, 0.0 ], [ 72.9530171, 19.9927615, 0.0 ], [ 72.952455, 19.9923755, 0.0 ], [ 72.9514677, 19.9910526, 0.0 ], [ 72.9509933, 19.9907718, 0.0 ], [ 72.9502028, 19.9907367, 0.0 ], [ 72.9497109, 19.9907543, 0.0 ], [ 72.9492717, 19.990649, 0.0 ], [ 72.948938, 19.9903507, 0.0 ], [ 72.9487096, 19.9901401, 0.0 ], [ 72.9486569, 19.989912, 0.0 ], [ 72.9486864, 19.9896861, 0.0 ], [ 72.9487096, 19.9895084, 0.0 ], [ 72.9490434, 19.9886311, 0.0 ], [ 72.9489907, 19.9885082, 0.0 ], [ 72.9487447, 19.9885258, 0.0 ], [ 72.9483934, 19.9886486, 0.0 ], [ 72.9480947, 19.9889469, 0.0 ], [ 72.9477961, 19.9890171, 0.0 ], [ 72.947392, 19.9888592, 0.0 ], [ 72.9470934, 19.9885082, 0.0 ], [ 72.946865, 19.9881748, 0.0 ], [ 72.9464225, 19.987801, 0.0 ], [ 72.9460887, 19.9875729, 0.0 ], [ 72.9457198, 19.987222, 0.0 ], [ 72.945386, 19.9868008, 0.0 ], [ 72.9439982, 19.9854497, 0.0 ], [ 72.9439455, 19.9852918, 0.0 ], [ 72.9441036, 19.9850812, 0.0 ], [ 72.9441739, 19.9849408, 0.0 ], [ 72.9441739, 19.9845899, 0.0 ], [ 72.9441036, 19.9842916, 0.0 ], [ 72.9439631, 19.9841336, 0.0 ], [ 72.9427139, 19.983566, 0.0 ], [ 72.9421342, 19.9832326, 0.0 ], [ 72.94198, 19.9830477, 0.0 ], [ 72.9418707, 19.9829167, 0.0 ], [ 72.9416423, 19.9826535, 0.0 ], [ 72.9415018, 19.9824254, 0.0 ], [ 72.9416423, 19.982092, 0.0 ], [ 72.9418533, 19.9815968, 0.0 ], [ 72.9418357, 19.9810704, 0.0 ], [ 72.9414316, 19.9797719, 0.0 ], [ 72.9410803, 19.9791051, 0.0 ], [ 72.9408695, 19.9789472, 0.0 ], [ 72.9406411, 19.9789297, 0.0 ], [ 72.9404479, 19.9790174, 0.0 ], [ 72.9402546, 19.9791227, 0.0 ], [ 72.9399209, 19.9789823, 0.0 ], [ 72.9397276, 19.9787191, 0.0 ], [ 72.9395168, 19.9785436, 0.0 ], [ 72.9390601, 19.9783155, 0.0 ], [ 72.9379857, 19.9784353, 0.0 ], [ 72.9373709, 19.9785406, 0.0 ], [ 72.9367912, 19.9785582, 0.0 ], [ 72.9360885, 19.9782949, 0.0 ], [ 72.935702, 19.9779265, 0.0 ], [ 72.9352771, 19.9774288, 0.0 ], [ 72.9351926, 19.9773298, 0.0 ], [ 72.9343318, 19.9766981, 0.0 ], [ 72.933998, 19.9763998, 0.0 ], [ 72.9338399, 19.9761366, 0.0 ], [ 72.9336466, 19.9760138, 0.0 ], [ 72.9330108, 19.9758225, 0.0 ], [ 72.9327754, 19.9761937, 0.0 ], [ 72.9327754, 19.9763918, 0.0 ], [ 72.9327383, 19.9766145, 0.0 ], [ 72.9326639, 19.976763, 0.0 ], [ 72.932602, 19.976862, 0.0 ], [ 72.9325152, 19.9769734, 0.0 ], [ 72.9324905, 19.97706, 0.0 ], [ 72.9324161, 19.9772952, 0.0 ], [ 72.9323418, 19.9773199, 0.0 ], [ 72.9321931, 19.9773323, 0.0 ], [ 72.9320568, 19.9773323, 0.0 ], [ 72.9319082, 19.9773199, 0.0 ], [ 72.9317471, 19.9773199, 0.0 ], [ 72.9313754, 19.9773694, 0.0 ], [ 72.9309294, 19.9773942, 0.0 ], [ 72.9307436, 19.9773942, 0.0 ], [ 72.9305825, 19.9773199, 0.0 ], [ 72.9303843, 19.9773199, 0.0 ], [ 72.9301365, 19.9773199, 0.0 ], [ 72.929864, 19.9772952, 0.0 ], [ 72.929641, 19.9772333, 0.0 ], [ 72.9292941, 19.97706, 0.0 ], [ 72.9291454, 19.9769858, 0.0 ], [ 72.92891, 19.9768373, 0.0 ], [ 72.9287118, 19.9768249, 0.0 ], [ 72.928464, 19.9768001, 0.0 ], [ 72.9277702, 19.9768373, 0.0 ], [ 72.9274852, 19.9768496, 0.0 ], [ 72.9271259, 19.976862, 0.0 ], [ 72.9269896, 19.9768125, 0.0 ], [ 72.9268782, 19.9767506, 0.0 ], [ 72.9264817, 19.9759834, 0.0 ], [ 72.9264074, 19.9757358, 0.0 ], [ 72.9262711, 19.9754265, 0.0 ], [ 72.9261348, 19.9751913, 0.0 ], [ 72.9259985, 19.9749314, 0.0 ], [ 72.9258251, 19.9743498, 0.0 ], [ 72.9256764, 19.9741147, 0.0 ], [ 72.925503, 19.973929, 0.0 ], [ 72.9253171, 19.9737558, 0.0 ], [ 72.9250516, 19.9735151, 0.0 ], [ 72.9249401, 19.9733418, 0.0 ], [ 72.9249277, 19.9731562, 0.0 ], [ 72.9249401, 19.9729705, 0.0 ], [ 72.9249401, 19.9726612, 0.0 ], [ 72.9248781, 19.972426, 0.0 ], [ 72.9247543, 19.9722404, 0.0 ], [ 72.9246128, 19.9719813, 0.0 ], [ 72.9246056, 19.9719681, 0.0 ], [ 72.9244941, 19.9718072, 0.0 ], [ 72.9243083, 19.9716959, 0.0 ], [ 72.9240728, 19.9716835, 0.0 ], [ 72.923664, 19.971733, 0.0 ], [ 72.9232428, 19.9718196, 0.0 ], [ 72.9226481, 19.9719929, 0.0 ], [ 72.9224127, 19.9720053, 0.0 ], [ 72.9222021, 19.9719929, 0.0 ], [ 72.9219543, 19.9720053, 0.0 ], [ 72.9216693, 19.9721043, 0.0 ], [ 72.9214587, 19.972228, 0.0 ], [ 72.9212853, 19.9723023, 0.0 ], [ 72.9210623, 19.9722528, 0.0 ], [ 72.9209508, 19.9721785, 0.0 ], [ 72.9208269, 19.9720424, 0.0 ], [ 72.920703, 19.9718567, 0.0 ], [ 72.9205048, 19.9716711, 0.0 ], [ 72.9202817, 19.9715102, 0.0 ], [ 72.9195557, 19.9711685, 0.0 ], [ 72.9192039, 19.9710028, 0.0 ], [ 72.9186216, 19.9707925, 0.0 ], [ 72.9180467, 19.9705926, 0.0 ], [ 72.9178609, 19.9705926, 0.0 ], [ 72.9175759, 19.9706916, 0.0 ], [ 72.9172042, 19.9709762, 0.0 ], [ 72.9171051, 19.9710505, 0.0 ], [ 72.9169441, 19.9711, 0.0 ], [ 72.9168325, 19.9710752, 0.0 ], [ 72.9166343, 19.9709639, 0.0 ], [ 72.9163246, 19.9707659, 0.0 ], [ 72.9161016, 19.9706297, 0.0 ], [ 72.9158414, 19.9705926, 0.0 ], [ 72.9157051, 19.9706792, 0.0 ], [ 72.9155317, 19.9707782, 0.0 ], [ 72.9154326, 19.9709267, 0.0 ], [ 72.915383, 19.9711247, 0.0 ], [ 72.9153459, 19.9714341, 0.0 ], [ 72.9152963, 19.9721643, 0.0 ], [ 72.915222, 19.9724489, 0.0 ], [ 72.9151104, 19.9725603, 0.0 ], [ 72.9146025, 19.9726222, 0.0 ], [ 72.9144662, 19.9726841, 0.0 ], [ 72.9142804, 19.9728449, 0.0 ], [ 72.9140326, 19.973142, 0.0 ], [ 72.9137972, 19.9732781, 0.0 ], [ 72.9134503, 19.9732781, 0.0 ], [ 72.9131901, 19.9732781, 0.0 ], [ 72.9129919, 19.9731667, 0.0 ], [ 72.9128308, 19.9730058, 0.0 ], [ 72.9126698, 19.9727954, 0.0 ], [ 72.9125335, 19.972288, 0.0 ], [ 72.9124468, 19.9720653, 0.0 ], [ 72.9123229, 19.9718673, 0.0 ], [ 72.9121742, 19.9715703, 0.0 ], [ 72.9121618, 19.971298, 0.0 ], [ 72.9120875, 19.9710629, 0.0 ], [ 72.911976, 19.9709144, 0.0 ], [ 72.911017, 19.9706667, 0.0 ], [ 72.9108064, 19.9706667, 0.0 ], [ 72.9105834, 19.9706915, 0.0 ], [ 72.9103356, 19.9707905, 0.0 ] ] } },
{ "type": "Feature", "properties": { "objectid": 14471, "rivname": "Kumbheri N", "rilcode": null, "st_length_": 27.7018, "bacode": 14, "ba_name": "West flowing rivers from Tapi to Tadri", "sub_basin": "Bhatsol and others", "remarks": null }, "geometry": { "type": "LineString", "coordinates": [ [ 73.2408802, 19.4636465, 0.0 ], [ 73.2406526, 19.4638187, 0.0 ], [ 73.2404781, 19.4639602, 0.0 ], [ 73.2403189, 19.4640476, 0.0 ], [ 73.2400979, 19.464134, 0.0 ], [ 73.2398732, 19.4641615, 0.0 ], [ 73.2395961, 19.4641879, 0.0 ], [ 73.2393939, 19.4642836, 0.0 ], [ 73.2392338, 19.4644208, 0.0 ], [ 73.2389532, 19.4646191, 0.0 ], [ 73.2386507, 19.4649527, 0.0 ], [ 73.2385143, 19.4650948, 0.0 ], [ 73.2383356, 19.4652091, 0.0 ], [ 73.2380034, 19.4653657, 0.0 ], [ 73.2377731, 19.4654338, 0.0 ], [ 73.2372175, 19.4655636, 0.0 ], [ 73.2366582, 19.4658652, 0.0 ], [ 73.2363629, 19.4660813, 0.0 ], [ 73.2360929, 19.4662255, 0.0 ], [ 73.2358465, 19.4663883, 0.0 ], [ 73.2356484, 19.4665112, 0.0 ], [ 73.2353505, 19.4668538, 0.0 ], [ 73.2349588, 19.4671269, 0.0 ], [ 73.2346585, 19.4673519, 0.0 ], [ 73.2343314, 19.4677256, 0.0 ], [ 73.2342077, 19.4679404, 0.0 ], [ 73.2339628, 19.4682569, 0.0 ], [ 73.2337882, 19.4686289, 0.0 ], [ 73.2336712, 19.4689885, 0.0 ], [ 73.2334945, 19.4692294, 0.0 ], [ 73.2332392, 19.4695909, 0.0 ], [ 73.2328433, 19.4698277, 0.0 ], [ 73.2320831, 19.4701663, 0.0 ], [ 73.2317854, 19.4704999, 0.0 ], [ 73.2313558, 19.4709848, 0.0 ], [ 73.2309202, 19.4715284, 0.0 ], [ 73.2305178, 19.4718509, 0.0 ], [ 73.2301045, 19.4720106, 0.0 ], [ 73.2297353, 19.4721122, 0.0 ], [ 73.2295701, 19.4722628, 0.0 ], [ 73.2296364, 19.4727434, 0.0 ], [ 73.2296053, 19.4728649, 0.0 ], [ 73.2290978, 19.4731991, 0.0 ], [ 73.2289019, 19.4734442, 0.0 ], [ 73.2286766, 19.4741996, 0.0 ], [ 73.2280727, 19.4748079, 0.0 ], [ 73.2278913, 19.4752839, 0.0 ], [ 73.2277184, 19.4755745, 0.0 ], [ 73.2275434, 19.4759692, 0.0 ], [ 73.227343, 19.4762051, 0.0 ], [ 73.2271166, 19.4763184, 0.0 ], [ 73.2270767, 19.4764036, 0.0 ], [ 73.2266261, 19.4767479, 0.0 ], [ 73.226264, 19.4771978, 0.0 ], [ 73.2260888, 19.4776016, 0.0 ], [ 73.2257942, 19.477777, 0.0 ], [ 73.2253019, 19.4778401, 0.0 ], [ 73.2246729, 19.4778239, 0.0 ], [ 73.2244612, 19.4779194, 0.0 ], [ 73.2242302, 19.4780191, 0.0 ], [ 73.2239521, 19.4780953, 0.0 ], [ 73.2238892, 19.4781394, 0.0 ], [ 73.223683, 19.4781988, 0.0 ], [ 73.2234863, 19.4782585, 0.0 ], [ 73.2229511, 19.4785424, 0.0 ], [ 73.2225554, 19.4787701, 0.0 ], [ 73.2222543, 19.4790358, 0.0 ], [ 73.2216971, 19.4796946, 0.0 ], [ 73.2210497, 19.4803382, 0.0 ], [ 73.2206742, 19.4807382, 0.0 ], [ 73.220345, 19.4809808, 0.0 ], [ 73.2198378, 19.4812968, 0.0 ], [ 73.2195829, 19.4814006, 0.0 ], [ 73.2193329, 19.4815044, 0.0 ], [ 73.2184011, 19.4816046, 0.0 ], [ 73.2174875, 19.4817413, 0.0 ], [ 73.216608, 19.4818469, 0.0 ], [ 73.2162205, 19.481912, 0.0 ], [ 73.215714, 19.481885, 0.0 ], [ 73.2153153, 19.4818242, 0.0 ], [ 73.2146664, 19.4817364, 0.0 ], [ 73.2140581, 19.4816891, 0.0 ], [ 73.2131023, 19.4814587, 0.0 ], [ 73.2120952, 19.4807021, 0.0 ], [ 73.2115271, 19.4805395, 0.0 ], [ 73.2113517, 19.4805468, 0.0 ], [ 73.211203, 19.4807292, 0.0 ], [ 73.2111692, 19.4810939, 0.0 ], [ 73.2111084, 19.4816614, 0.0 ], [ 73.2108469, 19.4821476, 0.0 ], [ 73.210675, 19.4824396, 0.0 ], [ 73.2105719, 19.48262, 0.0 ], [ 73.2102367, 19.482766, 0.0 ], [ 73.2098758, 19.4829292, 0.0 ], [ 73.2098071, 19.4833586, 0.0 ], [ 73.209575, 19.4838654, 0.0 ], [ 73.2094118, 19.4840801, 0.0 ], [ 73.2089735, 19.4841316, 0.0 ], [ 73.2088704, 19.4840114, 0.0 ], [ 73.2086642, 19.4835905, 0.0 ], [ 73.2084253, 19.4825581, 0.0 ] ] } },
{ "type": "Feature", "properties": { "objectid": 16334, "rivname": "Manichi N", "rilcode": null, "st_length_": 8.33466, "bacode": 14, "ba_name": "West flowing rivers from Tapi to Tadri", "sub_basin": "Bhatsol and others", "remarks": null }, "geometry": { "type": "LineString", "coordinates": [ [ 73.0912934, 19.7246684, 0.0 ], [ 73.0912407, 19.7244594, 0.0 ], [ 73.0911079, 19.7241946, 0.0 ], [ 73.090796, 19.7238269, 0.0 ], [ 73.0905963, 19.7235653, 0.0 ], [ 73.0904269, 19.7234445, 0.0 ], [ 73.0902385, 19.7233278, 0.0 ], [ 73.0899637, 19.7232321, 0.0 ], [ 73.0895453, 19.7231471, 0.0 ], [ 73.0892127, 19.7230728, 0.0 ], [ 73.088761, 19.7229827, 0.0 ], [ 73.088491, 19.7228825, 0.0 ], [ 73.088151, 19.7227087, 0.0 ], [ 73.0878925, 19.7225183, 0.0 ], [ 73.0876912, 19.722329, 0.0 ], [ 73.0876128, 19.7222009, 0.0 ], [ 73.0875629, 19.7218608, 0.0 ], [ 73.0875605, 19.7213091, 0.0 ], [ 73.0875704, 19.7206311, 0.0 ], [ 73.0876011, 19.7203107, 0.0 ], [ 73.0875973, 19.7200439, 0.0 ], [ 73.0874979, 19.7195626, 0.0 ], [ 73.0874146, 19.7192174, 0.0 ], [ 73.087276, 19.7187807, 0.0 ], [ 73.0871498, 19.7184346, 0.0 ], [ 73.0867767, 19.7178034, 0.0 ], [ 73.0864761, 19.71735, 0.0 ], [ 73.0863334, 19.7171031, 0.0 ], [ 73.086191, 19.7168471, 0.0 ], [ 73.0861147, 19.7166195, 0.0 ], [ 73.0860751, 19.7164651, 0.0 ], [ 73.0861107, 19.7163618, 0.0 ], [ 73.0863926, 19.7161321, 0.0 ], [ 73.0865095, 19.7160259, 0.0 ], [ 73.0865829, 19.7159414, 0.0 ], [ 73.086634, 19.7157841, 0.0 ], [ 73.0865995, 19.7156162, 0.0 ], [ 73.0864044, 19.7153637, 0.0 ], [ 73.0862042, 19.7151292, 0.0 ], [ 73.0860576, 19.7148415, 0.0 ], [ 73.0859949, 19.7146504, 0.0 ], [ 73.0859422, 19.7142154, 0.0 ], [ 73.0859362, 19.7140524, 0.0 ], [ 73.0859184, 19.7137673, 0.0 ], [ 73.0858809, 19.7132918, 0.0 ], [ 73.0858676, 19.7130247, 0.0 ], [ 73.0859324, 19.7126778, 0.0 ], [ 73.0859396, 19.7123434, 0.0 ], [ 73.0859476, 19.7119728, 0.0 ], [ 73.0859457, 19.7116201, 0.0 ], [ 73.0859194, 19.7110679, 0.0 ], [ 73.0859252, 19.7108013, 0.0 ], [ 73.0859877, 19.7105584, 0.0 ], [ 73.086064, 19.7103428, 0.0 ], [ 73.0862431, 19.7100072, 0.0 ], [ 73.0863785, 19.7097068, 0.0 ], [ 73.0864452, 19.7094911, 0.0 ], [ 73.0864601, 19.7092427, 0.0 ], [ 73.0864429, 19.7089349, 0.0 ], [ 73.0864273, 19.7087718, 0.0 ], [ 73.0864394, 19.70865, 0.0 ], [ 73.0867399, 19.7082263, 0.0 ], [ 73.0870093, 19.7079105, 0.0 ], [ 73.0872404, 19.7075984, 0.0 ], [ 73.087236, 19.7075758, 0.0 ], [ 73.0872626, 19.7074542, 0.0 ], [ 73.0873097, 19.7072607, 0.0 ], [ 73.0873263, 19.707157, 0.0 ], [ 73.0873176, 19.7068946, 0.0 ], [ 73.0872889, 19.706677, 0.0 ], [ 73.0872614, 19.7066222, 0.0 ], [ 73.0871977, 19.7064808, 0.0 ], [ 73.0870881, 19.7062481, 0.0 ], [ 73.0870339, 19.7061023, 0.0 ], [ 73.0868716, 19.7056561, 0.0 ], [ 73.0868319, 19.7055061, 0.0 ], [ 73.0868124, 19.7053068, 0.0 ], [ 73.0868529, 19.7049775, 0.0 ], [ 73.0869649, 19.7046541, 0.0 ], [ 73.0872124, 19.704243, 0.0 ], [ 73.0873039, 19.703987, 0.0 ], [ 73.0873592, 19.7038614, 0.0 ], [ 73.0873611, 19.7037756, 0.0 ], [ 73.0873485, 19.7036894, 0.0 ], [ 73.0872655, 19.7035567, 0.0 ], [ 73.0870521, 19.7032678, 0.0 ], [ 73.0869206, 19.7031702, 0.0 ], [ 73.0864473, 19.7029757, 0.0 ], [ 73.0858333, 19.7028914, 0.0 ], [ 73.0853677, 19.702783, 0.0 ], [ 73.0849808, 19.7025721, 0.0 ], [ 73.0849005, 19.7025343, 0.0 ], [ 73.0846609, 19.7023533, 0.0 ], [ 73.0843552, 19.7021394, 0.0 ], [ 73.0841762, 19.7020274, 0.0 ], [ 73.0840883, 19.7018946, 0.0 ], [ 73.0840014, 19.7017211, 0.0 ], [ 73.0839691, 19.7014492, 0.0 ], [ 73.0839906, 19.701115, 0.0 ], [ 73.0841211, 19.7005976, 0.0 ], [ 73.0841872, 19.700192, 0.0 ], [ 73.0842478, 19.6991532, 0.0 ], [ 73.084287, 19.6986611, 0.0 ], [ 73.0843075, 19.6979335, 0.0 ], [ 73.0842683, 19.6977609, 0.0 ], [ 73.0841005, 19.6975723, 0.0 ], [ 73.0840076, 19.6974529, 0.0 ], [ 73.0838898, 19.6973828, 0.0 ], [ 73.0837904, 19.6973447, 0.0 ], [ 73.0837005, 19.6973068, 0.0 ], [ 73.0836726, 19.6972746, 0.0 ], [ 73.0835718, 19.6970738, 0.0 ], [ 73.0835458, 19.6969512, 0.0 ], [ 73.0834055, 19.6968173, 0.0 ], [ 73.0831684, 19.6967449, 0.0 ], [ 73.0827544, 19.6966827, 0.0 ], [ 73.0823686, 19.6966435, 0.0 ], [ 73.0820924, 19.6966065, 0.0 ], [ 73.0818978, 19.696553, 0.0 ], [ 73.0817622, 19.6964237, 0.0 ], [ 73.0816473, 19.6962181, 0.0 ], [ 73.0816256, 19.6958966, 0.0 ], [ 73.0816576, 19.6955174, 0.0 ], [ 73.0816426, 19.6953317, 0.0 ], [ 73.0814939, 19.6949219, 0.0 ], [ 73.0813473, 19.6946388, 0.0 ], [ 73.0812466, 19.6944379, 0.0 ], [ 73.081209, 19.6941839, 0.0 ], [ 73.0811556, 19.6937895, 0.0 ], [ 73.081075, 19.6935438, 0.0 ], [ 73.0808894, 19.6932915, 0.0 ], [ 73.0806464, 19.6930517, 0.0 ], [ 73.0803215, 19.6928419, 0.0 ], [ 73.0800016, 19.6926232, 0.0 ], [ 73.079904, 19.6925037, 0.0 ], [ 73.0798057, 19.6924115, 0.0 ], [ 73.0797524, 19.6922295, 0.0 ], [ 73.0797151, 19.6919666, 0.0 ], [ 73.0797265, 19.6916593, 0.0 ], [ 73.0797949, 19.6913668, 0.0 ], [ 73.079873, 19.6910654, 0.0 ], [ 73.0800288, 19.6907021, 0.0 ], [ 73.0804008, 19.6902753, 0.0 ], [ 73.0808063, 19.6898445, 0.0 ], [ 73.0810311, 19.6896047, 0.0 ], [ 73.0811775, 19.6894583, 0.0 ], [ 73.0812521, 19.6893197, 0.0 ], [ 73.0812831, 19.6892117, 0.0 ], [ 73.0812899, 19.6891169, 0.0 ], [ 73.0812397, 19.6890119, 0.0 ], [ 73.0811087, 19.6888918, 0.0 ], [ 73.0809057, 19.6887839, 0.0 ], [ 73.0805443, 19.6887181, 0.0 ], [ 73.0801104, 19.6886962, 0.0 ], [ 73.0798532, 19.6886686, 0.0 ], [ 73.079645, 19.6885831, 0.0 ], [ 73.079461, 19.6884801, 0.0 ], [ 73.0793122, 19.6882963, 0.0 ], [ 73.0792104, 19.6881496, 0.0 ], [ 73.0791234, 19.6879762, 0.0 ], [ 73.0791088, 19.6877679, 0.0 ], [ 73.0791372, 19.6875604, 0.0 ], [ 73.0792938, 19.687161, 0.0 ], [ 73.0794259, 19.6865713, 0.0 ], [ 73.0794466, 19.6860721, 0.0 ], [ 73.0795735, 19.6855227, 0.0 ], [ 73.0797712, 19.6845261, 0.0 ], [ 73.0801235, 19.6843605, 0.0 ], [ 73.0806734, 19.6842549, 0.0 ], [ 73.0808849, 19.6842549, 0.0 ], [ 73.0810118, 19.683959, 0.0 ], [ 73.0810118, 19.6832617, 0.0 ], [ 73.0808426, 19.6825644, 0.0 ], [ 73.0805253, 19.6819093, 0.0 ], [ 73.0804818, 19.6813439, 0.0 ], [ 73.0804619, 19.6810853, 0.0 ], [ 73.081033, 19.680726, 0.0 ], [ 73.0814772, 19.6806204, 0.0 ], [ 73.0822598, 19.6799019, 0.0 ], [ 73.0823021, 19.6795638, 0.0 ], [ 73.0821329, 19.6791201, 0.0 ], [ 73.0820906, 19.6789299, 0.0 ], [ 73.0822598, 19.6785707, 0.0 ], [ 73.0823029, 19.6779641, 0.0 ], [ 73.0823622, 19.6776088, 0.0 ], [ 73.0824955, 19.6772684, 0.0 ], [ 73.0829253, 19.6769427, 0.0 ], [ 73.0833402, 19.6768538, 0.0 ], [ 73.083607, 19.6768242, 0.0 ], [ 73.0838589, 19.6764689, 0.0 ], [ 73.0838737, 19.6760544, 0.0 ], [ 73.0837996, 19.6756251, 0.0 ], [ 73.083933, 19.675329, 0.0 ], [ 73.0844558, 19.6745272, 0.0 ], [ 73.0846188, 19.6742903, 0.0 ], [ 73.0850189, 19.6741275, 0.0 ], [ 73.085419, 19.673861, 0.0 ], [ 73.0862352, 19.6732612, 0.0 ], [ 73.0863982, 19.6731724, 0.0 ], [ 73.0865316, 19.6730688, 0.0 ], [ 73.0866205, 19.6728023, 0.0 ], [ 73.0866057, 19.6723878, 0.0 ], [ 73.0863389, 19.6721065, 0.0 ], [ 73.0860277, 19.6717956, 0.0 ], [ 73.0858795, 19.6714403, 0.0 ], [ 73.0859536, 19.6709222, 0.0 ], [ 73.086087, 19.6707001, 0.0 ], [ 73.0862648, 19.6707149, 0.0 ], [ 73.0866649, 19.670863, 0.0 ], [ 73.0874059, 19.6714107, 0.0 ], [ 73.0875393, 19.6714107, 0.0 ], [ 73.0876874, 19.6713367, 0.0 ], [ 73.0882209, 19.6706409, 0.0 ], [ 73.0883982, 19.6703995, 0.0 ] ] } },
{ "type": "Feature", "properties": { "objectid": 17093, "rivname": "Mokhai N", "rilcode": null, "st_length_": 21.7458, "bacode": 14, "ba_name": "West flowing rivers from Tapi to Tadri", "sub_basin": "Bhatsol and others", "remarks": null }, "geometry": { "type": "LineString", "coordinates": [ [ 73.1259187, 19.5652482, 0.0 ], [ 73.1257755, 19.5654761, 0.0 ], [ 73.1256896, 19.5657051, 0.0 ], [ 73.1254789, 19.5659632, 0.0 ], [ 73.1252734, 19.5662035, 0.0 ], [ 73.1251129, 19.5663497, 0.0 ], [ 73.1249875, 19.566415, 0.0 ], [ 73.1248478, 19.5664756, 0.0 ], [ 73.1246374, 19.5665033, 0.0 ], [ 73.1240409, 19.5665145, 0.0 ], [ 73.1238688, 19.5665247, 0.0 ], [ 73.1237539, 19.5665451, 0.0 ], [ 73.1236817, 19.56658, 0.0 ], [ 73.1236093, 19.5666147, 0.0 ], [ 73.1234884, 19.5666937, 0.0 ], [ 73.1233324, 19.566849, 0.0 ], [ 73.1230457, 19.5670968, 0.0 ], [ 73.1228319, 19.5672781, 0.0 ], [ 73.1227393, 19.5673712, 0.0 ], [ 73.1226668, 19.5674151, 0.0 ], [ 73.1226091, 19.5674365, 0.0 ], [ 73.1225852, 19.5674406, 0.0 ], [ 73.122333, 19.5676302, 0.0 ], [ 73.1220588, 19.5677425, 0.0 ], [ 73.1217493, 19.56794, 0.0 ], [ 73.1213831, 19.5681094, 0.0 ], [ 73.1210074, 19.5682786, 0.0 ], [ 73.1206137, 19.5683931, 0.0 ], [ 73.1203758, 19.5683705, 0.0 ], [ 73.1201246, 19.5682932, 0.0 ], [ 73.1198861, 19.5682932, 0.0 ], [ 73.119656, 19.5683431, 0.0 ], [ 73.1195001, 19.5684938, 0.0 ], [ 73.1193364, 19.5685675, 0.0 ], [ 73.1191881, 19.5685827, 0.0 ], [ 73.1189276, 19.5684964, 0.0 ], [ 73.1186912, 19.5683969, 0.0 ], [ 73.1186581, 19.5683826, 0.0 ], [ 73.1184389, 19.5683739, 0.0 ], [ 73.1182941, 19.5684525, 0.0 ], [ 73.1181863, 19.5685861, 0.0 ], [ 73.1178639, 19.5687201, 0.0 ], [ 73.1174801, 19.5688213, 0.0 ], [ 73.1171486, 19.5689325, 0.0 ], [ 73.1169088, 19.5689866, 0.0 ], [ 73.1167644, 19.5690471, 0.0 ], [ 73.1164096, 19.5695784, 0.0 ], [ 73.1161855, 19.5700172, 0.0 ], [ 73.1160254, 19.5703669, 0.0 ], [ 73.1156713, 19.5710881, 0.0 ], [ 73.1154087, 19.5715442, 0.0 ], [ 73.1151309, 19.5718192, 0.0 ], [ 73.1148843, 19.5719772, 0.0 ], [ 73.1145057, 19.5720559, 0.0 ], [ 73.1139565, 19.5723077, 0.0 ], [ 73.1134735, 19.5725832, 0.0 ], [ 73.11303, 19.5728008, 0.0 ], [ 73.1124736, 19.5731654, 0.0 ], [ 73.1119719, 19.5736486, 0.0 ], [ 73.1115529, 19.5740565, 0.0 ], [ 73.1110524, 19.5744809, 0.0 ], [ 73.1108705, 19.5747352, 0.0 ], [ 73.1105241, 19.5750948, 0.0 ], [ 73.1103375, 19.5753399, 0.0 ], [ 73.1102345, 19.5754736, 0.0 ], [ 73.1096022, 19.575371, 0.0 ], [ 73.108859, 19.5753251, 0.0 ], [ 73.1085104, 19.5753409, 0.0 ], [ 73.1078935, 19.575632, 0.0 ], [ 73.1076367, 19.5758169, 0.0 ], [ 73.1074705, 19.5760037, 0.0 ], [ 73.1073878, 19.5763005, 0.0 ], [ 73.1072582, 19.5767819, 0.0 ], [ 73.1071383, 19.5770372, 0.0 ], [ 73.1069621, 19.5772464, 0.0 ], [ 73.1068228, 19.5772889, 0.0 ], [ 73.1065988, 19.5772756, 0.0 ], [ 73.1063925, 19.5773304, 0.0 ], [ 73.1063194, 19.5774059, 0.0 ], [ 73.1061891, 19.5774757, 0.0 ], [ 73.1059593, 19.5775119, 0.0 ], [ 73.1055633, 19.5775134, 0.0 ], [ 73.1051262, 19.5774326, 0.0 ], [ 73.1043405, 19.5773632, 0.0 ], [ 73.1040411, 19.5773077, 0.0 ], [ 73.1039088, 19.5772508, 0.0 ], [ 73.1037958, 19.5771809, 0.0 ], [ 73.1036787, 19.5770791, 0.0 ], [ 73.1034605, 19.576799, 0.0 ], [ 73.1033589, 19.5766434, 0.0 ], [ 73.1031562, 19.5765265, 0.0 ], [ 73.103, 19.5764737, 0.0 ], [ 73.1027573, 19.5764464, 0.0 ], [ 73.1022799, 19.5764598, 0.0 ], [ 73.1018355, 19.5764964, 0.0 ], [ 73.1014832, 19.5764625, 0.0 ], [ 73.1010073, 19.5764081, 0.0 ], [ 73.1006843, 19.5763431, 0.0 ], [ 73.1005435, 19.5762937, 0.0 ], [ 73.1003434, 19.5762235, 0.0 ], [ 73.1001284, 19.5760158, 0.0 ], [ 73.0999204, 19.5759259, 0.0 ], [ 73.0997809, 19.5757559, 0.0 ], [ 73.0995064, 19.5754341, 0.0 ], [ 73.0988069, 19.5746836, 0.0 ], [ 73.0984164, 19.5744319, 0.0 ], [ 73.0980169, 19.5741484, 0.0 ], [ 73.0976639, 19.573929, 0.0 ], [ 73.0973374, 19.5738052, 0.0 ], [ 73.0969867, 19.5736943, 0.0 ], [ 73.0966457, 19.5735838, 0.0 ], [ 73.096347, 19.5734921, 0.0 ], [ 73.0961964, 19.5733987, 0.0 ], [ 73.0958632, 19.5731436, 0.0 ], [ 73.0956087, 19.5729985, 0.0 ], [ 73.0954014, 19.5728815, 0.0 ], [ 73.0952122, 19.5728054, 0.0 ], [ 73.0950223, 19.5727611, 0.0 ], [ 73.0948091, 19.5726937, 0.0 ], [ 73.0945826, 19.5725763, 0.0 ], [ 73.0942262, 19.5722891, 0.0 ], [ 73.0940638, 19.5720779, 0.0 ], [ 73.0939452, 19.5718224, 0.0 ], [ 73.0938345, 19.5716484, 0.0 ], [ 73.0936952, 19.5714739, 0.0 ], [ 73.0933918, 19.5711606, 0.0 ], [ 73.0932072, 19.5709723, 0.0 ], [ 73.0931071, 19.5708702, 0.0 ], [ 73.0928544, 19.5706392, 0.0 ], [ 73.092719, 19.5705054, 0.0 ], [ 73.0926069, 19.5703948, 0.0 ], [ 73.0925675, 19.5703443, 0.0 ], [ 73.092528, 19.5702937, 0.0 ], [ 73.0924408, 19.5701293, 0.0 ], [ 73.0923119, 19.5699143, 0.0 ], [ 73.0922104, 19.5697586, 0.0 ], [ 73.0918276, 19.5693668, 0.0 ], [ 73.0916535, 19.569255, 0.0 ], [ 73.0914124, 19.5691553, 0.0 ], [ 73.0909174, 19.5688835, 0.0 ], [ 73.0906921, 19.5687073, 0.0 ], [ 73.0902484, 19.5682691, 0.0 ], [ 73.0898606, 19.5678909, 0.0 ], [ 73.0897712, 19.5678304, 0.0 ], [ 73.0896363, 19.567674, 0.0 ], [ 73.0894576, 19.5675712, 0.0 ], [ 73.0892629, 19.5673906, 0.0 ], [ 73.0889059, 19.5671406, 0.0 ], [ 73.0886789, 19.5669456, 0.0 ], [ 73.0882639, 19.5666275, 0.0 ], [ 73.0879162, 19.5663645, 0.0 ], [ 73.0877487, 19.5662627, 0.0 ], [ 73.0876501, 19.566208, 0.0 ], [ 73.0875114, 19.5662116, 0.0 ], [ 73.0873545, 19.5663064, 0.0 ], [ 73.0871976, 19.5665069, 0.0 ], [ 73.0869458, 19.5668678, 0.0 ], [ 73.0866091, 19.5675291, 0.0 ], [ 73.0864996, 19.5677405, 0.0 ], [ 73.0864302, 19.5678681, 0.0 ], [ 73.0863061, 19.5679519, 0.0 ], [ 73.0860908, 19.5679738, 0.0 ], [ 73.085901, 19.5679373, 0.0 ], [ 73.085777, 19.5678608, 0.0 ], [ 73.0855872, 19.5677259, 0.0 ], [ 73.085412, 19.5675655, 0.0 ], [ 73.0850834, 19.5675529, 0.0 ], [ 73.0850002, 19.5675529, 0.0 ], [ 73.0849221, 19.5676049, 0.0 ], [ 73.0847037, 19.5677763, 0.0 ], [ 73.0843031, 19.5680569, 0.0 ], [ 73.084015, 19.5681254, 0.0 ], [ 73.0839754, 19.5681348, 0.0 ], [ 73.0836581, 19.5681348, 0.0 ], [ 73.0833252, 19.5680517, 0.0 ], [ 73.08319, 19.5679737, 0.0 ], [ 73.0830911, 19.567875, 0.0 ], [ 73.0830443, 19.5677451, 0.0 ], [ 73.0830287, 19.5676049, 0.0 ], [ 73.0830911, 19.5674958, 0.0 ], [ 73.0833672, 19.5672383, 0.0 ], [ 73.0835857, 19.5670149, 0.0 ], [ 73.0836949, 19.5668123, 0.0 ], [ 73.0837001, 19.5666252, 0.0 ], [ 73.0836533, 19.5664538, 0.0 ], [ 73.0832729, 19.5661454, 0.0 ], [ 73.0815125, 19.5647306, 0.0 ], [ 73.0812368, 19.5645176, 0.0 ], [ 73.0810963, 19.5644345, 0.0 ], [ 73.080831, 19.5644345, 0.0 ], [ 73.0807062, 19.5645228, 0.0 ], [ 73.0804149, 19.5646267, 0.0 ], [ 73.0800456, 19.564741, 0.0 ], [ 73.0796034, 19.5647825, 0.0 ], [ 73.0793226, 19.564689, 0.0 ], [ 73.0786234, 19.5646158, 0.0 ], [ 73.0781188, 19.5646365, 0.0 ], [ 73.0777807, 19.5646469, 0.0 ], [ 73.0774946, 19.5646469, 0.0 ], [ 73.0772241, 19.564569, 0.0 ], [ 73.0761266, 19.5640754, 0.0 ], [ 73.0754264, 19.5637043, 0.0 ], [ 73.0751652, 19.5635396, 0.0 ], [ 73.0745942, 19.5631796, 0.0 ], [ 73.0742665, 19.5630341, 0.0 ], [ 73.0734706, 19.5628991, 0.0 ], [ 73.0720765, 19.5628835, 0.0 ], [ 73.0717592, 19.5628783, 0.0 ], [ 73.0712835, 19.5630502, 0.0 ], [ 73.071091, 19.5631437, 0.0 ], [ 73.070909, 19.5634294, 0.0 ], [ 73.0708882, 19.5636425, 0.0 ], [ 73.0708257, 19.5639646, 0.0 ], [ 73.0707945, 19.5641048, 0.0 ], [ 73.0706957, 19.5641464, 0.0 ], [ 73.070472, 19.564162, 0.0 ], [ 73.0703576, 19.5641048, 0.0 ], [ 73.0701443, 19.5639126, 0.0 ], [ 73.069801, 19.563523, 0.0 ], [ 73.0696001, 19.5633919, 0.0 ], [ 73.0692516, 19.5633178, 0.0 ], [ 73.0684213, 19.5632882, 0.0 ], [ 73.067109, 19.5632068, 0.0 ], [ 73.0669088, 19.563192, 0.0 ], [ 73.0668569, 19.5633475, 0.0 ], [ 73.0669385, 19.5638214, 0.0 ], [ 73.0671292, 19.5644116, 0.0 ], [ 73.0671226, 19.5646871, 0.0 ], [ 73.0670602, 19.5648512, 0.0 ], [ 73.066942, 19.5650119, 0.0 ], [ 73.0666956, 19.5650874, 0.0 ], [ 73.0664854, 19.565048, 0.0 ], [ 73.0663376, 19.564943, 0.0 ], [ 73.0660847, 19.5646839, 0.0 ], [ 73.0658449, 19.5644936, 0.0 ], [ 73.065443, 19.5643483, 0.0 ], [ 73.0650028, 19.5642532, 0.0 ], [ 73.064976, 19.5642534, 0.0 ], [ 73.0643098, 19.5642597, 0.0 ], [ 73.0634244, 19.5642928, 0.0 ], [ 73.0626854, 19.5643092, 0.0 ], [ 73.0624522, 19.5644044, 0.0 ], [ 73.0623536, 19.5645586, 0.0 ], [ 73.0623799, 19.5647029, 0.0 ], [ 73.0626697, 19.5649212, 0.0 ], [ 73.0631197, 19.5651836, 0.0 ], [ 73.0632938, 19.5653149, 0.0 ], [ 73.0633726, 19.5655084, 0.0 ], [ 73.0633858, 19.565822, 0.0 ], [ 73.0633562, 19.5661074, 0.0 ], [ 73.0632511, 19.5663173, 0.0 ], [ 73.063123, 19.5665109, 0.0 ], [ 73.062646, 19.566884, 0.0 ], [ 73.0623715, 19.5671222, 0.0 ], [ 73.0623209, 19.5671661, 0.0 ], [ 73.0622749, 19.567294, 0.0 ], [ 73.0622913, 19.5674646, 0.0 ], [ 73.0624194, 19.5676319, 0.0 ], [ 73.0627204, 19.5678287, 0.0 ], [ 73.0630807, 19.5681486, 0.0 ], [ 73.0631741, 19.5685418, 0.0 ], [ 73.0632164, 19.5689275, 0.0 ], [ 73.0630891, 19.5691552, 0.0 ], [ 73.0629088, 19.5693353, 0.0 ], [ 73.0628399, 19.5696318, 0.0 ], [ 73.0628505, 19.5699178, 0.0 ], [ 73.0629663, 19.5702569, 0.0 ], [ 73.0630793, 19.5708153, 0.0 ], [ 73.0629895, 19.5711174, 0.0 ], [ 73.0629659, 19.5713534, 0.0 ], [ 73.06298, 19.5714903, 0.0 ], [ 73.0631171, 19.5717405, 0.0 ], [ 73.0634205, 19.5720785, 0.0 ], [ 73.0636048, 19.5722343, 0.0 ], [ 73.0636426, 19.5724467, 0.0 ], [ 73.0636237, 19.5726922, 0.0 ], [ 73.0634536, 19.5729424, 0.0 ], [ 73.0629759, 19.5734059, 0.0 ], [ 73.0628294, 19.5735805, 0.0 ], [ 73.0626919, 19.5745605, 0.0 ], [ 73.0626602, 19.5747418, 0.0 ], [ 73.0625305, 19.5754827, 0.0 ], [ 73.0624123, 19.5757282, 0.0 ], [ 73.0621996, 19.5759548, 0.0 ], [ 73.0620106, 19.5760775, 0.0 ], [ 73.0617081, 19.5761295, 0.0 ], [ 73.0611929, 19.5761011, 0.0 ], [ 73.0602125, 19.5759161, 0.0 ], [ 73.0600144, 19.5758187, 0.0 ], [ 73.0598696, 19.5756652, 0.0 ], [ 73.0597987, 19.5754867, 0.0 ], [ 73.059685, 19.5751164, 0.0 ], [ 73.0594916, 19.5746484, 0.0 ], [ 73.0594555, 19.5745645, 0.0 ], [ 73.0591072, 19.5744745, 0.0 ], [ 73.058831, 19.5745045, 0.0 ], [ 73.0586148, 19.5746364, 0.0 ], [ 73.0578332, 19.5757176, 0.0 ], [ 73.0577664, 19.5759416, 0.0 ], [ 73.0577942, 19.5762797, 0.0 ], [ 73.0578141, 19.5765231, 0.0 ], [ 73.0579144, 19.5773606, 0.0 ], [ 73.0579478, 19.5777991, 0.0 ], [ 73.0579001, 19.5780708, 0.0 ], [ 73.0577887, 19.5782568, 0.0 ], [ 73.0574442, 19.578397, 0.0 ], [ 73.0570698, 19.5786349, 0.0 ], [ 73.0568869, 19.5787667, 0.0 ], [ 73.0568537, 19.5788248, 0.0 ], [ 73.0566487, 19.579183, 0.0 ], [ 73.0565891, 19.5793232, 0.0 ], [ 73.0566153, 19.579477, 0.0 ], [ 73.0566578, 19.5796405, 0.0 ], [ 73.056773, 19.5798464, 0.0 ], [ 73.0570094, 19.5802097, 0.0 ], [ 73.0573008, 19.5810611, 0.0 ], [ 73.057513, 19.5818181, 0.0 ], [ 73.05761, 19.5820906, 0.0 ], [ 73.0575495, 19.5823118, 0.0 ], [ 73.0573312, 19.5826085, 0.0 ], [ 73.0569856, 19.5829113, 0.0 ], [ 73.0568826, 19.5831172, 0.0 ], [ 73.0569007, 19.5833715, 0.0 ], [ 73.0569978, 19.5836622, 0.0 ], [ 73.0573134, 19.5845144, 0.0 ], [ 73.0574286, 19.5849746, 0.0 ], [ 73.0573983, 19.5853016, 0.0 ], [ 73.0573316, 19.5854711, 0.0 ], [ 73.057174, 19.585568, 0.0 ], [ 73.0567132, 19.5856165, 0.0 ], [ 73.0564404, 19.5856952, 0.0 ], [ 73.0562585, 19.5857679, 0.0 ], [ 73.0559987, 19.5861948, 0.0 ], [ 73.0559123, 19.586471, 0.0 ], [ 73.0557394, 19.5867644, 0.0 ], [ 73.0555493, 19.5869974, 0.0 ], [ 73.0552728, 19.587196, 0.0 ], [ 73.054737, 19.5877915, 0.0 ], [ 73.0545982, 19.5879149, 0.0 ], [ 73.0541392, 19.588323, 0.0 ], [ 73.0534776, 19.5889042, 0.0 ], [ 73.053422, 19.588953, 0.0 ], [ 73.0532837, 19.5892206, 0.0 ], [ 73.0532664, 19.5894363, 0.0 ], [ 73.0533269, 19.5896608, 0.0 ], [ 73.0534738, 19.5898506, 0.0 ], [ 73.0542515, 19.5904462, 0.0 ], [ 73.0543991, 19.5906476, 0.0 ], [ 73.0545114, 19.5911396, 0.0 ], [ 73.0544163, 19.5916229, 0.0 ], [ 73.0540826, 19.5926143, 0.0 ], [ 73.0537942, 19.5931149, 0.0 ], [ 73.0533478, 19.5934784, 0.0 ], [ 73.0531693, 19.5936636, 0.0 ], [ 73.0530798, 19.5940242, 0.0 ], [ 73.053121, 19.5944563, 0.0 ], [ 73.0531141, 19.5949158, 0.0 ], [ 73.0529562, 19.5954096, 0.0 ], [ 73.0525625, 19.5960923, 0.0 ], [ 73.0520269, 19.5965038, 0.0 ], [ 73.051148, 19.5969359, 0.0 ], [ 73.0505711, 19.5971074, 0.0 ], [ 73.0497513, 19.5971625, 0.0 ], [ 73.0490234, 19.5969636, 0.0 ], [ 73.0487634, 19.596916, 0.0 ], [ 73.0485358, 19.5968744, 0.0 ], [ 73.0482749, 19.596895, 0.0 ], [ 73.0480208, 19.5970253, 0.0 ], [ 73.0476569, 19.5973408, 0.0 ], [ 73.0470754, 19.5977434, 0.0 ], [ 73.0463102, 19.597988, 0.0 ], [ 73.0462184, 19.5980674, 0.0 ], [ 73.0461692, 19.5982953, 0.0 ], [ 73.0461609, 19.5992171, 0.0 ], [ 73.0459917, 19.5995768, 0.0 ], [ 73.0458335, 19.5997948, 0.0 ], [ 73.0454406, 19.5999528, 0.0 ], [ 73.0454052, 19.5999623, 0.0 ], [ 73.0445389, 19.6001933, 0.0 ], [ 73.0436604, 19.6003296, 0.0 ], [ 73.0431693, 19.600335, 0.0 ], [ 73.0423053, 19.6001265, 0.0 ], [ 73.0417924, 19.5997886, 0.0 ], [ 73.0412304, 19.5995434, 0.0 ], [ 73.0406956, 19.5994998, 0.0 ], [ 73.0401827, 19.5994998, 0.0 ], [ 73.0390779, 19.5994709, 0.0 ], [ 73.0382812, 19.5993782, 0.0 ], [ 73.0381066, 19.5993237, 0.0 ], [ 73.0380029, 19.5992311, 0.0 ], [ 73.0379811, 19.5990894, 0.0 ], [ 73.0380138, 19.5989313, 0.0 ], [ 73.0380957, 19.5987787, 0.0 ], [ 73.0382921, 19.5984354, 0.0 ], [ 73.0382921, 19.5982722, 0.0 ], [ 73.0382921, 19.5982065, 0.0 ], [ 73.0382157, 19.5980484, 0.0 ], [ 73.0380084, 19.5979558, 0.0 ], [ 73.0370098, 19.5978686, 0.0 ], [ 73.0367752, 19.597885, 0.0 ], [ 73.0365678, 19.5981029, 0.0 ], [ 73.0361739, 19.5985956, 0.0 ], [ 73.0360647, 19.5992713, 0.0 ], [ 73.0358335, 19.6001487, 0.0 ], [ 73.035709, 19.6004284, 0.0 ], [ 73.0353746, 19.6007857, 0.0 ], [ 73.0347524, 19.6011741, 0.0 ], [ 73.0346134, 19.6012348, 0.0 ], [ 73.0342547, 19.6013916, 0.0 ], [ 73.0341536, 19.6015003, 0.0 ], [ 73.0340991, 19.6021217, 0.0 ], [ 73.0339941, 19.6027725, 0.0 ], [ 73.0338194, 19.603271, 0.0 ], [ 73.0337258, 19.6035328, 0.0 ], [ 73.0337258, 19.6036761, 0.0 ], [ 73.0337633, 19.6038007, 0.0 ], [ 73.0338943, 19.603969, 0.0 ], [ 73.0342312, 19.604156, 0.0 ], [ 73.0344378, 19.6043121, 0.0 ], [ 73.0344621, 19.6043305, 0.0 ], [ 73.0345688, 19.6045279, 0.0 ], [ 73.0345751, 19.6047834, 0.0 ], [ 73.0345314, 19.6050015, 0.0 ], [ 73.0344191, 19.605151, 0.0 ], [ 73.0341196, 19.6053505, 0.0 ], [ 73.0336204, 19.6055063, 0.0 ], [ 73.0330464, 19.6056995, 0.0 ], [ 73.0320146, 19.6060883, 0.0 ], [ 73.0315466, 19.6063625, 0.0 ], [ 73.0310975, 19.6068424, 0.0 ], [ 73.03101, 19.6069359, 0.0 ], [ 73.0308977, 19.6072225, 0.0 ], [ 73.0307531, 19.6079431, 0.0 ], [ 73.0304527, 19.6085208, 0.0 ], [ 73.0303693, 19.6087097, 0.0 ], [ 73.030419, 19.6096069, 0.0 ], [ 73.0304746, 19.6100847, 0.0 ], [ 73.0303522, 19.6103791, 0.0 ], [ 73.0301687, 19.6106458, 0.0 ], [ 73.0297832, 19.610953, 0.0 ], [ 73.0293994, 19.6111863, 0.0 ], [ 73.0289656, 19.6112308, 0.0 ], [ 73.028465, 19.6112419, 0.0 ], [ 73.0280256, 19.6111474, 0.0 ], [ 73.0276251, 19.6109808, 0.0 ], [ 73.0273693, 19.6107919, 0.0 ], [ 73.0271857, 19.6107475, 0.0 ], [ 73.0268798, 19.6107752, 0.0 ], [ 73.0266963, 19.6108252, 0.0 ], [ 73.0264078, 19.6109885, 0.0 ], [ 73.025831, 19.6113149, 0.0 ], [ 73.0252581, 19.611526, 0.0 ], [ 73.0249466, 19.6115371, 0.0 ], [ 73.0242013, 19.6114371, 0.0 ], [ 73.0230611, 19.6112594, 0.0 ], [ 73.0227552, 19.6111816, 0.0 ], [ 73.0220186, 19.6108027, 0.0 ], [ 73.0213956, 19.6104861, 0.0 ], [ 73.0209618, 19.6104527, 0.0 ], [ 73.020628, 19.6104972, 0.0 ], [ 73.0204167, 19.6105861, 0.0 ], [ 73.0200996, 19.610986, 0.0 ], [ 73.0199439, 19.611336, 0.0 ], [ 73.0199159, 19.611717, 0.0 ], [ 73.0199549, 19.6119059, 0.0 ], [ 73.0200661, 19.6121337, 0.0 ], [ 73.0201217, 19.6124892, 0.0 ], [ 73.0202052, 19.613017, 0.0 ], [ 73.0202608, 19.6139823, 0.0 ], [ 73.0202553, 19.6145878, 0.0 ], [ 73.0200773, 19.6151378, 0.0 ], [ 73.0199827, 19.6154843, 0.0 ], [ 73.0199994, 19.6156676, 0.0 ], [ 73.0200439, 19.6158899, 0.0 ], [ 73.0201107, 19.6160232, 0.0 ], [ 73.020361, 19.6162176, 0.0 ], [ 73.0206724, 19.6165009, 0.0 ], [ 73.0210568, 19.6171943, 0.0 ], [ 73.0211569, 19.6176442, 0.0 ], [ 73.021168, 19.6178387, 0.0 ], [ 73.0213738, 19.6183331, 0.0 ], [ 73.0215073, 19.6187307, 0.0 ], [ 73.0214462, 19.6190918, 0.0 ], [ 73.0211847, 19.6194362, 0.0 ], [ 73.020762, 19.6197139, 0.0 ], [ 73.0204505, 19.6198639, 0.0 ], [ 73.0200141, 19.6202702, 0.0 ], [ 73.0197525, 19.6210937, 0.0 ], [ 73.0196019, 19.621933, 0.0 ], [ 73.0194748, 19.6233554, 0.0 ], [ 73.0195382, 19.6240205, 0.0 ], [ 73.0197285, 19.624741, 0.0 ], [ 73.0199332, 19.6256718, 0.0 ], [ 73.0202137, 19.6265798, 0.0 ] ] } },
{ "type": "Feature", "properties": { "objectid": 19646, "rivname": "Patilkhind N", "rilcode": null, "st_length_": 8.52606, "bacode": 14, "ba_name": "West flowing rivers from Tapi to Tadri", "sub_basin": "Bhatsol and others", "remarks": null }, "geometry": { "type": "LineString", "coordinates": [ [ 72.9596275, 19.8083378, 0.0 ], [ 72.9594731, 19.8079775, 0.0 ], [ 72.9592399, 19.8075117, 0.0 ], [ 72.9589889, 19.8069866, 0.0 ], [ 72.9587594, 19.8065706, 0.0 ], [ 72.9585317, 19.8062812, 0.0 ], [ 72.9583215, 19.8060691, 0.0 ], [ 72.958431, 19.8054428, 0.0 ], [ 72.9584273, 19.8047554, 0.0 ], [ 72.9582539, 19.8039608, 0.0 ], [ 72.9581918, 19.8035344, 0.0 ], [ 72.9583726, 19.8029277, 0.0 ], [ 72.9584058, 19.8020829, 0.0 ], [ 72.9583423, 19.8012904, 0.0 ], [ 72.9584058, 19.8001613, 0.0 ], [ 72.9586274, 19.7990038, 0.0 ], [ 72.9585602, 19.798383, 0.0 ], [ 72.9588449, 19.7978236, 0.0 ], [ 72.9586576, 19.7972274, 0.0 ], [ 72.9580102, 19.7956275, 0.0 ], [ 72.9579198, 19.7945451, 0.0 ], [ 72.9579582, 19.7936823, 0.0 ], [ 72.9584628, 19.7929057, 0.0 ], [ 72.9586254, 19.7922579, 0.0 ], [ 72.9587136, 19.7919067, 0.0 ], [ 72.9589361, 19.7916916, 0.0 ], [ 72.959308, 19.7915012, 0.0 ], [ 72.9595588, 19.7911755, 0.0 ], [ 72.9597846, 19.7909751, 0.0 ], [ 72.9600605, 19.7907245, 0.0 ], [ 72.960236, 19.7903487, 0.0 ], [ 72.9601608, 19.790048, 0.0 ], [ 72.9600605, 19.7897975, 0.0 ], [ 72.9601357, 19.7894968, 0.0 ], [ 72.9604367, 19.7892964, 0.0 ], [ 72.9604513, 19.7891361, 0.0 ], [ 72.9604618, 19.7890208, 0.0 ], [ 72.960236, 19.7886951, 0.0 ], [ 72.9600354, 19.7883944, 0.0 ], [ 72.9600354, 19.7881689, 0.0 ], [ 72.9601357, 19.7879434, 0.0 ], [ 72.9605119, 19.7876929, 0.0 ], [ 72.9607377, 19.7873672, 0.0 ], [ 72.9607879, 19.7869663, 0.0 ], [ 72.9606374, 19.7864401, 0.0 ], [ 72.9602611, 19.7860142, 0.0 ], [ 72.9599351, 19.7856634, 0.0 ], [ 72.9597344, 19.7851874, 0.0 ], [ 72.9598096, 19.7846362, 0.0 ], [ 72.9601249, 19.7841032, 0.0 ], [ 72.9601357, 19.784085, 0.0 ], [ 72.960236, 19.7835338, 0.0 ], [ 72.9603932, 19.7830485, 0.0 ], [ 72.9606374, 19.7822942, 0.0 ], [ 72.9606876, 19.7818182, 0.0 ], [ 72.960512, 19.7799641, 0.0 ], [ 72.9603113, 19.779438, 0.0 ], [ 72.9599853, 19.7786362, 0.0 ], [ 72.9599706, 19.7781973, 0.0 ], [ 72.9599602, 19.7778846, 0.0 ], [ 72.9600104, 19.777183, 0.0 ], [ 72.9600104, 19.7767571, 0.0 ], [ 72.9598849, 19.7764564, 0.0 ], [ 72.9595589, 19.7760556, 0.0 ], [ 72.9592077, 19.7757298, 0.0 ], [ 72.9590686, 19.7754936, 0.0 ], [ 72.9589569, 19.7753039, 0.0 ], [ 72.958722, 19.7750054, 0.0 ], [ 72.958681, 19.7749531, 0.0 ], [ 72.9585806, 19.7746274, 0.0 ], [ 72.9586057, 19.7742767, 0.0 ], [ 72.9588064, 19.7740762, 0.0 ], [ 72.9590667, 19.7738246, 0.0 ], [ 72.9591069, 19.7737858, 0.0 ], [ 72.9591821, 19.7734601, 0.0 ], [ 72.959132, 19.7730091, 0.0 ], [ 72.9593076, 19.7723827, 0.0 ], [ 72.959458, 19.7721322, 0.0 ], [ 72.9595082, 19.7718064, 0.0 ], [ 72.9593828, 19.7713555, 0.0 ], [ 72.9592958, 19.7712468, 0.0 ], [ 72.9590818, 19.7709796, 0.0 ], [ 72.9589815, 19.7707541, 0.0 ], [ 72.9590877, 19.7705419, 0.0 ], [ 72.9592072, 19.7703032, 0.0 ], [ 72.9596587, 19.7699273, 0.0 ], [ 72.9602356, 19.7695766, 0.0 ], [ 72.9611887, 19.7692007, 0.0 ], [ 72.9614647, 19.7689001, 0.0 ], [ 72.9613142, 19.7682988, 0.0 ], [ 72.9613643, 19.7679981, 0.0 ], [ 72.9616653, 19.7675471, 0.0 ], [ 72.9619914, 19.7673717, 0.0 ], [ 72.9624935, 19.7671516, 0.0 ], [ 72.962945, 19.7669262, 0.0 ], [ 72.9632961, 19.7667758, 0.0 ], [ 72.9634466, 19.7665503, 0.0 ], [ 72.963572, 19.7663749, 0.0 ], [ 72.963572, 19.7661996, 0.0 ], [ 72.9634717, 19.7660492, 0.0 ], [ 72.963271, 19.765949, 0.0 ], [ 72.9628697, 19.765949, 0.0 ], [ 72.9626189, 19.765924, 0.0 ], [ 72.9623932, 19.7655732, 0.0 ], [ 72.9621925, 19.7652475, 0.0 ], [ 72.9618915, 19.7649468, 0.0 ], [ 72.9616156, 19.7646712, 0.0 ], [ 72.9615153, 19.7645209, 0.0 ], [ 72.9615404, 19.7643706, 0.0 ], [ 72.9618915, 19.7641701, 0.0 ], [ 72.9619668, 19.7637692, 0.0 ], [ 72.9619725, 19.7637628, 0.0 ], [ 72.9620717, 19.7636514, 0.0 ], [ 72.9621674, 19.7635438, 0.0 ], [ 72.9625186, 19.7634185, 0.0 ], [ 72.9629199, 19.7633183, 0.0 ], [ 72.963547, 19.7631429, 0.0 ], [ 72.9644248, 19.7629675, 0.0 ], [ 72.9651773, 19.7628172, 0.0 ], [ 72.966607, 19.7620906, 0.0 ], [ 72.9669833, 19.7619152, 0.0 ], [ 72.9671087, 19.7614893, 0.0 ], [ 72.9671087, 19.7610383, 0.0 ], [ 72.9670836, 19.7602866, 0.0 ], [ 72.9671839, 19.7598858, 0.0 ], [ 72.9674849, 19.7594097, 0.0 ], [ 72.9679113, 19.7590088, 0.0 ], [ 72.9682199, 19.7589648, 0.0 ], [ 72.9686137, 19.7589086, 0.0 ], [ 72.9691655, 19.7591341, 0.0 ], [ 72.9695417, 19.7592844, 0.0 ], [ 72.969918, 19.7594348, 0.0 ], [ 72.9700684, 19.7597354, 0.0 ], [ 72.9701939, 19.760462, 0.0 ], [ 72.9704948, 19.7610383, 0.0 ], [ 72.9709965, 19.7611134, 0.0 ], [ 72.9711198, 19.7611134, 0.0 ], [ 72.9714731, 19.7611134, 0.0 ], [ 72.9719496, 19.7610884, 0.0 ], [ 72.9721973, 19.7611314, 0.0 ], [ 72.9725265, 19.7611886, 0.0 ], [ 72.9728526, 19.7611134, 0.0 ], [ 72.9733543, 19.7610132, 0.0 ], [ 72.9736051, 19.7608629, 0.0 ], [ 72.9737054, 19.7606625, 0.0 ], [ 72.9737054, 19.7602866, 0.0 ], [ 72.9736368, 19.7593579, 0.0 ], [ 72.9735113, 19.7591073, 0.0 ], [ 72.9735866, 19.7586313, 0.0 ], [ 72.9737622, 19.7583306, 0.0 ], [ 72.974013, 19.758055, 0.0 ], [ 72.9744394, 19.7579799, 0.0 ], [ 72.9749912, 19.7581552, 0.0 ], [ 72.9753925, 19.7581803, 0.0 ], [ 72.9757939, 19.7581552, 0.0 ], [ 72.9759945, 19.7578045, 0.0 ], [ 72.9760189, 19.7573906, 0.0 ] ] } },
{ "type": "Feature", "properties": { "objectid": 20165, "rivname": "Pinjai", "rilcode": 3, "st_length_": 68.9304, "bacode": 14, "ba_name": "West flowing rivers from Tapi to Tadri", "sub_basin": "Bhatsol and others", "remarks": "ok" }, "geometry": { "type": "LineString", "coordinates": [ [ 73.4151336, 19.8093274, 0.0 ], [ 73.4148768, 19.8099965, 0.0 ], [ 73.4147881, 19.8101351, 0.0 ], [ 73.4146285, 19.8102363, 0.0 ], [ 73.4146271, 19.8103086, 0.0 ], [ 73.4145093, 19.8104647, 0.0 ], [ 73.4140343, 19.8108136, 0.0 ], [ 73.4137402, 19.8109531, 0.0 ], [ 73.4134329, 19.8110335, 0.0 ], [ 73.412964, 19.8110705, 0.0 ], [ 73.4126256, 19.8110329, 0.0 ], [ 73.4114933, 19.8110401, 0.0 ], [ 73.410954, 19.8110125, 0.0 ], [ 73.4102502, 19.8108508, 0.0 ], [ 73.4095061, 19.8107925, 0.0 ], [ 73.4089791, 19.8106341, 0.0 ], [ 73.4078078, 19.8104371, 0.0 ], [ 73.4072543, 19.8104047, 0.0 ], [ 73.4067606, 19.8104864, 0.0 ], [ 73.4065344, 19.8105773, 0.0 ], [ 73.4062795, 19.8106633, 0.0 ], [ 73.406035, 19.8107086, 0.0 ], [ 73.4056193, 19.8107104, 0.0 ], [ 73.40414, 19.81063, 0.0 ], [ 73.4036179, 19.8107021, 0.0 ], [ 73.4028544, 19.8109012, 0.0 ], [ 73.4015214, 19.811158, 0.0 ], [ 73.4011358, 19.8113319, 0.0 ], [ 73.4006551, 19.8117213, 0.0 ], [ 73.3998852, 19.811762, 0.0 ], [ 73.399124, 19.8116038, 0.0 ], [ 73.3983142, 19.81149, 0.0 ], [ 73.3976251, 19.811306, 0.0 ], [ 73.3974082, 19.8111665, 0.0 ], [ 73.3973843, 19.8109265, 0.0 ], [ 73.3975288, 19.8106216, 0.0 ], [ 73.3980174, 19.8100742, 0.0 ], [ 73.3986455, 19.8094704, 0.0 ], [ 73.398677, 19.8093218, 0.0 ], [ 73.39863, 19.8090452, 0.0 ], [ 73.3984515, 19.8090278, 0.0 ], [ 73.3978774, 19.8090328, 0.0 ], [ 73.3974381, 19.8090627, 0.0 ], [ 73.3971935, 19.8091424, 0.0 ], [ 73.396962, 19.8093539, 0.0 ], [ 73.3967958, 19.8095058, 0.0 ], [ 73.3966329, 19.8096557, 0.0 ], [ 73.396484, 19.8100277, 0.0 ], [ 73.3964198, 19.8109329, 0.0 ], [ 73.3964108, 19.8120988, 0.0 ], [ 73.3961758, 19.8126948, 0.0 ], [ 73.3960896, 19.8127577, 0.0 ], [ 73.3958051, 19.8129656, 0.0 ], [ 73.3953531, 19.8130379, 0.0 ], [ 73.3945395, 19.8129656, 0.0 ], [ 73.3918663, 19.812598, 0.0 ], [ 73.3914322, 19.8125579, 0.0 ], [ 73.390996, 19.8125176, 0.0 ], [ 73.3909074, 19.8125094, 0.0 ], [ 73.3892842, 19.8124127, 0.0 ], [ 73.3886285, 19.8125026, 0.0 ], [ 73.3884623, 19.8125254, 0.0 ], [ 73.3877111, 19.8127799, 0.0 ], [ 73.3871084, 19.8129841, 0.0 ], [ 73.3862462, 19.813129, 0.0 ], [ 73.3839698, 19.8136607, 0.0 ], [ 73.3833601, 19.8136645, 0.0 ], [ 73.3827046, 19.8136687, 0.0 ], [ 73.3823309, 19.813664, 0.0 ], [ 73.3814153, 19.8136526, 0.0 ], [ 73.3793286, 19.8133883, 0.0 ], [ 73.3777781, 19.8129294, 0.0 ], [ 73.3776198, 19.8128787, 0.0 ], [ 73.3774777, 19.8128332, 0.0 ], [ 73.3768822, 19.8126426, 0.0 ], [ 73.3758559, 19.8122982, 0.0 ], [ 73.3754769, 19.812195, 0.0 ], [ 73.3750519, 19.8123097, 0.0 ], [ 73.3742479, 19.8132045, 0.0 ], [ 73.3738574, 19.8135946, 0.0 ], [ 73.3734898, 19.8136978, 0.0 ], [ 73.3733254, 19.8136925, 0.0 ], [ 73.3731338, 19.8136863, 0.0 ], [ 73.372927, 19.8135372, 0.0 ], [ 73.372571, 19.8132275, 0.0 ], [ 73.3723298, 19.8125047, 0.0 ], [ 73.3720886, 19.8117132, 0.0 ], [ 73.3714235, 19.8107991, 0.0 ], [ 73.3710643, 19.8104763, 0.0 ], [ 73.3707195, 19.8102108, 0.0 ], [ 73.3700586, 19.8100817, 0.0 ], [ 73.3695055, 19.8100673, 0.0 ], [ 73.3690385, 19.8102252, 0.0 ], [ 73.3687368, 19.8106987, 0.0 ], [ 73.3682252, 19.811827, 0.0 ], [ 73.3678875, 19.8122217, 0.0 ], [ 73.3676289, 19.8123723, 0.0 ], [ 73.3674637, 19.8124154, 0.0 ], [ 73.3672841, 19.8123867, 0.0 ], [ 73.3670901, 19.8122862, 0.0 ], [ 73.3669249, 19.8120853, 0.0 ], [ 73.3663857, 19.8109358, 0.0 ], [ 73.3662423, 19.8100973, 0.0 ], [ 73.3661377, 19.809728, 0.0 ], [ 73.3660465, 19.8094063, 0.0 ], [ 73.3659352, 19.8090133, 0.0 ], [ 73.3657304, 19.808727, 0.0 ], [ 73.365413, 19.808594, 0.0 ], [ 73.3649113, 19.8086758, 0.0 ], [ 73.3646491, 19.8088804, 0.0 ], [ 73.3645836, 19.8089315, 0.0 ], [ 73.3643372, 19.8100389, 0.0 ], [ 73.3642553, 19.8107957, 0.0 ], [ 73.364059, 19.8113617, 0.0 ], [ 73.3634264, 19.8118383, 0.0 ], [ 73.3628918, 19.8122412, 0.0 ], [ 73.3620419, 19.8125991, 0.0 ], [ 73.3616631, 19.8126298, 0.0 ], [ 73.3614276, 19.8124968, 0.0 ], [ 73.3604609, 19.8114992, 0.0 ], [ 73.3600793, 19.8108493, 0.0 ], [ 73.3594882, 19.8098425, 0.0 ], [ 73.3585463, 19.8088915, 0.0 ], [ 73.3580548, 19.8084927, 0.0 ], [ 73.3575019, 19.8084211, 0.0 ], [ 73.3573476, 19.8085394, 0.0 ], [ 73.3570616, 19.8087585, 0.0 ], [ 73.3565497, 19.8096176, 0.0 ], [ 73.3561397, 19.8103959, 0.0 ], [ 73.355708, 19.8112155, 0.0 ], [ 73.355278, 19.8115632, 0.0 ], [ 73.354848, 19.811645, 0.0 ], [ 73.3541415, 19.8115836, 0.0 ], [ 73.3529306, 19.8107924, 0.0 ], [ 73.3522037, 19.8100458, 0.0 ], [ 73.3510758, 19.8091946, 0.0 ], [ 73.3505704, 19.8087992, 0.0 ], [ 73.3504615, 19.808714, 0.0 ], [ 73.3502837, 19.808561, 0.0 ], [ 73.3502539, 19.8085067, 0.0 ], [ 73.3496061, 19.8073242, 0.0 ], [ 73.3481294, 19.8066802, 0.0 ], [ 73.3476902, 19.8066697, 0.0 ], [ 73.3464268, 19.8066395, 0.0 ], [ 73.3440721, 19.8065832, 0.0 ], [ 73.3437823, 19.8065763, 0.0 ], [ 73.3429779, 19.8065457, 0.0 ], [ 73.341863, 19.8065033, 0.0 ], [ 73.3415984, 19.8064932, 0.0 ], [ 73.3410576, 19.8060154, 0.0 ], [ 73.3398903, 19.8038856, 0.0 ], [ 73.3388712, 19.8011642, 0.0 ], [ 73.3385809, 19.7999203, 0.0 ], [ 73.3384791, 19.7994841, 0.0 ], [ 73.3382199, 19.7983737, 0.0 ], [ 73.3381159, 19.7970442, 0.0 ], [ 73.33738, 19.7964401, 0.0 ], [ 73.3365976, 19.7957977, 0.0 ], [ 73.3350168, 19.7950499, 0.0 ], [ 73.3333737, 19.794759, 0.0 ], [ 73.3329369, 19.7949045, 0.0 ], [ 73.3323961, 19.795777, 0.0 ], [ 73.3321049, 19.7971481, 0.0 ], [ 73.3321865, 19.8016429, 0.0 ], [ 73.3323113, 19.8028478, 0.0 ], [ 73.3321449, 19.8036164, 0.0 ], [ 73.3317289, 19.8042189, 0.0 ], [ 73.3310841, 19.8045512, 0.0 ], [ 73.3303353, 19.8046759, 0.0 ], [ 73.3280266, 19.8045305, 0.0 ], [ 73.3277236, 19.8045008, 0.0 ], [ 73.3234856, 19.8040858, 0.0 ], [ 73.3220696, 19.8039471, 0.0 ], [ 73.3212376, 19.8036562, 0.0 ], [ 73.3202393, 19.8031369, 0.0 ], [ 73.3198649, 19.8021813, 0.0 ], [ 73.3198233, 19.8016204, 0.0 ], [ 73.3199897, 19.8011634, 0.0 ], [ 73.3203433, 19.8008725, 0.0 ], [ 73.3210089, 19.8005194, 0.0 ], [ 73.3219032, 19.7999377, 0.0 ], [ 73.32338, 19.7995845, 0.0 ], [ 73.3245448, 19.7992314, 0.0 ], [ 73.3251895, 19.7988159, 0.0 ], [ 73.3253767, 19.7982965, 0.0 ], [ 73.3252103, 19.7978187, 0.0 ], [ 73.3234216, 19.7970916, 0.0 ], [ 73.3213255, 19.7965597, 0.0 ], [ 73.3208841, 19.7964476, 0.0 ], [ 73.3201145, 19.7964061, 0.0 ], [ 73.3191369, 19.7969047, 0.0 ], [ 73.3177641, 19.7977149, 0.0 ], [ 73.3169872, 19.7992377, 0.0 ], [ 73.3165201, 19.8046993, 0.0 ], [ 73.316391, 19.8062092, 0.0 ], [ 73.316385, 19.806279, 0.0 ], [ 73.3163685, 19.8066752, 0.0 ], [ 73.3160875, 19.807319, 0.0 ], [ 73.3155752, 19.8077317, 0.0 ], [ 73.3149967, 19.8081114, 0.0 ], [ 73.3113721, 19.8086601, 0.0 ], [ 73.3102977, 19.8086601, 0.0 ], [ 73.3099941, 19.8087106, 0.0 ], [ 73.3096036, 19.8087756, 0.0 ], [ 73.3091738, 19.8090398, 0.0 ], [ 73.3088763, 19.8095515, 0.0 ], [ 73.3089554, 19.8111716, 0.0 ], [ 73.3088893, 19.8118484, 0.0 ], [ 73.3084761, 19.8123106, 0.0 ], [ 73.3080959, 19.8124262, 0.0 ], [ 73.3071869, 19.8122281, 0.0 ], [ 73.3062448, 19.8114357, 0.0 ], [ 73.3056713, 19.8112266, 0.0 ], [ 73.3052035, 19.811056, 0.0 ], [ 73.3045259, 19.8110725, 0.0 ], [ 73.3035838, 19.8114192, 0.0 ], [ 73.3029392, 19.8115348, 0.0 ], [ 73.3027101, 19.8115114, 0.0 ], [ 73.3019156, 19.8114306, 0.0 ], [ 73.3016275, 19.8114013, 0.0 ], [ 73.3010388, 19.8112932, 0.0 ], [ 73.2994156, 19.8109953, 0.0 ], [ 73.2985699, 19.81084, 0.0 ], [ 73.2972589, 19.8103902, 0.0 ], [ 73.2956101, 19.8098244, 0.0 ], [ 73.29506, 19.8096356, 0.0 ], [ 73.2948532, 19.8094808, 0.0 ], [ 73.2947395, 19.8092949, 0.0 ], [ 73.2946878, 19.8089852, 0.0 ], [ 73.2947602, 19.8086754, 0.0 ], [ 73.2951565, 19.8079055, 0.0 ], [ 73.2967952, 19.8057959, 0.0 ], [ 73.2974462, 19.8051457, 0.0 ], [ 73.2979502, 19.8044116, 0.0 ], [ 73.2979712, 19.8039502, 0.0 ], [ 73.2977219, 19.8036834, 0.0 ], [ 73.2973832, 19.803321, 0.0 ], [ 73.2965222, 19.8027547, 0.0 ], [ 73.2951363, 19.8021045, 0.0 ], [ 73.2929523, 19.8018318, 0.0 ], [ 73.2917973, 19.8019354, 0.0 ], [ 73.2913144, 19.8019787, 0.0 ], [ 73.2892953, 19.8022753, 0.0 ], [ 73.287319, 19.8025657, 0.0 ], [ 73.2868988, 19.8026333, 0.0 ], [ 73.28517, 19.8029114, 0.0 ], [ 73.2841901, 19.8030691, 0.0 ], [ 73.2832451, 19.8028383, 0.0 ], [ 73.2829301, 19.8026915, 0.0 ], [ 73.2826151, 19.8021252, 0.0 ], [ 73.2828881, 19.8010346, 0.0 ], [ 73.2838962, 19.7990112, 0.0 ], [ 73.2849461, 19.7972494, 0.0 ], [ 73.2853192, 19.7966327, 0.0 ], [ 73.2855551, 19.7962427, 0.0 ], [ 73.2857441, 19.7954247, 0.0 ], [ 73.2856811, 19.7948584, 0.0 ], [ 73.2853031, 19.794397, 0.0 ], [ 73.2844842, 19.7942292, 0.0 ], [ 73.2831612, 19.7947745, 0.0 ], [ 73.2824418, 19.7951659, 0.0 ], [ 73.280574, 19.7961822, 0.0 ], [ 73.2795936, 19.796835, 0.0 ], [ 73.279125, 19.797147, 0.0 ], [ 73.2775667, 19.7988099, 0.0 ], [ 73.2772727, 19.80032, 0.0 ], [ 73.2772359, 19.8005026, 0.0 ], [ 73.2770259, 19.8015463, 0.0 ], [ 73.2766423, 19.803453, 0.0 ], [ 73.2762028, 19.806804, 0.0 ], [ 73.2757562, 19.8080502, 0.0 ], [ 73.2753885, 19.8085881, 0.0 ], [ 73.2748413, 19.8090084, 0.0 ], [ 73.2737951, 19.809812, 0.0 ], [ 73.2724554, 19.8104679, 0.0 ], [ 73.2712997, 19.8105729, 0.0 ], [ 73.2702884, 19.8105597, 0.0 ], [ 73.2694609, 19.8102843, 0.0 ], [ 73.2673464, 19.8091693, 0.0 ], [ 73.2652113, 19.8074544, 0.0 ], [ 73.2646493, 19.807279, 0.0 ], [ 73.2642044, 19.8073024, 0.0 ], [ 73.2636893, 19.8075831, 0.0 ], [ 73.2635281, 19.8077455, 0.0 ], [ 73.2625386, 19.8087421, 0.0 ], [ 73.2618128, 19.8092333, 0.0 ], [ 73.2613836, 19.8093261, 0.0 ], [ 73.2611103, 19.8093853, 0.0 ], [ 73.2607591, 19.8093385, 0.0 ], [ 73.2601034, 19.8090228, 0.0 ], [ 73.2593424, 19.8090462, 0.0 ], [ 73.2587102, 19.8090345, 0.0 ], [ 73.2578135, 19.8095134, 0.0 ], [ 73.2570626, 19.8099134, 0.0 ], [ 73.2563267, 19.8101073, 0.0 ], [ 73.2558611, 19.81023, 0.0 ], [ 73.2547932, 19.8102467, 0.0 ], [ 73.2540422, 19.80978, 0.0 ], [ 73.2535156, 19.8093879, 0.0 ], [ 73.2531245, 19.8090967, 0.0 ], [ 73.2528575, 19.8084134, 0.0 ], [ 73.2528029, 19.8073871, 0.0 ], [ 73.2528179, 19.8065341, 0.0 ], [ 73.2527866, 19.8059758, 0.0 ], [ 73.2526705, 19.8054701, 0.0 ], [ 73.2525938, 19.8051365, 0.0 ], [ 73.2519376, 19.8033549, 0.0 ], [ 73.2517182, 19.8029018, 0.0 ], [ 73.2512893, 19.8020159, 0.0 ], [ 73.2506915, 19.8013979, 0.0 ], [ 73.2503489, 19.8010439, 0.0 ], [ 73.2498445, 19.8007278, 0.0 ], [ 73.248094, 19.8004611, 0.0 ], [ 73.2470556, 19.8000857, 0.0 ], [ 73.2469381, 19.8000663, 0.0 ], [ 73.2453163, 19.7997976, 0.0 ], [ 73.2449688, 19.79974, 0.0 ], [ 73.2435842, 19.7995622, 0.0 ], [ 73.2431393, 19.7995944, 0.0 ], [ 73.2420592, 19.7996726, 0.0 ], [ 73.2412915, 19.7999774, 0.0 ], [ 73.2401023, 19.8004496, 0.0 ], [ 73.2387205, 19.8011568, 0.0 ], [ 73.2368158, 19.8021315, 0.0 ], [ 73.2353884, 19.802738, 0.0 ], [ 73.2345392, 19.8030988, 0.0 ], [ 73.2329216, 19.8035476, 0.0 ], [ 73.2319731, 19.8035177, 0.0 ], [ 73.2312541, 19.8033581, 0.0 ], [ 73.2307749, 19.8029792, 0.0 ], [ 73.2298019, 19.8017103, 0.0 ], [ 73.2294083, 19.8007494, 0.0 ], [ 73.2290577, 19.7989761, 0.0 ], [ 73.2286863, 19.797895, 0.0 ], [ 73.2286619, 19.797824, 0.0 ], [ 73.2283106, 19.7973516, 0.0 ], [ 73.2269867, 19.7955712, 0.0 ], [ 73.2266072, 19.7947258, 0.0 ], [ 73.2265587, 19.7937568, 0.0 ], [ 73.2265488, 19.7935597, 0.0 ], [ 73.2267114, 19.7920813, 0.0 ], [ 73.2269692, 19.7897364, 0.0 ], [ 73.2271093, 19.7889379, 0.0 ], [ 73.2271633, 19.7886302, 0.0 ], [ 73.2273532, 19.7870405, 0.0 ], [ 73.2268574, 19.7851799, 0.0 ], [ 73.2267511, 19.7847812, 0.0 ], [ 73.2264582, 19.7840336, 0.0 ], [ 73.2257238, 19.7834134, 0.0 ], [ 73.2254753, 19.7832036, 0.0 ], [ 73.2251746, 19.7831016, 0.0 ], [ 73.2243688, 19.7831073, 0.0 ], [ 73.2236425, 19.783249, 0.0 ], [ 73.2218823, 19.7842216, 0.0 ], [ 73.2217401, 19.7843001, 0.0 ], [ 73.2215117, 19.7844263, 0.0 ], [ 73.2185881, 19.7858346, 0.0 ], [ 73.2180969, 19.786008, 0.0 ], [ 73.2168694, 19.7864411, 0.0 ], [ 73.2166955, 19.7864709, 0.0 ], [ 73.2151635, 19.7867329, 0.0 ], [ 73.2131693, 19.7865225, 0.0 ], [ 73.2128445, 19.7864882, 0.0 ], [ 73.2114389, 19.7860337, 0.0 ], [ 73.2107549, 19.7858125, 0.0 ], [ 73.2095096, 19.7856614, 0.0 ], [ 73.208695, 19.7858357, 0.0 ], [ 73.2081829, 19.7860915, 0.0 ], [ 73.2076941, 19.7868238, 0.0 ], [ 73.2071587, 19.7879862, 0.0 ], [ 73.2068088, 19.7896263, 0.0 ], [ 73.2064713, 19.7912083, 0.0 ], [ 73.2055557, 19.7924922, 0.0 ], [ 73.2053262, 19.7927663, 0.0 ], [ 73.2051303, 19.7930003, 0.0 ], [ 73.2045479, 19.7932911, 0.0 ], [ 73.2045015, 19.7933143, 0.0 ], [ 73.2035766, 19.793342, 0.0 ], [ 73.202883, 19.793222, 0.0 ], [ 73.2020507, 19.7925661, 0.0 ], [ 73.2012091, 19.7916794, 0.0 ], [ 73.2008669, 19.7910328, 0.0 ], [ 73.2004069, 19.7894751, 0.0 ], [ 73.199988, 19.7883888, 0.0 ], [ 73.1996059, 19.7870716, 0.0 ], [ 73.1995567, 19.7869022, 0.0 ], [ 73.1994353, 19.7845428, 0.0 ], [ 73.1994328, 19.7831675, 0.0 ], [ 73.199432, 19.7827831, 0.0 ], [ 73.1993328, 19.7822406, 0.0 ], [ 73.1991634, 19.7820657, 0.0 ], [ 73.1988622, 19.7818675, 0.0 ], [ 73.1982219, 19.7814463, 0.0 ], [ 73.1980533, 19.7812524, 0.0 ], [ 73.197339, 19.7804311, 0.0 ], [ 73.1966963, 19.7792965, 0.0 ], [ 73.1958522, 19.7775201, 0.0 ], [ 73.195347, 19.776114, 0.0 ], [ 73.1947218, 19.7743738, 0.0 ], [ 73.1942952, 19.7733897, 0.0 ], [ 73.1939668, 19.7726324, 0.0 ], [ 73.1938721, 19.7724179, 0.0 ], [ 73.1929735, 19.7703835, 0.0 ], [ 73.1928611, 19.7701291, 0.0 ], [ 73.192216, 19.7697793, 0.0 ], [ 73.1907969, 19.7694296, 0.0 ], [ 73.189341, 19.7695216, 0.0 ], [ 73.1875267, 19.7701322, 0.0 ], [ 73.186853, 19.770688, 0.0 ], [ 73.186648, 19.7711268, 0.0 ], [ 73.1866338, 19.7712973, 0.0 ], [ 73.1865601, 19.77218, 0.0 ], [ 73.1865797, 19.7750438, 0.0 ], [ 73.1865261, 19.7754981, 0.0 ], [ 73.1864866, 19.7758341, 0.0 ], [ 73.1851126, 19.7779021, 0.0 ], [ 73.1845208, 19.7782069, 0.0 ], [ 73.1843055, 19.7782309, 0.0 ], [ 73.18195, 19.7784932, 0.0 ], [ 73.18109, 19.7782069, 0.0 ], [ 73.1804721, 19.7780754, 0.0 ], [ 73.176694, 19.7772714, 0.0 ], [ 73.1759232, 19.7770105, 0.0 ], [ 73.1752723, 19.7767902, 0.0 ], [ 73.1735426, 19.7753893, 0.0 ], [ 73.1718155, 19.7736772, 0.0 ], [ 73.1716688, 19.7734261, 0.0 ], [ 73.1716535, 19.7733999, 0.0 ], [ 73.1715194, 19.7731702, 0.0 ], [ 73.1714136, 19.7726633, 0.0 ], [ 73.1714665, 19.7719346, 0.0 ], [ 73.1719322, 19.7711521, 0.0 ], [ 73.1728666, 19.7702038, 0.0 ], [ 73.1737709, 19.7693157, 0.0 ], [ 73.1741125, 19.7684449, 0.0 ], [ 73.1744755, 19.7675196, 0.0 ], [ 73.1745904, 19.7667928, 0.0 ], [ 73.1740733, 19.7652628, 0.0 ], [ 73.1734718, 19.7626172, 0.0 ], [ 73.172837, 19.761744, 0.0 ], [ 73.1725376, 19.7615646, 0.0 ], [ 73.1715196, 19.7615646, 0.0 ], [ 73.1701424, 19.7618995, 0.0 ], [ 73.1692801, 19.7619234, 0.0 ], [ 73.1678297, 19.7611368, 0.0 ], [ 73.1675404, 19.7609717, 0.0 ], [ 73.1664973, 19.7603764, 0.0 ], [ 73.1643459, 19.7597968, 0.0 ], [ 73.1642302, 19.7597657, 0.0 ], [ 73.1632785, 19.7594615, 0.0 ], [ 73.1624479, 19.7585298, 0.0 ], [ 73.1616205, 19.757148, 0.0 ], [ 73.1592733, 19.7543255, 0.0 ], [ 73.158887, 19.7539722, 0.0 ], [ 73.1584673, 19.7535884, 0.0 ], [ 73.1581959, 19.753241, 0.0 ], [ 73.1581627, 19.7526227, 0.0 ], [ 73.1581379, 19.7521608, 0.0 ], [ 73.1582413, 19.7515756, 0.0 ], [ 73.1587583, 19.7505428, 0.0 ], [ 73.1609233, 19.7495992, 0.0 ], [ 73.1616018, 19.7493035, 0.0 ], [ 73.1646574, 19.7474383, 0.0 ], [ 73.1653041, 19.7467277, 0.0 ], [ 73.1654765, 19.7461249, 0.0 ], [ 73.1653992, 19.7450945, 0.0 ], [ 73.1648743, 19.7436558, 0.0 ], [ 73.1644029, 19.7405495, 0.0 ], [ 73.1644904, 19.7389173, 0.0 ], [ 73.1647651, 19.736995, 0.0 ], [ 73.1648944, 19.7360905, 0.0 ], [ 73.1649034, 19.7359387, 0.0 ], [ 73.1649732, 19.7347521, 0.0 ], [ 73.1647959, 19.7340239, 0.0 ], [ 73.1635267, 19.7328486, 0.0 ], [ 73.1629864, 19.732668, 0.0 ], [ 73.1601103, 19.7317064, 0.0 ], [ 73.1591212, 19.7311586, 0.0 ], [ 73.1585825, 19.730112, 0.0 ], [ 73.1573438, 19.7283609, 0.0 ], [ 73.1564783, 19.7278172, 0.0 ], [ 73.1557385, 19.7275244, 0.0 ], [ 73.155222, 19.7275244, 0.0 ], [ 73.1544403, 19.7279984, 0.0 ], [ 73.1532817, 19.7289047, 0.0 ], [ 73.1523046, 19.7291974, 0.0 ], [ 73.1514949, 19.7291556, 0.0 ], [ 73.1507691, 19.7287652, 0.0 ], [ 73.1475299, 19.7268832, 0.0 ], [ 73.1463208, 19.7265397, 0.0 ], [ 73.1454268, 19.726298, 0.0 ], [ 73.1425443, 19.7255186, 0.0 ], [ 73.1421255, 19.725323, 0.0 ], [ 73.1419732, 19.7252518, 0.0 ], [ 73.1415641, 19.7250607, 0.0 ], [ 73.1394113, 19.721643, 0.0 ], [ 73.1387947, 19.7207745, 0.0 ], [ 73.13811, 19.7204005, 0.0 ], [ 73.1377829, 19.7202218, 0.0 ], [ 73.1352401, 19.7189231, 0.0 ], [ 73.1350003, 19.7188007, 0.0 ], [ 73.1335087, 19.7171724, 0.0 ], [ 73.1328388, 19.7162128, 0.0 ], [ 73.1323099, 19.715218, 0.0 ], [ 73.1319893, 19.7135822, 0.0 ], [ 73.1317632, 19.712478, 0.0 ], [ 73.1311623, 19.7107095, 0.0 ], [ 73.1299268, 19.7088495, 0.0 ], [ 73.1267205, 19.7048623, 0.0 ], [ 73.125842, 19.703596, 0.0 ], [ 73.1256044, 19.7031497, 0.0 ], [ 73.1252958, 19.7025698, 0.0 ], [ 73.1248364, 19.7022333, 0.0 ], [ 73.1245054, 19.7021035, 0.0 ], [ 73.1243218, 19.7020314, 0.0 ], [ 73.1233232, 19.701854, 0.0 ], [ 73.1232145, 19.7018481, 0.0 ], [ 73.12288, 19.7019705, 0.0 ], [ 73.1224565, 19.7022806, 0.0 ], [ 73.1216265, 19.7023464, 0.0 ], [ 73.1215673, 19.7023511, 0.0 ], [ 73.1210027, 19.7020833, 0.0 ], [ 73.1207942, 19.7017814, 0.0 ], [ 73.1207204, 19.7016744, 0.0 ], [ 73.1206075, 19.7012938, 0.0 ], [ 73.1204995, 19.7005202, 0.0 ], [ 73.1207409, 19.6997366, 0.0 ], [ 73.1217066, 19.6981693, 0.0 ], [ 73.1229881, 19.6960735, 0.0 ], [ 73.1234031, 19.6945051, 0.0 ], [ 73.1233518, 19.6939619, 0.0 ], [ 73.123347, 19.6939114, 0.0 ], [ 73.1230218, 19.693665, 0.0 ], [ 73.1218525, 19.6932339, 0.0 ], [ 73.1207645, 19.6926514, 0.0 ], [ 73.1196653, 19.6914079, 0.0 ], [ 73.1186334, 19.6907021, 0.0 ], [ 73.1179569, 19.6905655, 0.0 ], [ 73.1169474, 19.6907784, 0.0 ], [ 73.1159306, 19.6909465, 0.0 ], [ 73.1152538, 19.6910584, 0.0 ], [ 73.1149279, 19.6910093, 0.0 ], [ 73.1134704, 19.6907896, 0.0 ], [ 73.1121264, 19.6901533, 0.0 ], [ 73.111287, 19.6892033, 0.0 ], [ 73.1103807, 19.6885654, 0.0 ], [ 73.1080943, 19.687516, 0.0 ], [ 73.1065289, 19.6872279, 0.0 ], [ 73.1051694, 19.6871456, 0.0 ], [ 73.1044897, 19.687125, 0.0 ], [ 73.1031413, 19.6868553, 0.0 ], [ 73.1027306, 19.6865581, 0.0 ], [ 73.1020217, 19.6860451, 0.0 ], [ 73.1017169, 19.6858246, 0.0 ], [ 73.0999315, 19.6841847, 0.0 ], [ 73.0980108, 19.6825784, 0.0 ], [ 73.0961489, 19.6815254, 0.0 ], [ 73.0944312, 19.6806594, 0.0 ], [ 73.0933656, 19.6798193, 0.0 ], [ 73.0923216, 19.677956, 0.0 ], [ 73.0915858, 19.6766378, 0.0 ], [ 73.0910102, 19.6751688, 0.0 ], [ 73.0903868, 19.6741469, 0.0 ], [ 73.0901285, 19.6738889, 0.0 ], [ 73.0896514, 19.6734125, 0.0 ], [ 73.0887031, 19.672125, 0.0 ], [ 73.0884236, 19.6712622, 0.0 ], [ 73.0883982, 19.6703995, 0.0 ], [ 73.0887085, 19.6682879, 0.0 ], [ 73.08898, 19.6670088, 0.0 ], [ 73.0892608, 19.6660955, 0.0 ], [ 73.0897102, 19.6648588, 0.0 ], [ 73.0898427, 19.6639427, 0.0 ], [ 73.0899107, 19.6624246, 0.0 ], [ 73.0899294, 19.6613161, 0.0 ], [ 73.089936, 19.6609201, 0.0 ], [ 73.0898868, 19.6600673, 0.0 ], [ 73.089797, 19.6597007, 0.0 ], [ 73.0896779, 19.6592143, 0.0 ], [ 73.0892251, 19.6580372, 0.0 ], [ 73.0889569, 19.6576866, 0.0 ], [ 73.0885902, 19.6572071, 0.0 ], [ 73.0874475, 19.6564347, 0.0 ], [ 73.086247, 19.6558237, 0.0 ], [ 73.0857622, 19.6552703, 0.0 ], [ 73.0853349, 19.654005, 0.0 ], [ 73.0852771, 19.6534931, 0.0 ], [ 73.085287, 19.6532367, 0.0 ], [ 73.0852988, 19.6529307, 0.0 ], [ 73.085472, 19.6526855, 0.0 ], [ 73.086581, 19.6516633, 0.0 ], [ 73.0871432, 19.6510105, 0.0 ], [ 73.0872465, 19.6508697, 0.0 ], [ 73.0877184, 19.650227, 0.0 ], [ 73.0880452, 19.6491694, 0.0 ], [ 73.0880601, 19.6490425, 0.0 ], [ 73.0882681, 19.6472679, 0.0 ], [ 73.0883164, 19.646991, 0.0 ], [ 73.0884642, 19.646145, 0.0 ], [ 73.0883465, 19.6451918, 0.0 ], [ 73.0882584, 19.6450305, 0.0 ], [ 73.0881112, 19.6447609, 0.0 ], [ 73.0880736, 19.6447407, 0.0 ], [ 73.0877564, 19.6445832, 0.0 ], [ 73.087256, 19.6444166, 0.0 ], [ 73.086724, 19.6441485, 0.0 ], [ 73.0845708, 19.6430908, 0.0 ], [ 73.0838487, 19.6425976, 0.0 ], [ 73.0834648, 19.6423354, 0.0 ], [ 73.0832054, 19.6421582, 0.0 ], [ 73.0821015, 19.6420194, 0.0 ] ] } },
{ "type": "Feature", "properties": { "objectid": 20707, "rivname": "Rakhadi N", "rilcode": null, "st_length_": 24.8925, "bacode": 14, "ba_name": "West flowing rivers from Tapi to Tadri", "sub_basin": "Bhatsol and others", "remarks": null }, "geometry": { "type": "LineString", "coordinates": [ [ 73.3845463, 19.7487018, 0.0 ], [ 73.3843953, 19.7486386, 0.0 ], [ 73.3839287, 19.7487495, 0.0 ], [ 73.3835509, 19.7491823, 0.0 ], [ 73.3826792, 19.7502588, 0.0 ], [ 73.3817904, 19.7504586, 0.0 ], [ 73.3812349, 19.7504031, 0.0 ], [ 73.3810632, 19.7503314, 0.0 ], [ 73.3805935, 19.7501354, 0.0 ], [ 73.3804905, 19.7500924, 0.0 ], [ 73.3798683, 19.7491381, 0.0 ], [ 73.3791795, 19.7480506, 0.0 ], [ 73.378724, 19.747518, 0.0 ], [ 73.3780776, 19.747065, 0.0 ], [ 73.3774881, 19.746652, 0.0 ], [ 73.3771347, 19.7466172, 0.0 ], [ 73.3766993, 19.7465743, 0.0 ], [ 73.3762993, 19.7466852, 0.0 ], [ 73.3760993, 19.7468628, 0.0 ], [ 73.3760105, 19.747806, 0.0 ], [ 73.3758994, 19.7482387, 0.0 ], [ 73.3757327, 19.7485605, 0.0 ], [ 73.3754994, 19.7487603, 0.0 ], [ 73.3752328, 19.7487714, 0.0 ], [ 73.3752139, 19.7487644, 0.0 ], [ 73.3748439, 19.7486271, 0.0 ], [ 73.374555, 19.7482277, 0.0 ], [ 73.3738958, 19.7469587, 0.0 ], [ 73.3738016, 19.7468921, 0.0 ], [ 73.3733625, 19.7465814, 0.0 ], [ 73.3731625, 19.7464704, 0.0 ], [ 73.3728736, 19.746537, 0.0 ], [ 73.3725192, 19.7469119, 0.0 ], [ 73.372307, 19.7471362, 0.0 ], [ 73.3717515, 19.7476023, 0.0 ], [ 73.3715071, 19.7476356, 0.0 ], [ 73.371396, 19.7475468, 0.0 ], [ 73.3712849, 19.7471362, 0.0 ], [ 73.3712627, 19.7464593, 0.0 ], [ 73.3710738, 19.7459045, 0.0 ], [ 73.3707627, 19.7455272, 0.0 ], [ 73.3694582, 19.7451101, 0.0 ], [ 73.3686164, 19.7450508, 0.0 ], [ 73.3682301, 19.7448233, 0.0 ], [ 73.368141, 19.744665, 0.0 ], [ 73.3679924, 19.7444078, 0.0 ], [ 73.3679825, 19.7440913, 0.0 ], [ 73.3680419, 19.7433, 0.0 ], [ 73.3681525, 19.742784, 0.0 ], [ 73.3680534, 19.7422829, 0.0 ], [ 73.3679791, 19.7420602, 0.0 ], [ 73.3679298, 19.7420262, 0.0 ], [ 73.3677189, 19.7418808, 0.0 ], [ 73.3672977, 19.7418746, 0.0 ], [ 73.366604, 19.7420849, 0.0 ], [ 73.3658049, 19.7422149, 0.0 ], [ 73.3646964, 19.7421394, 0.0 ], [ 73.364395, 19.7421189, 0.0 ], [ 73.3630966, 19.7419063, 0.0 ], [ 73.3629851, 19.7418881, 0.0 ], [ 73.3622409, 19.7417662, 0.0 ], [ 73.3615626, 19.7415757, 0.0 ], [ 73.3608283, 19.7413694, 0.0 ], [ 73.3607858, 19.7413619, 0.0 ], [ 73.3600077, 19.7412252, 0.0 ], [ 73.3598748, 19.7412019, 0.0 ], [ 73.3587941, 19.7413584, 0.0 ], [ 73.3587238, 19.741373, 0.0 ], [ 73.3576691, 19.7415922, 0.0 ], [ 73.3572668, 19.7416758, 0.0 ], [ 73.3571526, 19.7416503, 0.0 ], [ 73.3570443, 19.741626, 0.0 ], [ 73.3562427, 19.7414466, 0.0 ], [ 73.3557191, 19.7412217, 0.0 ], [ 73.3553599, 19.7410674, 0.0 ], [ 73.3547154, 19.7406177, 0.0 ], [ 73.3545923, 19.7404431, 0.0 ], [ 73.3544417, 19.7402297, 0.0 ], [ 73.3540709, 19.7395067, 0.0 ], [ 73.3538046, 19.7381757, 0.0 ], [ 73.353773, 19.7380182, 0.0 ], [ 73.3532295, 19.7365332, 0.0 ], [ 73.352447, 19.7346481, 0.0 ], [ 73.3524408, 19.7346332, 0.0 ], [ 73.3516709, 19.7333049, 0.0 ], [ 73.3512538, 19.7327197, 0.0 ], [ 73.3512509, 19.7327157, 0.0 ], [ 73.350601, 19.7324361, 0.0 ], [ 73.3502796, 19.7324313, 0.0 ], [ 73.3499311, 19.7324261, 0.0 ], [ 73.3492111, 19.7324661, 0.0 ], [ 73.3476198, 19.7331062, 0.0 ], [ 73.3473542, 19.7332131, 0.0 ], [ 73.3460773, 19.7337609, 0.0 ], [ 73.3453305, 19.7340813, 0.0 ], [ 73.3442902, 19.7341098, 0.0 ], [ 73.3438199, 19.7338109, 0.0 ], [ 73.3434208, 19.7332415, 0.0 ], [ 73.3428955, 19.7321709, 0.0 ], [ 73.342392, 19.7311449, 0.0 ], [ 73.3423536, 19.7310793, 0.0 ], [ 73.3418077, 19.7301485, 0.0 ], [ 73.3410524, 19.7299208, 0.0 ], [ 73.3406534, 19.7298069, 0.0 ], [ 73.3397555, 19.7300631, 0.0 ], [ 73.3391712, 19.730419, 0.0 ], [ 73.3389575, 19.7309314, 0.0 ], [ 73.3389715, 19.7332722, 0.0 ], [ 73.3393237, 19.7367768, 0.0 ], [ 73.3394271, 19.7378063, 0.0 ], [ 73.339413, 19.7378658, 0.0 ], [ 73.3392276, 19.7386462, 0.0 ], [ 73.3392119, 19.7386543, 0.0 ], [ 73.3390619, 19.7387325, 0.0 ], [ 73.3388998, 19.738817, 0.0 ], [ 73.3382157, 19.7386319, 0.0 ], [ 73.3374834, 19.7383691, 0.0 ], [ 73.3365997, 19.7380519, 0.0 ], [ 73.3363916, 19.7379772, 0.0 ], [ 73.3355134, 19.7373675, 0.0 ], [ 73.3353182, 19.737232, 0.0 ], [ 73.3349752, 19.7369275, 0.0 ], [ 73.3349668, 19.7368969, 0.0 ], [ 73.3348736, 19.7365595, 0.0 ], [ 73.334899, 19.7358363, 0.0 ], [ 73.335115, 19.7347831, 0.0 ], [ 73.335165, 19.7331788, 0.0 ], [ 73.3351111, 19.7328355, 0.0 ], [ 73.3349998, 19.7321257, 0.0 ], [ 73.334822, 19.7310471, 0.0 ], [ 73.3350343, 19.73009, 0.0 ], [ 73.3354507, 19.7289506, 0.0 ], [ 73.336012, 19.7278836, 0.0 ], [ 73.3360664, 19.7270156, 0.0 ], [ 73.3357042, 19.7265634, 0.0 ], [ 73.335173, 19.7263946, 0.0 ], [ 73.3349075, 19.7263103, 0.0 ], [ 73.3340565, 19.7261113, 0.0 ], [ 73.3335882, 19.7262264, 0.0 ], [ 73.3331801, 19.7263268, 0.0 ], [ 73.3328795, 19.7264007, 0.0 ], [ 73.3327531, 19.7264406, 0.0 ], [ 73.3314491, 19.7268528, 0.0 ], [ 73.3285996, 19.7285737, 0.0 ], [ 73.3266621, 19.7300566, 0.0 ], [ 73.3256663, 19.7304183, 0.0 ], [ 73.3255577, 19.7304136, 0.0 ], [ 73.3252498, 19.7304002, 0.0 ], [ 73.324942, 19.7301832, 0.0 ], [ 73.3244712, 19.72908, 0.0 ], [ 73.323997, 19.7275143, 0.0 ], [ 73.3238521, 19.7267547, 0.0 ], [ 73.3238521, 19.7259771, 0.0 ], [ 73.3242324, 19.7252175, 0.0 ], [ 73.3247686, 19.7246436, 0.0 ], [ 73.3256645, 19.7236848, 0.0 ], [ 73.325959, 19.7231871, 0.0 ], [ 73.3259457, 19.7230902, 0.0 ], [ 73.325857, 19.7224406, 0.0 ], [ 73.3258542, 19.7224293, 0.0 ], [ 73.3258004, 19.7222144, 0.0 ], [ 73.3250417, 19.7219882, 0.0 ], [ 73.3243735, 19.7219768, 0.0 ], [ 73.3222445, 19.7221013, 0.0 ], [ 73.3209495, 19.7223834, 0.0 ], [ 73.3196473, 19.7226672, 0.0 ], [ 73.3184495, 19.7231203, 0.0 ], [ 73.3177334, 19.7233911, 0.0 ], [ 73.3172465, 19.7236173, 0.0 ], [ 73.3170374, 19.7235983, 0.0 ], [ 73.3166236, 19.7235608, 0.0 ], [ 73.3164311, 19.7234363, 0.0 ], [ 73.3163518, 19.7230744, 0.0 ], [ 73.3163518, 19.7225767, 0.0 ], [ 73.3171558, 19.7204563, 0.0 ], [ 73.3186516, 19.7179629, 0.0 ], [ 73.3193336, 19.7169302, 0.0 ], [ 73.3193538, 19.7168996, 0.0 ], [ 73.3201125, 19.7159948, 0.0 ], [ 73.3213351, 19.7145733, 0.0 ], [ 73.3216862, 19.7141661, 0.0 ], [ 73.3217239, 19.7138423, 0.0 ], [ 73.3217428, 19.7136797, 0.0 ], [ 73.3216749, 19.7132839, 0.0 ], [ 73.3214257, 19.7129445, 0.0 ], [ 73.32112, 19.7126844, 0.0 ], [ 73.320599, 19.7125034, 0.0 ], [ 73.3196364, 19.7125826, 0.0 ], [ 73.3183115, 19.7128993, 0.0 ], [ 73.3169412, 19.7133291, 0.0 ], [ 73.3168054, 19.7133491, 0.0 ], [ 73.3144837, 19.713691, 0.0 ], [ 73.313088, 19.7141363, 0.0 ], [ 73.3116158, 19.7151543, 0.0 ], [ 73.3104496, 19.7166308, 0.0 ], [ 73.3100813, 19.7171684, 0.0 ], [ 73.3098755, 19.7176557, 0.0 ], [ 73.3098334, 19.7177556, 0.0 ], [ 73.3098192, 19.7183923, 0.0 ], [ 73.3099183, 19.7187248, 0.0 ], [ 73.3107971, 19.7194942, 0.0 ], [ 73.3121145, 19.7205837, 0.0 ], [ 73.3127449, 19.7210293, 0.0 ], [ 73.3132824, 19.7218751, 0.0 ], [ 73.3133178, 19.7222571, 0.0 ], [ 73.3133178, 19.7225471, 0.0 ], [ 73.3132257, 19.7227028, 0.0 ], [ 73.3130486, 19.7228018, 0.0 ], [ 73.3124041, 19.7228938, 0.0 ], [ 73.3113346, 19.7228725, 0.0 ], [ 73.310838, 19.7228426, 0.0 ], [ 73.3091035, 19.7227381, 0.0 ], [ 73.3073791, 19.7227514, 0.0 ], [ 73.3064061, 19.7227951, 0.0 ], [ 73.3059625, 19.722815, 0.0 ], [ 73.3048717, 19.7228009, 0.0 ], [ 73.3044468, 19.722624, 0.0 ], [ 73.3044206, 19.722609, 0.0 ], [ 73.3039724, 19.7223525, 0.0 ], [ 73.3038164, 19.7222632, 0.0 ], [ 73.3029372, 19.7213264, 0.0 ], [ 73.3018803, 19.7200922, 0.0 ], [ 73.3005558, 19.7191442, 0.0 ], [ 73.2990169, 19.7180869, 0.0 ], [ 73.2979051, 19.7169224, 0.0 ], [ 73.2975114, 19.7164384, 0.0 ], [ 73.2973033, 19.7160893, 0.0 ], [ 73.2970445, 19.7156554, 0.0 ], [ 73.2969763, 19.7155411, 0.0 ], [ 73.2966559, 19.7151384, 0.0 ], [ 73.2961064, 19.7144477, 0.0 ], [ 73.2954348, 19.7135194, 0.0 ], [ 73.2949757, 19.7128848, 0.0 ], [ 73.2941143, 19.7116063, 0.0 ], [ 73.2936816, 19.7109641, 0.0 ], [ 73.2930625, 19.7102958, 0.0 ], [ 73.2930557, 19.7102885, 0.0 ], [ 73.2924029, 19.7100277, 0.0 ], [ 73.2922986, 19.709986, 0.0 ], [ 73.2913909, 19.709892, 0.0 ], [ 73.2903962, 19.7097778, 0.0 ], [ 73.2897902, 19.7095266, 0.0 ], [ 73.2890013, 19.7088756, 0.0 ], [ 73.2881701, 19.7081183, 0.0 ], [ 73.2877493, 19.7077349, 0.0 ], [ 73.2876979, 19.707688, 0.0 ], [ 73.2872062, 19.7074253, 0.0 ], [ 73.2867374, 19.7074253, 0.0 ], [ 73.2854588, 19.708149, 0.0 ], [ 73.2852205, 19.708477, 0.0 ], [ 73.2842557, 19.7098048, 0.0 ], [ 73.2841644, 19.7099305, 0.0 ], [ 73.2836783, 19.7104606, 0.0 ], [ 73.2831655, 19.7110197, 0.0 ], [ 73.2828968, 19.7111312, 0.0 ], [ 73.282503, 19.7112946, 0.0 ], [ 73.2819221, 19.7113149, 0.0 ], [ 73.2815348, 19.711264, 0.0 ], [ 73.281229, 19.7111012, 0.0 ], [ 73.2809742, 19.7107143, 0.0 ], [ 73.2802871, 19.7088674, 0.0 ], [ 73.2798794, 19.70788, 0.0 ], [ 73.2795737, 19.7073201, 0.0 ], [ 73.2795293, 19.707302, 0.0 ], [ 73.2780245, 19.706689, 0.0 ], [ 73.2771581, 19.7066075, 0.0 ], [ 73.2765976, 19.7067908, 0.0 ], [ 73.276037, 19.7073914, 0.0 ], [ 73.2757822, 19.7081447, 0.0 ], [ 73.2753876, 19.7098034, 0.0 ], [ 73.2753369, 19.7098783, 0.0 ], [ 73.2749827, 19.710402, 0.0 ], [ 73.2745696, 19.7110168, 0.0 ], [ 73.2741971, 19.7112594, 0.0 ], [ 73.2740351, 19.7113403, 0.0 ], [ 73.2736547, 19.7112717, 0.0 ], [ 73.2733629, 19.711219, 0.0 ], [ 73.2732171, 19.7111219, 0.0 ], [ 73.2729741, 19.7109601, 0.0 ], [ 73.2725853, 19.7107013, 0.0 ], [ 73.2723586, 19.7103858, 0.0 ], [ 73.2722614, 19.7097306, 0.0 ], [ 73.2722576, 19.7096308, 0.0 ], [ 73.272196, 19.7080204, 0.0 ], [ 73.2721636, 19.7073895, 0.0 ], [ 73.2720097, 19.7069446, 0.0 ], [ 73.2716047, 19.7066453, 0.0 ], [ 73.2712079, 19.7064349, 0.0 ], [ 73.2711924, 19.7064384, 0.0 ], [ 73.2705113, 19.7065886, 0.0 ], [ 73.2690991, 19.7074215, 0.0 ], [ 73.2686619, 19.7076793, 0.0 ], [ 73.2678181, 19.7081418, 0.0 ], [ 73.2667363, 19.7095573, 0.0 ], [ 73.2664793, 19.7098935, 0.0 ], [ 73.2661131, 19.7102361, 0.0 ], [ 73.2655478, 19.7107652, 0.0 ] ] } },
{ "type": "Feature", "properties": { "objectid": 21382, "rivname": "Rosha N", "rilcode": null, "st_length_": 12.0401, "bacode": 14, "ba_name": "West flowing rivers from Tapi to Tadri", "sub_basin": "Bhatsol and others", "remarks": null }, "geometry": { "type": "LineString", "coordinates": [ [ 73.0572345, 19.982162, 0.0 ], [ 73.0572972, 19.981919, 0.0 ], [ 73.0573123, 19.9816617, 0.0 ], [ 73.0573123, 19.9814401, 0.0 ], [ 73.057278, 19.9812632, 0.0 ], [ 73.0572156, 19.9810495, 0.0 ], [ 73.0571246, 19.9808397, 0.0 ], [ 73.057038, 19.9806437, 0.0 ], [ 73.0569316, 19.9804788, 0.0 ], [ 73.0567373, 19.9801812, 0.0 ], [ 73.056663, 19.9800758, 0.0 ], [ 73.0565798, 19.9799476, 0.0 ], [ 73.0565344, 19.9798381, 0.0 ], [ 73.0565616, 19.979685, 0.0 ], [ 73.0565826, 19.9795995, 0.0 ], [ 73.0566292, 19.9794332, 0.0 ], [ 73.0566955, 19.9792446, 0.0 ], [ 73.0567951, 19.9788441, 0.0 ], [ 73.0568769, 19.9786016, 0.0 ], [ 73.056909, 19.978444, 0.0 ], [ 73.0570153, 19.9779578, 0.0 ], [ 73.0570387, 19.9777594, 0.0 ], [ 73.0570856, 19.9775839, 0.0 ], [ 73.0571065, 19.9774984, 0.0 ], [ 73.0570802, 19.9771724, 0.0 ], [ 73.0570813, 19.9769012, 0.0 ], [ 73.0570777, 19.9766254, 0.0 ], [ 73.0570726, 19.9764218, 0.0 ], [ 73.0570113, 19.9761629, 0.0 ], [ 73.0569347, 19.975949, 0.0 ], [ 73.0568238, 19.9757705, 0.0 ], [ 73.0567887, 19.9756251, 0.0 ], [ 73.0567868, 19.975494, 0.0 ], [ 73.0568821, 19.9752924, 0.0 ], [ 73.0569517, 19.9751672, 0.0 ], [ 73.0570069, 19.9750461, 0.0 ], [ 73.0570496, 19.9748481, 0.0 ], [ 73.057037, 19.974545, 0.0 ], [ 73.0570636, 19.9739849, 0.0 ], [ 73.057048, 19.9736003, 0.0 ], [ 73.0570167, 19.9732787, 0.0 ], [ 73.0569865, 19.9729119, 0.0 ], [ 73.0568921, 19.9726388, 0.0 ], [ 73.0568221, 19.9723391, 0.0 ], [ 73.0567889, 19.9721078, 0.0 ], [ 73.0567781, 19.9719404, 0.0 ], [ 73.0568013, 19.9717554, 0.0 ], [ 73.0566774, 19.971518, 0.0 ], [ 73.0565473, 19.9713437, 0.0 ], [ 73.0564074, 19.9711827, 0.0 ], [ 73.0562095, 19.9710477, 0.0 ], [ 73.0560446, 19.9709315, 0.0 ], [ 73.0558508, 19.9708283, 0.0 ], [ 73.0556062, 19.9706426, 0.0 ], [ 73.0554155, 19.9703993, 0.0 ], [ 73.0551111, 19.9701041, 0.0 ], [ 73.0548961, 19.9698783, 0.0 ], [ 73.0545945, 19.9696735, 0.0 ], [ 73.0542728, 19.9695135, 0.0 ], [ 73.0541331, 19.9695651, 0.0 ], [ 73.0540166, 19.9696442, 0.0 ], [ 73.0537323, 19.9699641, 0.0 ], [ 73.0534941, 19.9703618, 0.0 ], [ 73.0532209, 19.9703927, 0.0 ], [ 73.0530807, 19.9702408, 0.0 ], [ 73.0528504, 19.97006, 0.0 ], [ 73.0526625, 19.9699026, 0.0 ], [ 73.0525222, 19.9697597, 0.0 ], [ 73.0522248, 19.9695821, 0.0 ], [ 73.0518701, 19.9694034, 0.0 ], [ 73.0516451, 19.969191, 0.0 ], [ 73.051441, 19.9689068, 0.0 ], [ 73.0513201, 19.9687507, 0.0 ], [ 73.0512997, 19.9685876, 0.0 ], [ 73.0513864, 19.9683406, 0.0 ], [ 73.0516021, 19.9680962, 0.0 ], [ 73.0518921, 19.9679572, 0.0 ], [ 73.0521733, 19.9677773, 0.0 ], [ 73.0524463, 19.9675385, 0.0 ], [ 73.0526959, 19.9672766, 0.0 ], [ 73.0527994, 19.967134, 0.0 ], [ 73.0528614, 19.9669226, 0.0 ], [ 73.0528234, 19.9666914, 0.0 ], [ 73.0527452, 19.9665497, 0.0 ], [ 73.0526192, 19.9664116, 0.0 ], [ 73.0523688, 19.9662666, 0.0 ], [ 73.0521899, 19.966141, 0.0 ], [ 73.0520056, 19.966038, 0.0 ], [ 73.0516675, 19.9659771, 0.0 ], [ 73.0513876, 19.9658767, 0.0 ], [ 73.0511412, 19.9657725, 0.0 ], [ 73.0509002, 19.9656457, 0.0 ], [ 73.0506266, 19.9654686, 0.0 ], [ 73.0503496, 19.9652371, 0.0 ], [ 73.0500777, 19.9649877, 0.0 ], [ 73.0497971, 19.9646974, 0.0 ], [ 73.0495605, 19.9645842, 0.0 ], [ 73.0493238, 19.9644757, 0.0 ], [ 73.0489875, 19.964329, 0.0 ], [ 73.0486113, 19.9642583, 0.0 ], [ 73.0483067, 19.9641936, 0.0 ], [ 73.048049, 19.964175, 0.0 ], [ 73.0477945, 19.9642197, 0.0 ], [ 73.0475787, 19.9642517, 0.0 ], [ 73.0473976, 19.9642256, 0.0 ], [ 73.0473095, 19.9640973, 0.0 ], [ 73.047293, 19.9639749, 0.0 ], [ 73.0472824, 19.9638029, 0.0 ], [ 73.0473597, 19.9635512, 0.0 ], [ 73.0475091, 19.9630613, 0.0 ], [ 73.0476582, 19.9625805, 0.0 ], [ 73.0477257, 19.9623377, 0.0 ], [ 73.0477394, 19.9621481, 0.0 ], [ 73.0476539, 19.9619023, 0.0 ], [ 73.0474615, 19.9615187, 0.0 ], [ 73.0472558, 19.9610853, 0.0 ], [ 73.0469606, 19.9605868, 0.0 ], [ 73.0467184, 19.9602927, 0.0 ], [ 73.0465641, 19.9601359, 0.0 ], [ 73.0464458, 19.9600793, 0.0 ], [ 73.0462541, 19.9600983, 0.0 ], [ 73.0461321, 19.9602133, 0.0 ], [ 73.0461098, 19.9603531, 0.0 ], [ 73.0461393, 19.960539, 0.0 ], [ 73.046162, 19.9608107, 0.0 ], [ 73.0461248, 19.9612033, 0.0 ], [ 73.046094, 19.9615192, 0.0 ], [ 73.0460273, 19.9617259, 0.0 ], [ 73.0458656, 19.9619035, 0.0 ], [ 73.0456963, 19.9619951, 0.0 ], [ 73.0453973, 19.9621114, 0.0 ], [ 73.0451959, 19.9621346, 0.0 ], [ 73.0450196, 19.9621085, 0.0 ], [ 73.0447729, 19.9620178, 0.0 ], [ 73.0447165, 19.961976, 0.0 ], [ 73.0445744, 19.9619145, 0.0 ], [ 73.0444938, 19.9618812, 0.0 ], [ 73.0442689, 19.9618904, 0.0 ], [ 73.0440144, 19.9619397, 0.0 ], [ 73.0435547, 19.9619669, 0.0 ], [ 73.043167, 19.9619909, 0.0 ], [ 73.0427663, 19.9619424, 0.0 ], [ 73.0426018, 19.9618171, 0.0 ], [ 73.0424035, 19.9617002, 0.0 ], [ 73.0422004, 19.9615878, 0.0 ], [ 73.0421027, 19.9614638, 0.0 ], [ 73.0419314, 19.9612072, 0.0 ], [ 73.0417516, 19.9609009, 0.0 ], [ 73.0415516, 19.9606437, 0.0 ], [ 73.0412982, 19.9604263, 0.0 ], [ 73.0411231, 19.9603415, 0.0 ], [ 73.0409086, 19.9603102, 0.0 ], [ 73.0406938, 19.9602969, 0.0 ], [ 73.0403971, 19.9603093, 0.0 ], [ 73.0401854, 19.9603683, 0.0 ], [ 73.039991, 19.9605093, 0.0 ], [ 73.0398257, 19.9606326, 0.0 ], [ 73.0395916, 19.960845, 0.0 ], [ 73.0394466, 19.9609145, 0.0 ], [ 73.0391379, 19.9610395, 0.0 ], [ 73.038757, 19.9611858, 0.0 ], [ 73.03858, 19.9611869, 0.0 ], [ 73.0384606, 19.9611845, 0.0 ], [ 73.0383181, 19.961141, 0.0 ], [ 73.0382204, 19.9610126, 0.0 ], [ 73.038114, 19.9608523, 0.0 ], [ 73.038037, 19.9606563, 0.0 ], [ 73.0380459, 19.9604666, 0.0 ], [ 73.0380748, 19.9602411, 0.0 ], [ 73.0380576, 19.9599334, 0.0 ], [ 73.0379881, 19.9596156, 0.0 ], [ 73.0378589, 19.9591836, 0.0 ], [ 73.0376602, 19.9588677, 0.0 ], [ 73.037515, 19.9587292, 0.0 ], [ 73.0370768, 19.9586528, 0.0 ], [ 73.0367728, 19.958561, 0.0 ], [ 73.0364314, 19.9584277, 0.0 ], [ 73.0361146, 19.9582678, 0.0 ], [ 73.0358841, 19.958096, 0.0 ], [ 73.0356251, 19.9579146, 0.0 ], [ 73.0353706, 19.9577468, 0.0 ], [ 73.0351531, 19.9576342, 0.0 ], [ 73.0348668, 19.9576059, 0.0 ], [ 73.0345754, 19.9575957, 0.0 ], [ 73.0343075, 19.957604, 0.0 ], [ 73.0341007, 19.9576542, 0.0 ], [ 73.0338966, 19.9578084, 0.0 ], [ 73.0335036, 19.9580674, 0.0 ], [ 73.033183, 19.9582963, 0.0 ], [ 73.0329478, 19.9583368, 0.0 ], [ 73.0327516, 19.9583466, 0.0 ], [ 73.0325853, 19.9582981, 0.0 ], [ 73.0323975, 19.9581407, 0.0 ], [ 73.032182, 19.9579376, 0.0 ], [ 73.0319718, 19.9577119, 0.0 ], [ 73.0315277, 19.9572511, 0.0 ], [ 73.0312056, 19.9568922, 0.0 ], [ 73.0309668, 19.956666, 0.0 ], [ 73.0306535, 19.9563434, 0.0 ], [ 73.0304542, 19.9560546, 0.0 ], [ 73.0302411, 19.9557475, 0.0 ], [ 73.030188, 19.9555476, 0.0 ], [ 73.0301736, 19.9553348, 0.0 ], [ 73.0301979, 19.9551002, 0.0 ], [ 73.0302878, 19.9549256, 0.0 ], [ 73.0304019, 19.9547335, 0.0 ], [ 73.0304663, 19.9546352, 0.0 ], [ 73.0305745, 19.9544972, 0.0 ], [ 73.0305989, 19.9542536, 0.0 ], [ 73.0304789, 19.9540568, 0.0 ], [ 73.0302471, 19.9539438, 0.0 ], [ 73.0299949, 19.9538891, 0.0 ], [ 73.0297612, 19.9538619, 0.0 ], [ 73.0294265, 19.9538644, 0.0 ], [ 73.0289107, 19.9538407, 0.0 ], [ 73.0286297, 19.9537855, 0.0 ], [ 73.0282781, 19.9536882, 0.0 ], [ 73.0277803, 19.9534975, 0.0 ], [ 73.0275447, 19.9533392, 0.0 ], [ 73.0273156, 19.9530995, 0.0 ], [ 73.0270769, 19.9528643, 0.0 ], [ 73.0268706, 19.9526795, 0.0 ], [ 73.0266434, 19.9525755, 0.0 ], [ 73.0264575, 19.9525537, 0.0 ], [ 73.0262807, 19.9525458, 0.0 ], [ 73.0260493, 19.9524146, 0.0 ], [ 73.0259617, 19.9522682, 0.0 ], [ 73.025909, 19.9520547, 0.0 ], [ 73.0259849, 19.9518663, 0.0 ], [ 73.0262485, 19.9516184, 0.0 ], [ 73.0265085, 19.951316, 0.0 ], [ 73.026854, 19.9510425, 0.0 ], [ 73.0269567, 19.9509406, 0.0 ], [ 73.0270648, 19.9508026, 0.0 ], [ 73.0271305, 19.9506456, 0.0 ], [ 73.0271445, 19.9504424, 0.0 ], [ 73.0270959, 19.9502606, 0.0 ], [ 73.0269568, 19.9500635, 0.0 ], [ 73.026711, 19.9499366, 0.0 ], [ 73.0265107, 19.94991, 0.0 ], [ 73.026262, 19.9499142, 0.0 ], [ 73.0261051, 19.949875, 0.0 ], [ 73.0258483, 19.9498112, 0.0 ], [ 73.0256329, 19.949825, 0.0 ], [ 73.0254166, 19.949875, 0.0 ], [ 73.0252651, 19.9500257, 0.0 ], [ 73.0251354, 19.9502719, 0.0 ], [ 73.0249986, 19.9504047, 0.0 ], [ 73.0247704, 19.9505631, 0.0 ], [ 73.0245589, 19.9506131, 0.0 ], [ 73.0243588, 19.9505866, 0.0 ], [ 73.0240645, 19.9504858, 0.0 ], [ 73.0238995, 19.9503787, 0.0 ], [ 73.023655, 19.9501931, 0.0 ], [ 73.023425, 19.9499986, 0.0 ], [ 73.0232461, 19.949873, 0.0 ], [ 73.023089, 19.9498383, 0.0 ], [ 73.0229027, 19.9498347, 0.0 ], [ 73.0226868, 19.9498666, 0.0 ], [ 73.0225376, 19.9499088, 0.0 ], [ 73.0222111, 19.9499747, 0.0 ], [ 73.0219472, 19.9500193, 0.0 ], [ 73.0216939, 19.9500098, 0.0 ], [ 73.0215288, 19.9499116, 0.0 ], [ 73.0213933, 19.9497688, 0.0 ], [ 73.021344, 19.9493971, 0.0 ], [ 73.0213553, 19.9491035, 0.0 ], [ 73.0212957, 19.9487722, 0.0 ], [ 73.0212128, 19.9484089, 0.0 ], [ 73.0211405, 19.9482176, 0.0 ], [ 73.0209852, 19.9481061, 0.0 ], [ 73.0207446, 19.9479567, 0.0 ], [ 73.0205563, 19.9478264, 0.0 ], [ 73.0203799, 19.9475878, 0.0 ], [ 73.0203277, 19.9473517, 0.0 ], [ 73.0202994, 19.947116, 0.0 ], [ 73.0201585, 19.9470003, 0.0 ], [ 73.0199901, 19.9468297, 0.0 ], [ 73.0196678, 19.9467013, 0.0 ], [ 73.0194208, 19.9466286, 0.0 ], [ 73.0192012, 19.9466152, 0.0 ], [ 73.0189424, 19.9466418, 0.0 ], [ 73.0186444, 19.9467128, 0.0 ], [ 73.0180875, 19.9468194, 0.0 ], [ 73.0178247, 19.9468097, 0.0 ], [ 73.017529, 19.9467767, 0.0 ], [ 73.0170002, 19.946694, 0.0 ], [ 73.0166202, 19.9465825, 0.0 ], [ 73.0163828, 19.9465055, 0.0 ], [ 73.0159846, 19.946353, 0.0 ], [ 73.0157238, 19.9462529, 0.0 ], [ 73.0155936, 19.9460876, 0.0 ], [ 73.0155117, 19.9458961, 0.0 ], [ 73.0154667, 19.9455516, 0.0 ], [ 73.0154311, 19.9452163, 0.0 ], [ 73.0154167, 19.944999, 0.0 ], [ 73.0153446, 19.9447987, 0.0 ], [ 73.0152575, 19.9446342, 0.0 ], [ 73.0149705, 19.9444252, 0.0 ], [ 73.0147032, 19.9441848, 0.0 ], [ 73.0144612, 19.9438862, 0.0 ], [ 73.0142385, 19.9435788, 0.0 ], [ 73.0140554, 19.9432091, 0.0 ], [ 73.0139576, 19.9428725, 0.0 ], [ 73.0138602, 19.9425225, 0.0 ], [ 73.0137133, 19.9422438, 0.0 ], [ 73.0135499, 19.9420643, 0.0 ], [ 73.0134038, 19.941971, 0.0 ], [ 73.0131901, 19.9419035, 0.0 ], [ 73.012985, 19.9418859, 0.0 ], [ 73.0127931, 19.9419093, 0.0 ], [ 73.0125143, 19.9419806, 0.0 ], [ 73.0123131, 19.9419948, 0.0 ], [ 73.0121525, 19.9419101, 0.0 ], [ 73.0120929, 19.9417914, 0.0 ], [ 73.0120742, 19.9415605, 0.0 ], [ 73.0121127, 19.9413307, 0.0 ], [ 73.0121897, 19.941088, 0.0 ], [ 73.0123231, 19.9408963, 0.0 ], [ 73.0125278, 19.940715, 0.0 ], [ 73.0127482, 19.9404752, 0.0 ], [ 73.012838, 19.9403097, 0.0 ], [ 73.0129057, 19.9400579, 0.0 ], [ 73.0128714, 19.9398809, 0.0 ], [ 73.0127701, 19.9394855, 0.0 ], [ 73.0125339, 19.9391373, 0.0 ], [ 73.0124397, 19.9388551, 0.0 ], [ 73.0124325, 19.938534, 0.0 ], [ 73.0124348, 19.938213, 0.0 ], [ 73.0124792, 19.9379336, 0.0 ], [ 73.0125857, 19.9376554, 0.0 ], [ 73.0126165, 19.937344, 0.0 ], [ 73.0126156, 19.9369508, 0.0 ], [ 73.0126257, 19.9367113, 0.0 ], [ 73.0125743, 19.9364391, 0.0 ], [ 73.0124664, 19.9361295, 0.0 ], [ 73.0123293, 19.935842, 0.0 ], [ 73.0121806, 19.9356491, 0.0 ], [ 73.0119648, 19.9354595, 0.0 ], [ 73.0118156, 19.9352893, 0.0 ], [ 73.0116255, 19.9350233, 0.0 ], [ 73.0114509, 19.9347034, 0.0 ], [ 73.0113994, 19.9344357, 0.0 ], [ 73.011431, 19.9340882, 0.0 ], [ 73.0115272, 19.9336244, 0.0 ], [ 73.0116551, 19.9332471, 0.0 ], [ 73.0116931, 19.9330399, 0.0 ], [ 73.0116683, 19.9328631, 0.0 ], [ 73.0115486, 19.9326573, 0.0 ], [ 73.0113155, 19.932386, 0.0 ], [ 73.0109924, 19.9320767, 0.0 ], [ 73.0100483, 19.9312748, 0.0 ], [ 73.0088281, 19.9313605, 0.0 ], [ 73.0085925, 19.931378, 0.0 ], [ 73.0084219, 19.9313906, 0.0 ], [ 73.0081587, 19.9313079, 0.0 ], [ 73.0079857, 19.9312629, 0.0 ], [ 73.0078428, 19.9310976, 0.0 ], [ 73.0076473, 19.9308948, 0.0 ], [ 73.0074216, 19.9307896, 0.0 ], [ 73.0067665, 19.9307076, 0.0 ], [ 73.0059638, 19.9309366, 0.0 ], [ 73.0051707, 19.9314329, 0.0 ], [ 73.0043871, 19.9318433, 0.0 ], [ 73.0037946, 19.9319292, 0.0 ], [ 73.0022093, 19.9315805, 0.0 ] ] } },
{ "type": "Feature", "properties": { "objectid": 21650, "rivname": "Saitani N", "rilcode": null, "st_length_": 20.7419, "bacode": 14, "ba_name": "West flowing rivers from Tapi to Tadri", "sub_basin": "Bhatsol and others", "remarks": null }, "geometry": { "type": "LineString", "coordinates": [ [ 73.1629173, 19.4129031, 0.0 ], [ 73.162614, 19.4144033, 0.0 ], [ 73.1624645, 19.4156168, 0.0 ], [ 73.1623523, 19.416415, 0.0 ], [ 73.1621768, 19.4170538, 0.0 ], [ 73.1619247, 19.4177093, 0.0 ], [ 73.1617536, 19.4183617, 0.0 ], [ 73.1617567, 19.4186692, 0.0 ], [ 73.1615177, 19.4193792, 0.0 ], [ 73.1614527, 19.4197487, 0.0 ], [ 73.1610627, 19.4206096, 0.0 ], [ 73.1608415, 19.4209309, 0.0 ], [ 73.1607599, 19.4211826, 0.0 ], [ 73.1602099, 19.4217238, 0.0 ], [ 73.1599501, 19.4220671, 0.0 ], [ 73.1597979, 19.4222767, 0.0 ], [ 73.1594996, 19.4224112, 0.0 ], [ 73.1592997, 19.4223984, 0.0 ], [ 73.1589975, 19.4224876, 0.0 ], [ 73.1588684, 19.4227339, 0.0 ], [ 73.1587041, 19.4230654, 0.0 ], [ 73.1581682, 19.4233852, 0.0 ], [ 73.1576881, 19.4237786, 0.0 ], [ 73.1575402, 19.4242371, 0.0 ], [ 73.157318, 19.4246036, 0.0 ], [ 73.1568414, 19.4252773, 0.0 ], [ 73.1565669, 19.4256339, 0.0 ], [ 73.1563436, 19.4260547, 0.0 ], [ 73.1559559, 19.426807, 0.0 ], [ 73.1553333, 19.4276227, 0.0 ], [ 73.155063, 19.428011, 0.0 ], [ 73.1549041, 19.4285415, 0.0 ], [ 73.1548781, 19.4288666, 0.0 ], [ 73.1549085, 19.4290074, 0.0 ], [ 73.1549692, 19.4295149, 0.0 ], [ 73.1549136, 19.4301199, 0.0 ], [ 73.1548431, 19.4307471, 0.0 ], [ 73.1544977, 19.4317534, 0.0 ], [ 73.1541766, 19.4322854, 0.0 ], [ 73.1540066, 19.4324605, 0.0 ], [ 73.1538015, 19.4326717, 0.0 ], [ 73.1534363, 19.4328049, 0.0 ], [ 73.1529024, 19.433265, 0.0 ], [ 73.1527414, 19.4338859, 0.0 ], [ 73.1526185, 19.43406, 0.0 ], [ 73.1523616, 19.4342631, 0.0 ], [ 73.1520215, 19.4347947, 0.0 ], [ 73.1518435, 19.4350943, 0.0 ], [ 73.1517341, 19.4357615, 0.0 ], [ 73.1516108, 19.4361842, 0.0 ], [ 73.1512956, 19.436662, 0.0 ], [ 73.1508522, 19.4371193, 0.0 ], [ 73.1506348, 19.437477, 0.0 ], [ 73.1505144, 19.4377641, 0.0 ], [ 73.1502137, 19.438007, 0.0 ], [ 73.1498928, 19.43853, 0.0 ], [ 73.1496258, 19.4387601, 0.0 ], [ 73.1493123, 19.4389305, 0.0 ], [ 73.149054, 19.4392014, 0.0 ], [ 73.1489375, 19.4395248, 0.0 ], [ 73.1486996, 19.4401758, 0.0 ], [ 73.1484408, 19.4404694, 0.0 ], [ 73.1481705, 19.4408531, 0.0 ], [ 73.1480315, 19.4413389, 0.0 ], [ 73.147879, 19.4420142, 0.0 ], [ 73.1477281, 19.4423821, 0.0 ], [ 73.1475181, 19.4426223, 0.0 ], [ 73.147034, 19.4427487, 0.0 ], [ 73.1465403, 19.442875, 0.0 ], [ 73.1459862, 19.4429323, 0.0 ], [ 73.1454511, 19.4427638, 0.0 ], [ 73.1449918, 19.4426194, 0.0 ], [ 73.1446828, 19.4425773, 0.0 ], [ 73.1443583, 19.4425983, 0.0 ], [ 73.1435613, 19.4430895, 0.0 ], [ 73.1431077, 19.443126, 0.0 ], [ 73.1425364, 19.4430925, 0.0 ], [ 73.141813, 19.4432641, 0.0 ], [ 73.1413222, 19.4432547, 0.0 ], [ 73.1410641, 19.4430599, 0.0 ], [ 73.1408178, 19.4427613, 0.0 ], [ 73.1406961, 19.4424334, 0.0 ], [ 73.1406397, 19.4417178, 0.0 ], [ 73.1405331, 19.4415756, 0.0 ], [ 73.1403782, 19.4414641, 0.0 ], [ 73.1400015, 19.441466, 0.0 ], [ 73.1394438, 19.4416905, 0.0 ], [ 73.1390508, 19.441796, 0.0 ], [ 73.1384841, 19.4417671, 0.0 ], [ 73.138014, 19.4419028, 0.0 ], [ 73.1377653, 19.4419432, 0.0 ], [ 73.1366474, 19.441836, 0.0 ], [ 73.1362873, 19.4417341, 0.0 ], [ 73.1360436, 19.4417611, 0.0 ], [ 73.1356759, 19.4422425, 0.0 ], [ 73.1352285, 19.4426589, 0.0 ], [ 73.134973, 19.4432465, 0.0 ], [ 73.1348872, 19.4436925, 0.0 ], [ 73.1348434, 19.4439584, 0.0 ], [ 73.1347256, 19.444119, 0.0 ], [ 73.1345178, 19.4442506, 0.0 ], [ 73.1342315, 19.4442632, 0.0 ], [ 73.1339307, 19.4442891, 0.0 ], [ 73.1334915, 19.4447646, 0.0 ], [ 73.1331307, 19.4451421, 0.0 ], [ 73.1328114, 19.4455881, 0.0 ], [ 73.1324194, 19.4458655, 0.0 ], [ 73.131917, 19.4459509, 0.0 ], [ 73.1314326, 19.4458647, 0.0 ], [ 73.1311152, 19.4455466, 0.0 ], [ 73.1308446, 19.4452746, 0.0 ], [ 73.1305578, 19.4450838, 0.0 ], [ 73.1298226, 19.4451375, 0.0 ], [ 73.1295579, 19.445033, 0.0 ], [ 73.1294125, 19.4444739, 0.0 ], [ 73.1291091, 19.4439481, 0.0 ], [ 73.1287707, 19.443494, 0.0 ], [ 73.1285045, 19.4430141, 0.0 ], [ 73.1284182, 19.4428503, 0.0 ], [ 73.1283625, 19.4427446, 0.0 ], [ 73.1281302, 19.4424598, 0.0 ], [ 73.1276835, 19.4421708, 0.0 ], [ 73.1271351, 19.4415091, 0.0 ], [ 73.1266894, 19.440949, 0.0 ], [ 73.1262775, 19.4405929, 0.0 ], [ 73.1257248, 19.4403607, 0.0 ], [ 73.125298, 19.4402575, 0.0 ], [ 73.1247979, 19.4402389, 0.0 ], [ 73.1240744, 19.4404104, 0.0 ], [ 73.1237312, 19.4404129, 0.0 ], [ 73.1232086, 19.4401044, 0.0 ], [ 73.1226907, 19.439579, 0.0 ], [ 73.1221395, 19.4390529, 0.0 ], [ 73.1214933, 19.4385114, 0.0 ], [ 73.1210811, 19.4383904, 0.0 ], [ 73.120599, 19.4384264, 0.0 ], [ 73.1200427, 19.4383569, 0.0 ], [ 73.1191564, 19.438566, 0.0 ], [ 73.118696, 19.4389189, 0.0 ], [ 73.1181937, 19.4394474, 0.0 ], [ 73.1177997, 19.4398196, 0.0 ], [ 73.1174255, 19.4405992, 0.0 ], [ 73.1173134, 19.4407192, 0.0 ], [ 73.1171034, 19.4407942, 0.0 ], [ 73.1169771, 19.4408394, 0.0 ], [ 73.1162874, 19.4407718, 0.0 ], [ 73.115752, 19.4408384, 0.0 ], [ 73.1154671, 19.4407877, 0.0 ], [ 73.1151642, 19.4406869, 0.0 ], [ 73.1148792, 19.4404191, 0.0 ], [ 73.1146987, 19.4399409, 0.0 ], [ 73.1147866, 19.4393954, 0.0 ], [ 73.114627, 19.4390577, 0.0 ], [ 73.1144656, 19.4385843, 0.0 ], [ 73.1140186, 19.438535, 0.0 ], [ 73.113359, 19.4388389, 0.0 ], [ 73.1130305, 19.4390451, 0.0 ], [ 73.1126272, 19.4390827, 0.0 ], [ 73.1120325, 19.4390011, 0.0 ], [ 73.111525, 19.4389147, 0.0 ], [ 73.1109944, 19.4387937, 0.0 ], [ 73.1106542, 19.4387016, 0.0 ], [ 73.1102012, 19.4387193, 0.0 ], [ 73.1098878, 19.4388851, 0.0 ], [ 73.1090245, 19.4394016, 0.0 ], [ 73.1085914, 19.4395562, 0.0 ], [ 73.1083794, 19.4396318, 0.0 ], [ 73.1076812, 19.4397344, 0.0 ], [ 73.1073611, 19.4397283, 0.0 ], [ 73.1071859, 19.4395533, 0.0 ], [ 73.1070772, 19.4392997, 0.0 ], [ 73.10672, 19.4383249, 0.0 ], [ 73.1063473, 19.4381806, 0.0 ], [ 73.1061305, 19.4382009, 0.0 ], [ 73.1058189, 19.4383025, 0.0 ], [ 73.1056902, 19.4386274, 0.0 ], [ 73.1056496, 19.4389998, 0.0 ], [ 73.1055141, 19.4392639, 0.0 ], [ 73.1042741, 19.4402347, 0.0 ], [ 73.1032092, 19.4411014, 0.0 ], [ 73.1017402, 19.4421517, 0.0 ], [ 73.1012257, 19.4427733, 0.0 ], [ 73.1009414, 19.4431167, 0.0 ], [ 73.1007067, 19.4432423, 0.0 ], [ 73.1004092, 19.4432507, 0.0 ], [ 73.0999566, 19.4432549, 0.0 ], [ 73.099546, 19.4432507, 0.0 ], [ 73.0987214, 19.4432055, 0.0 ], [ 73.0984159, 19.443229, 0.0 ], [ 73.0980399, 19.4433183, 0.0 ], [ 73.0978332, 19.4435202, 0.0 ], [ 73.0976264, 19.4436893, 0.0 ], [ 73.0970958, 19.4439972, 0.0 ], [ 73.0967826, 19.4440631, 0.0 ], [ 73.0964893, 19.4440631, 0.0 ], [ 73.0962158, 19.4440532, 0.0 ], [ 73.0956802, 19.4439244, 0.0 ], [ 73.0953539, 19.4437795, 0.0 ], [ 73.0948799, 19.443361, 0.0 ], [ 73.0947429, 19.4429764, 0.0 ], [ 73.0946269, 19.4427288, 0.0 ], [ 73.0945215, 19.4425444, 0.0 ], [ 73.094395, 19.4424338, 0.0 ], [ 73.0943001, 19.4424127, 0.0 ], [ 73.0940735, 19.4423811, 0.0 ], [ 73.0937678, 19.4425023, 0.0 ], [ 73.093578, 19.4427024, 0.0 ], [ 73.0928117, 19.4431604, 0.0 ], [ 73.0926061, 19.4431498, 0.0 ], [ 73.0921792, 19.4430603, 0.0 ], [ 73.0918155, 19.4427811, 0.0 ], [ 73.09161, 19.4427653, 0.0 ], [ 73.0914782, 19.442918, 0.0 ], [ 73.0913359, 19.4431814, 0.0 ], [ 73.0905929, 19.44407, 0.0 ], [ 73.0899545, 19.4448677, 0.0 ], [ 73.0893032, 19.4458382, 0.0 ], [ 73.0890017, 19.4461218, 0.0 ], [ 73.088582, 19.446175, 0.0 ], [ 73.0875653, 19.4462282, 0.0 ], [ 73.0866644, 19.4459982, 0.0 ], [ 73.0863806, 19.4459273, 0.0 ], [ 73.0861265, 19.4459864, 0.0 ], [ 73.0859137, 19.4462522, 0.0 ], [ 73.0858545, 19.4466422, 0.0 ], [ 73.0857127, 19.4469553, 0.0 ], [ 73.0854939, 19.4471149, 0.0 ], [ 73.0852457, 19.4473158, 0.0 ], [ 73.0850736, 19.4476845, 0.0 ], [ 73.0850944, 19.4479622, 0.0 ], [ 73.0852229, 19.4482605, 0.0 ], [ 73.0852353, 19.4485837, 0.0 ], [ 73.0852312, 19.448766, 0.0 ], [ 73.0851565, 19.448911, 0.0 ], [ 73.0850363, 19.4489566, 0.0 ], [ 73.0846425, 19.4489608, 0.0 ], [ 73.0840855, 19.4487836, 0.0 ], [ 73.0837248, 19.4487256, 0.0 ], [ 73.0833268, 19.4487256, 0.0 ], [ 73.0829993, 19.4487836, 0.0 ], [ 73.082414, 19.449098, 0.0 ], [ 73.0818372, 19.4491444, 0.0 ], [ 73.0814593, 19.4493631, 0.0 ], [ 73.0811411, 19.449701, 0.0 ], [ 73.0809621, 19.4499329, 0.0 ], [ 73.0807698, 19.4500456, 0.0 ], [ 73.0804914, 19.4501185, 0.0 ], [ 73.0802461, 19.4501251, 0.0 ], [ 73.0796513, 19.4499747, 0.0 ], [ 73.0792493, 19.4498081, 0.0 ], [ 73.0789933, 19.4497898, 0.0 ], [ 73.0788178, 19.449819, 0.0 ], [ 73.0786862, 19.4499396, 0.0 ], [ 73.0786203, 19.4501041, 0.0 ], [ 73.0786021, 19.4506231, 0.0 ], [ 73.078697, 19.4517347, 0.0 ], [ 73.0786477, 19.4520826, 0.0 ], [ 73.0786323, 19.4522466, 0.0 ], [ 73.0785118, 19.4523722, 0.0 ], [ 73.0783246, 19.4524158, 0.0 ], [ 73.0780707, 19.4524158, 0.0 ], [ 73.0775943, 19.452197, 0.0 ], [ 73.0771022, 19.4517953, 0.0 ], [ 73.0764904, 19.4517338, 0.0 ], [ 73.0762812, 19.4517338, 0.0 ], [ 73.0760065, 19.4518568, 0.0 ], [ 73.075867, 19.4520371, 0.0 ], [ 73.0757112, 19.4522216, 0.0 ], [ 73.0750959, 19.4528566, 0.0 ], [ 73.0747371, 19.4531673, 0.0 ], [ 73.0745878, 19.4531922, 0.0 ], [ 73.0743503, 19.4531786, 0.0 ], [ 73.0740087, 19.4530836, 0.0 ], [ 73.0738775, 19.4530723, 0.0 ], [ 73.0738051, 19.4529864, 0.0 ], [ 73.0734695, 19.452742, 0.0 ], [ 73.0732998, 19.4526764, 0.0 ], [ 73.0731166, 19.4526696, 0.0 ], [ 73.0727742, 19.4527131, 0.0 ], [ 73.0725644, 19.4527397, 0.0 ], [ 73.0724631, 19.4529313, 0.0 ], [ 73.0723075, 19.4531845, 0.0 ], [ 73.0719238, 19.4540661, 0.0 ], [ 73.0713387, 19.4552125, 0.0 ], [ 73.0712158, 19.4555238, 0.0 ], [ 73.0711767, 19.455623, 0.0 ], [ 73.0711709, 19.4558948, 0.0 ], [ 73.0711222, 19.4566113, 0.0 ], [ 73.0710411, 19.4570534, 0.0 ], [ 73.0709275, 19.4572237, 0.0 ], [ 73.0707205, 19.457321, 0.0 ], [ 73.0697708, 19.4577512, 0.0 ], [ 73.0695114, 19.457965, 0.0 ], [ 73.0693294, 19.4582197, 0.0 ], [ 73.0692975, 19.4584744, 0.0 ], [ 73.0693066, 19.45867, 0.0 ], [ 73.0694432, 19.4588201, 0.0 ], [ 73.0699339, 19.4592642, 0.0 ], [ 73.0700485, 19.4594753, 0.0 ], [ 73.0700449, 19.4596756, 0.0 ], [ 73.0701523, 19.460273, 0.0 ], [ 73.0700986, 19.4604948, 0.0 ], [ 73.0696976, 19.4613198, 0.0 ], [ 73.069447, 19.462269, 0.0 ], [ 73.0691821, 19.46289, 0.0 ], [ 73.0691356, 19.4632728, 0.0 ], [ 73.0691177, 19.4636162, 0.0 ], [ 73.0691606, 19.4637557, 0.0 ], [ 73.0692644, 19.463838, 0.0 ], [ 73.069404, 19.4638773, 0.0 ], [ 73.0696474, 19.4639024, 0.0 ], [ 73.0699659, 19.4639131, 0.0 ], [ 73.0702451, 19.4639775, 0.0 ], [ 73.0704348, 19.4640634, 0.0 ], [ 73.0705278, 19.4641778, 0.0 ], [ 73.0706547, 19.4644296, 0.0 ], [ 73.0706547, 19.46456, 0.0 ], [ 73.0706547, 19.4646699, 0.0 ], [ 73.0706032, 19.4649788, 0.0 ], [ 73.0694981, 19.4661862, 0.0 ], [ 73.0682429, 19.4670613, 0.0 ], [ 73.0674982, 19.4672474, 0.0 ], [ 73.0658805, 19.4680168, 0.0 ], [ 73.0644246, 19.4681893, 0.0 ], [ 73.0639652, 19.4683205, 0.0 ], [ 73.0634199, 19.4687747, 0.0 ], [ 73.0632836, 19.4689866, 0.0 ], [ 73.0629995, 19.46965, 0.0 ], [ 73.06261, 19.4699897, 0.0 ], [ 73.0624719, 19.4700286, 0.0 ], [ 73.0619124, 19.4700428, 0.0 ], [ 73.0611308, 19.4698909, 0.0 ], [ 73.0609322, 19.4698155, 0.0 ], [ 73.0606622, 19.4698314, 0.0 ], [ 73.0606304, 19.4699187, 0.0 ], [ 73.0606304, 19.4704902, 0.0 ], [ 73.0606225, 19.4707085, 0.0 ], [ 73.0605744, 19.4712993, 0.0 ], [ 73.0604631, 19.4714151, 0.0 ], [ 73.0601513, 19.4715219, 0.0 ], [ 73.0596748, 19.4715753, 0.0 ], [ 73.059412, 19.4717356, 0.0 ], [ 73.0591359, 19.4718558, 0.0 ], [ 73.058634, 19.4731676, 0.0 ], [ 73.0584342, 19.4735221, 0.0 ], [ 73.0582844, 19.4736469, 0.0 ], [ 73.0580097, 19.4736569, 0.0 ], [ 73.0575751, 19.4736419, 0.0 ], [ 73.0567725, 19.4733545, 0.0 ], [ 73.0561282, 19.4730633, 0.0 ], [ 73.0557809, 19.4726994, 0.0 ], [ 73.0556353, 19.4724418, 0.0 ], [ 73.0553888, 19.472313, 0.0 ], [ 73.0551752, 19.4723054, 0.0 ], [ 73.0550751, 19.4723018, 0.0 ], [ 73.0545219, 19.4723923, 0.0 ], [ 73.0544512, 19.472459, 0.0 ], [ 73.0543532, 19.4725646, 0.0 ], [ 73.0542508, 19.472675, 0.0 ], [ 73.0542194, 19.4729184, 0.0 ], [ 73.0542273, 19.473103, 0.0 ], [ 73.0542273, 19.4732915, 0.0 ], [ 73.0542898, 19.4739821, 0.0 ], [ 73.0542898, 19.4742835, 0.0 ], [ 73.0542835, 19.474654, 0.0 ], [ 73.0542207, 19.4749115, 0.0 ], [ 73.0538286, 19.4757594, 0.0 ], [ 73.0534177, 19.4762025, 0.0 ], [ 73.0531648, 19.4763202, 0.0 ], [ 73.0529326, 19.4764553, 0.0 ], [ 73.0527524, 19.476528, 0.0 ], [ 73.0525615, 19.4767162, 0.0 ], [ 73.0523501, 19.4770557, 0.0 ], [ 73.0523014, 19.4775867, 0.0 ], [ 73.052298, 19.4779054, 0.0 ], [ 73.0523196, 19.4782865, 0.0 ], [ 73.0523365, 19.4783177, 0.0 ], [ 73.0523593, 19.4783598, 0.0 ], [ 73.052506, 19.4784575, 0.0 ], [ 73.0526742, 19.4785248, 0.0 ], [ 73.052879, 19.4785981, 0.0 ], [ 73.0530104, 19.4786898, 0.0 ], [ 73.0532774, 19.4789732, 0.0 ], [ 73.0532823, 19.4792175, 0.0 ], [ 73.0532823, 19.4795302, 0.0 ], [ 73.0532285, 19.4798185, 0.0 ], [ 73.0531307, 19.4800384, 0.0 ], [ 73.0528279, 19.4805332, 0.0 ], [ 73.0526079, 19.4809192, 0.0 ], [ 73.0524808, 19.4812368, 0.0 ], [ 73.0524759, 19.4814811, 0.0 ], [ 73.0524661, 19.4816766, 0.0 ], [ 73.0526129, 19.4820935, 0.0 ], [ 73.0527603, 19.482668, 0.0 ] ] } },
{ "type": "Feature", "properties": { "objectid": 22185, "rivname": "Sarkal", "rilcode": null, "st_length_": 9.53697, "bacode": 14, "ba_name": "West flowing rivers from Tapi to Tadri", "sub_basin": "Bhatsol and others", "remarks": null }, "geometry": { "type": "LineString", "coordinates": [ [ 73.0940046, 20.0235573, 0.0 ], [ 73.0940471, 20.0242498, 0.0 ], [ 73.0940028, 20.0249723, 0.0 ], [ 73.0939915, 20.026161, 0.0 ], [ 73.0939498, 20.0263184, 0.0 ], [ 73.0936801, 20.0268467, 0.0 ], [ 73.093577, 20.0269713, 0.0 ], [ 73.0934608, 20.0272584, 0.0 ], [ 73.0931154, 20.027749, 0.0 ], [ 73.0928957, 20.0279528, 0.0 ], [ 73.0922583, 20.0284513, 0.0 ], [ 73.0921824, 20.0286442, 0.0 ], [ 73.0920066, 20.0292556, 0.0 ], [ 73.0919148, 20.0297422, 0.0 ], [ 73.0919421, 20.0300274, 0.0 ], [ 73.0919907, 20.0302138, 0.0 ], [ 73.0921595, 20.0305923, 0.0 ], [ 73.0921702, 20.0307643, 0.0 ], [ 73.0921067, 20.0310433, 0.0 ], [ 73.0918763, 20.031744, 0.0 ], [ 73.0917316, 20.0329076, 0.0 ], [ 73.0916708, 20.0330692, 0.0 ], [ 73.091404, 20.0332359, 0.0 ], [ 73.090628, 20.0337317, 0.0 ], [ 73.0903285, 20.0338661, 0.0 ], [ 73.0903188, 20.0338704, 0.0 ], [ 73.0900163, 20.0339279, 0.0 ], [ 73.0888183, 20.0344653, 0.0 ], [ 73.0881668, 20.03495, 0.0 ], [ 73.0878257, 20.0352418, 0.0 ], [ 73.087748, 20.0352991, 0.0 ], [ 73.0873495, 20.0353682, 0.0 ], [ 73.086952, 20.0353877, 0.0 ], [ 73.0867705, 20.0353752, 0.0 ], [ 73.086237, 20.03527, 0.0 ], [ 73.0859204, 20.035309, 0.0 ], [ 73.0854739, 20.0353908, 0.0 ], [ 73.0850656, 20.0354688, 0.0 ], [ 73.0845255, 20.0354448, 0.0 ], [ 73.0841455, 20.0353199, 0.0 ], [ 73.0836921, 20.0350535, 0.0 ], [ 73.0835563, 20.0349197, 0.0 ], [ 73.0833105, 20.0345578, 0.0 ], [ 73.083117, 20.0342151, 0.0 ], [ 73.0830091, 20.0341226, 0.0 ], [ 73.0828744, 20.0341561, 0.0 ], [ 73.0824379, 20.0344325, 0.0 ], [ 73.08225, 20.0344967, 0.0 ], [ 73.08182, 20.0344748, 0.0 ], [ 73.0809979, 20.0344408, 0.0 ], [ 73.0806372, 20.0338642, 0.0 ], [ 73.080629, 20.0338008, 0.0 ], [ 73.0805773, 20.0337636, 0.0 ], [ 73.0800016, 20.0329568, 0.0 ], [ 73.0796133, 20.03233, 0.0 ], [ 73.0791181, 20.0322254, 0.0 ], [ 73.0783965, 20.0321934, 0.0 ], [ 73.0781882, 20.0320944, 0.0 ], [ 73.0781704, 20.0320353, 0.0 ], [ 73.0777127, 20.0317417, 0.0 ], [ 73.0772499, 20.031909, 0.0 ], [ 73.0770068, 20.0318681, 0.0 ], [ 73.0768877, 20.0318478, 0.0 ], [ 73.0764502, 20.0319478, 0.0 ], [ 73.0759383, 20.0321729, 0.0 ], [ 73.075696, 20.0323174, 0.0 ], [ 73.0754045, 20.0323073, 0.0 ], [ 73.0750906, 20.0319983, 0.0 ], [ 73.0746615, 20.0321572, 0.0 ], [ 73.0738574, 20.0326209, 0.0 ], [ 73.0732049, 20.0329292, 0.0 ], [ 73.0732001, 20.0329291, 0.0 ], [ 73.0723448, 20.0326684, 0.0 ], [ 73.0714387, 20.0323163, 0.0 ], [ 73.0709514, 20.0322933, 0.0 ], [ 73.0707109, 20.0323519, 0.0 ], [ 73.0705894, 20.0324399, 0.0 ], [ 73.0705366, 20.0324479, 0.0 ], [ 73.0701609, 20.0327888, 0.0 ], [ 73.0696078, 20.0331443, 0.0 ], [ 73.0693245, 20.032976, 0.0 ], [ 73.0690904, 20.0327409, 0.0 ], [ 73.0690333, 20.0311892, 0.0 ], [ 73.0690605, 20.0308144, 0.0 ], [ 73.0688002, 20.0306919, 0.0 ], [ 73.0684904, 20.0306361, 0.0 ], [ 73.0683076, 20.0306823, 0.0 ], [ 73.0682691, 20.0306951, 0.0 ], [ 73.0680361, 20.0308534, 0.0 ], [ 73.0679343, 20.0309147, 0.0 ], [ 73.0666827, 20.0314962, 0.0 ], [ 73.0653285, 20.0317411, 0.0 ], [ 73.0648844, 20.0317098, 0.0 ], [ 73.0642499, 20.0316252, 0.0 ], [ 73.0640845, 20.0315361, 0.0 ], [ 73.0640522, 20.0303827, 0.0 ], [ 73.0639582, 20.029644, 0.0 ], [ 73.0639537, 20.0296349, 0.0 ], [ 73.0623148, 20.0291102, 0.0 ], [ 73.0617038, 20.0288316, 0.0 ], [ 73.0603144, 20.0280586, 0.0 ], [ 73.0595468, 20.0272843, 0.0 ], [ 73.0591888, 20.0270286, 0.0 ], [ 73.0575469, 20.0268656, 0.0 ], [ 73.0565428, 20.0266245, 0.0 ], [ 73.0560433, 20.0265018, 0.0 ], [ 73.0556938, 20.0263006, 0.0 ], [ 73.0551807, 20.0261369, 0.0 ], [ 73.0551148, 20.0260903, 0.0 ], [ 73.0548127, 20.0261251, 0.0 ], [ 73.054503, 20.0262864, 0.0 ], [ 73.0544328, 20.0270942, 0.0 ], [ 73.0543425, 20.0272869, 0.0 ], [ 73.0542067, 20.0278087, 0.0 ], [ 73.0538675, 20.02867, 0.0 ], [ 73.0536532, 20.0290637, 0.0 ], [ 73.0533015, 20.0294004, 0.0 ], [ 73.0532141, 20.029453, 0.0 ], [ 73.0529846, 20.029453, 0.0 ], [ 73.0528228, 20.0294137, 0.0 ], [ 73.0527954, 20.0293543, 0.0 ], [ 73.052696, 20.0293073, 0.0 ], [ 73.0524376, 20.0290897, 0.0 ], [ 73.0521021, 20.0286853, 0.0 ], [ 73.0519396, 20.0284606, 0.0 ], [ 73.051416, 20.0281205, 0.0 ], [ 73.0508924, 20.0277848, 0.0 ], [ 73.0501963, 20.0274637, 0.0 ], [ 73.0498481, 20.0271993, 0.0 ], [ 73.0494505, 20.0270061, 0.0 ], [ 73.0492691, 20.0269891, 0.0 ], [ 73.0491745, 20.026942, 0.0 ], [ 73.0489851, 20.0268524, 0.0 ], [ 73.0485045, 20.0267391, 0.0 ], [ 73.0484093, 20.0267146, 0.0 ], [ 73.0479536, 20.0265565, 0.0 ], [ 73.047569, 20.0264269, 0.0 ], [ 73.0474557, 20.0263569, 0.0 ], [ 73.0470166, 20.0260952, 0.0 ], [ 73.0468428, 20.0259516, 0.0 ], [ 73.0467345, 20.0256512, 0.0 ], [ 73.0467918, 20.0254353, 0.0 ], [ 73.0474105, 20.024706, 0.0 ], [ 73.0475886, 20.0244336, 0.0 ], [ 73.0476514, 20.0241863, 0.0 ], [ 73.0475725, 20.0238592, 0.0 ], [ 73.0474667, 20.0236673, 0.0 ], [ 73.0470936, 20.0234475, 0.0 ], [ 73.0466558, 20.023344, 0.0 ], [ 73.0461633, 20.0233344, 0.0 ], [ 73.0456548, 20.0234014, 0.0 ], [ 73.0448235, 20.023575, 0.0 ], [ 73.0439765, 20.0238116, 0.0 ], [ 73.0434942, 20.0239921, 0.0 ], [ 73.0430085, 20.0241137, 0.0 ], [ 73.0421528, 20.0245309, 0.0 ], [ 73.0416604, 20.0245168, 0.0 ], [ 73.0414508, 20.0244765, 0.0 ], [ 73.0411003, 20.024316, 0.0 ], [ 73.0409828, 20.0242232, 0.0 ], [ 73.0408986, 20.0241402, 0.0 ], [ 73.0409187, 20.0236569, 0.0 ], [ 73.0414127, 20.0229387, 0.0 ], [ 73.0416403, 20.0223735, 0.0 ], [ 73.0416431, 20.02203, 0.0 ], [ 73.0415958, 20.0215679, 0.0 ], [ 73.0415337, 20.0213452, 0.0 ], [ 73.0412992, 20.0209157, 0.0 ], [ 73.0412197, 20.0208328, 0.0 ], [ 73.0411594, 20.0207411, 0.0 ], [ 73.0408804, 20.0203786, 0.0 ], [ 73.0406385, 20.0198494, 0.0 ], [ 73.0402581, 20.0192276, 0.0 ], [ 73.0401654, 20.0191292, 0.0 ], [ 73.0400555, 20.0189615, 0.0 ], [ 73.0399628, 20.0187764, 0.0 ], [ 73.039876, 20.0185855, 0.0 ], [ 73.0398123, 20.018464, 0.0 ], [ 73.0395859, 20.0180312, 0.0 ] ] } },
{ "type": "Feature", "properties": { "objectid": 22696, "rivname": "Shenkari", "rilcode": null, "st_length_": 16.4801, "bacode": 14, "ba_name": "West flowing rivers from Tapi to Tadri", "sub_basin": "Bhatsol and others", "remarks": null }, "geometry": { "type": "LineString", "coordinates": [ [ 73.3360401, 19.8734785, 0.0 ], [ 73.335582, 19.8732079, 0.0 ], [ 73.3353834, 19.8731049, 0.0 ], [ 73.3349001, 19.8728973, 0.0 ], [ 73.3342211, 19.872677, 0.0 ], [ 73.3336358, 19.8725535, 0.0 ], [ 73.3331644, 19.8724772, 0.0 ], [ 73.3327252, 19.8724467, 0.0 ], [ 73.3302445, 19.8719996, 0.0 ], [ 73.3290634, 19.872037, 0.0 ], [ 73.3285419, 19.8720683, 0.0 ], [ 73.3277614, 19.8721446, 0.0 ], [ 73.3271841, 19.872098, 0.0 ], [ 73.3268508, 19.8720423, 0.0 ], [ 73.3264168, 19.8719983, 0.0 ], [ 73.3261646, 19.8719439, 0.0 ], [ 73.3256506, 19.8718397, 0.0 ], [ 73.3252925, 19.8718242, 0.0 ], [ 73.3246461, 19.8716498, 0.0 ], [ 73.3241386, 19.8714643, 0.0 ], [ 73.3232739, 19.870974, 0.0 ], [ 73.3231322, 19.87089, 0.0 ], [ 73.3228042, 19.8708072, 0.0 ], [ 73.3213011, 19.8706987, 0.0 ], [ 73.3201798, 19.8706151, 0.0 ], [ 73.319768, 19.8705396, 0.0 ], [ 73.3195263, 19.8705238, 0.0 ], [ 73.3188004, 19.8703846, 0.0 ], [ 73.3174755, 19.8704056, 0.0 ], [ 73.3174261, 19.8704268, 0.0 ], [ 73.3173631, 19.8704537, 0.0 ], [ 73.3171918, 19.8706409, 0.0 ], [ 73.3170381, 19.8708122, 0.0 ], [ 73.3168804, 19.8708719, 0.0 ], [ 73.3166473, 19.8709268, 0.0 ], [ 73.3161159, 19.8708361, 0.0 ], [ 73.3159042, 19.8708663, 0.0 ], [ 73.3157347, 19.8709497, 0.0 ], [ 73.3156233, 19.8710044, 0.0 ], [ 73.3153728, 19.8710519, 0.0 ], [ 73.314487, 19.8710519, 0.0 ], [ 73.3136351, 19.8710453, 0.0 ], [ 73.3133543, 19.8710428, 0.0 ], [ 73.3131382, 19.8710409, 0.0 ], [ 73.3130518, 19.8711359, 0.0 ], [ 73.3130864, 19.871261, 0.0 ], [ 73.3131795, 19.8713443, 0.0 ], [ 73.3132505, 19.8714078, 0.0 ], [ 73.3135055, 19.8715502, 0.0 ], [ 73.3138727, 19.8716882, 0.0 ], [ 73.3141665, 19.8718522, 0.0 ], [ 73.3143696, 19.8720205, 0.0 ], [ 73.3143914, 19.8720677, 0.0 ], [ 73.3144733, 19.8722449, 0.0 ], [ 73.3145909, 19.8727688, 0.0 ], [ 73.3145789, 19.8730334, 0.0 ], [ 73.31455, 19.8731465, 0.0 ], [ 73.314497, 19.8732572, 0.0 ], [ 73.3143669, 19.8733486, 0.0 ], [ 73.3140644, 19.873517, 0.0 ], [ 73.3135202, 19.8738182, 0.0 ], [ 73.3133919, 19.8739809, 0.0 ], [ 73.3133884, 19.8740848, 0.0 ], [ 73.313437, 19.8741644, 0.0 ], [ 73.3136767, 19.8744449, 0.0 ], [ 73.3137981, 19.8745964, 0.0 ], [ 73.3138393, 19.8746939, 0.0 ], [ 73.3138219, 19.8747891, 0.0 ], [ 73.3137894, 19.8748671, 0.0 ], [ 73.313707, 19.8749082, 0.0 ], [ 73.3136311, 19.8749104, 0.0 ], [ 73.3135444, 19.8749061, 0.0 ], [ 73.3134902, 19.8748844, 0.0 ], [ 73.3133666, 19.8747848, 0.0 ], [ 73.3131568, 19.8745332, 0.0 ], [ 73.3128284, 19.8744032, 0.0 ], [ 73.3123723, 19.874356, 0.0 ], [ 73.3121387, 19.8743865, 0.0 ], [ 73.3119385, 19.8744699, 0.0 ], [ 73.3117855, 19.8745865, 0.0 ], [ 73.3116406, 19.8748394, 0.0 ], [ 73.3115432, 19.8749357, 0.0 ], [ 73.3112817, 19.8751941, 0.0 ], [ 73.3109186, 19.875413, 0.0 ], [ 73.3107246, 19.8754881, 0.0 ], [ 73.3104366, 19.8754443, 0.0 ], [ 73.3101988, 19.8753129, 0.0 ], [ 73.3099797, 19.8752003, 0.0 ], [ 73.3097543, 19.875119, 0.0 ], [ 73.3094539, 19.8750877, 0.0 ], [ 73.3092223, 19.8751566, 0.0 ], [ 73.3090782, 19.8752691, 0.0 ], [ 73.308936, 19.8753243, 0.0 ], [ 73.3086589, 19.8754318, 0.0 ], [ 73.308446, 19.8754506, 0.0 ], [ 73.3075171, 19.875338, 0.0 ], [ 73.3071649, 19.8753133, 0.0 ], [ 73.3068035, 19.8752879, 0.0 ], [ 73.3059647, 19.8754693, 0.0 ], [ 73.3053765, 19.8754615, 0.0 ], [ 73.3051394, 19.8754583, 0.0 ], [ 73.3050728, 19.8754574, 0.0 ], [ 73.3045914, 19.8755153, 0.0 ], [ 73.3042402, 19.8755575, 0.0 ], [ 73.3038083, 19.8757326, 0.0 ], [ 73.3033317, 19.8760592, 0.0 ], [ 73.303151, 19.876183, 0.0 ], [ 73.302813, 19.8762831, 0.0 ], [ 73.3025188, 19.8762831, 0.0 ], [ 73.2998639, 19.8758484, 0.0 ], [ 73.2993433, 19.8760185, 0.0 ], [ 73.2992389, 19.8761689, 0.0 ], [ 73.2990029, 19.8765086, 0.0 ], [ 73.2986225, 19.8769688, 0.0 ], [ 73.2982421, 19.8773389, 0.0 ], [ 73.2979919, 19.8777891, 0.0 ], [ 73.2978517, 19.8781392, 0.0 ], [ 73.2972803, 19.8793243, 0.0 ], [ 73.2967497, 19.8797244, 0.0 ], [ 73.2957786, 19.8798045, 0.0 ], [ 73.2956892, 19.8798045, 0.0 ], [ 73.2954082, 19.8798045, 0.0 ], [ 73.2947275, 19.8800346, 0.0 ], [ 73.2938966, 19.8801546, 0.0 ], [ 73.2929029, 19.8801834, 0.0 ], [ 73.2924612, 19.8803452, 0.0 ], [ 73.2923546, 19.8803477, 0.0 ], [ 73.2922505, 19.8803186, 0.0 ], [ 73.2921342, 19.8802412, 0.0 ], [ 73.2920499, 19.8800788, 0.0 ], [ 73.292026, 19.8800358, 0.0 ], [ 73.2920012, 19.8800193, 0.0 ], [ 73.291924, 19.8800193, 0.0 ], [ 73.2917089, 19.8800858, 0.0 ], [ 73.2910385, 19.8801813, 0.0 ], [ 73.2900021, 19.8803219, 0.0 ], [ 73.2899171, 19.8803409, 0.0 ], [ 73.2897281, 19.880383, 0.0 ], [ 73.2896688, 19.8803963, 0.0 ], [ 73.289504, 19.880433, 0.0 ], [ 73.289376, 19.8805025, 0.0 ], [ 73.2892431, 19.8806108, 0.0 ], [ 73.2884477, 19.8815662, 0.0 ], [ 73.2883903, 19.8817384, 0.0 ], [ 73.2884118, 19.8819249, 0.0 ], [ 73.2885339, 19.8826708, 0.0 ], [ 73.2884334, 19.8833163, 0.0 ], [ 73.2882251, 19.8836893, 0.0 ], [ 73.2878517, 19.883926, 0.0 ], [ 73.2875429, 19.8839977, 0.0 ], [ 73.2873656, 19.8839676, 0.0 ], [ 73.2872054, 19.8839404, 0.0 ], [ 73.2868962, 19.8836982, 0.0 ], [ 73.2867228, 19.8834704, 0.0 ], [ 73.2865951, 19.8832972, 0.0 ], [ 73.2865403, 19.8822766, 0.0 ], [ 73.2866954, 19.88063, 0.0 ], [ 73.2867228, 19.8801743, 0.0 ], [ 73.2869874, 19.8794179, 0.0 ], [ 73.2874254, 19.8784975, 0.0 ], [ 73.2874983, 19.8779143, 0.0 ], [ 73.2873889, 19.8777594, 0.0 ], [ 73.2870624, 19.8777326, 0.0 ], [ 73.2867228, 19.8777047, 0.0 ], [ 73.2851991, 19.8783062, 0.0 ], [ 73.2839491, 19.8788712, 0.0 ], [ 73.2831005, 19.8793177, 0.0 ], [ 73.2828255, 19.879924, 0.0 ], [ 73.282789, 19.8815552, 0.0 ], [ 73.2828139, 19.8820947, 0.0 ], [ 73.2828696, 19.8833002, 0.0 ], [ 73.282647, 19.8839215, 0.0 ], [ 73.2824872, 19.8842464, 0.0 ], [ 73.282259, 19.884406, 0.0 ], [ 73.2818937, 19.8844459, 0.0 ], [ 73.2817128, 19.8844294, 0.0 ], [ 73.2815799, 19.8844174, 0.0 ], [ 73.2813288, 19.8842806, 0.0 ], [ 73.2811176, 19.8840811, 0.0 ], [ 73.2806652, 19.882914, 0.0 ], [ 73.2805927, 19.8821174, 0.0 ], [ 73.2805913, 19.8814517, 0.0 ], [ 73.2805895, 19.8805953, 0.0 ], [ 73.2807142, 19.8799669, 0.0 ], [ 73.2807917, 19.8794247, 0.0 ], [ 73.2808499, 19.8789405, 0.0 ], [ 73.2808434, 19.8781852, 0.0 ], [ 73.2808301, 19.8781364, 0.0 ], [ 73.2807852, 19.8779722, 0.0 ], [ 73.2804168, 19.8778625, 0.0 ], [ 73.2800614, 19.877856, 0.0 ], [ 73.2795766, 19.8780561, 0.0 ], [ 73.2786718, 19.8786436, 0.0 ], [ 73.2780966, 19.8789341, 0.0 ], [ 73.2779477, 19.8789615, 0.0 ], [ 73.2776765, 19.8790115, 0.0 ], [ 73.277153, 19.8789922, 0.0 ], [ 73.2771018, 19.8789698, 0.0 ], [ 73.2767975, 19.8788372, 0.0 ], [ 73.2764592, 19.8784417, 0.0 ], [ 73.2762032, 19.8780892, 0.0 ], [ 73.2761513, 19.8780178, 0.0 ], [ 73.275771, 19.8774942, 0.0 ], [ 73.2754455, 19.8772249, 0.0 ], [ 73.2751572, 19.8771691, 0.0 ], [ 73.2749898, 19.8771784, 0.0 ], [ 73.2745247, 19.8775221, 0.0 ], [ 73.2740411, 19.8778844, 0.0 ], [ 73.2736319, 19.8779401, 0.0 ], [ 73.2733614, 19.8778726, 0.0 ], [ 73.2732599, 19.8778472, 0.0 ], [ 73.2729995, 19.8776336, 0.0 ], [ 73.2728118, 19.8770073, 0.0 ], [ 73.2728211, 19.8765708, 0.0 ], [ 73.2728955, 19.8761156, 0.0 ], [ 73.2732024, 19.875326, 0.0 ], [ 73.2732489, 19.8750473, 0.0 ], [ 73.2730443, 19.8748801, 0.0 ], [ 73.272756, 19.8747965, 0.0 ], [ 73.2724305, 19.874843, 0.0 ], [ 73.2718073, 19.8753539, 0.0 ], [ 73.2717567, 19.8754139, 0.0 ], [ 73.2705757, 19.876813, 0.0 ], [ 73.2696178, 19.8776398, 0.0 ], [ 73.2689853, 19.8778441, 0.0 ], [ 73.2686412, 19.8778163, 0.0 ], [ 73.2681855, 19.8775469, 0.0 ], [ 73.267488, 19.8767666, 0.0 ], [ 73.2670322, 19.8756148, 0.0 ], [ 73.26653, 19.8750202, 0.0 ], [ 73.2661177, 19.874807, 0.0 ], [ 73.2657921, 19.8748813, 0.0 ], [ 73.2651597, 19.8752993, 0.0 ], [ 73.2646203, 19.8758845, 0.0 ], [ 73.264146, 19.8766834, 0.0 ], [ 73.2639846, 19.8773076, 0.0 ], [ 73.2636601, 19.8785633, 0.0 ], [ 73.2633904, 19.8790185, 0.0 ], [ 73.2629068, 19.8792786, 0.0 ], [ 73.2624045, 19.8793157, 0.0 ], [ 73.262079, 19.8791578, 0.0 ], [ 73.261893, 19.8788698, 0.0 ], [ 73.2618744, 19.8784704, 0.0 ], [ 73.2619116, 19.877783, 0.0 ], [ 73.262152, 19.8770081, 0.0 ], [ 73.2626449, 19.8760513, 0.0 ], [ 73.2630262, 19.8753732, 0.0 ], [ 73.2630541, 19.8750295, 0.0 ], [ 73.2629611, 19.8746858, 0.0 ], [ 73.26271, 19.8743886, 0.0 ], [ 73.2623194, 19.8741099, 0.0 ], [ 73.2616591, 19.8740634, 0.0 ], [ 73.2613335, 19.8741656, 0.0 ], [ 73.2606732, 19.874565, 0.0 ], [ 73.2597897, 19.875206, 0.0 ], [ 73.2589712, 19.8760327, 0.0 ], [ 73.2585899, 19.8765808, 0.0 ], [ 73.2583096, 19.8772234, 0.0 ], [ 73.2579551, 19.878036, 0.0 ], [ 73.2577133, 19.8785376, 0.0 ], [ 73.2567367, 19.8794665, 0.0 ], [ 73.2562066, 19.8798288, 0.0 ], [ 73.2556114, 19.8799588, 0.0 ], [ 73.2544767, 19.8798845, 0.0 ], [ 73.2539351, 19.8797154, 0.0 ], [ 73.2538815, 19.8796987, 0.0 ], [ 73.2536118, 19.8795129, 0.0 ], [ 73.2534909, 19.8793179, 0.0 ], [ 73.2534165, 19.8789277, 0.0 ], [ 73.253556, 19.8785004, 0.0 ], [ 73.2542548, 19.8776675, 0.0 ], [ 73.2550453, 19.8767386, 0.0 ], [ 73.2555475, 19.8757911, 0.0 ], [ 73.2559107, 19.8747075, 0.0 ], [ 73.2561711, 19.8734535, 0.0 ], [ 73.2562642, 19.8724096, 0.0 ], [ 73.2562456, 19.8719637, 0.0 ], [ 73.2560968, 19.8715642, 0.0 ], [ 73.255473, 19.8704087, 0.0 ], [ 73.2548778, 19.8694612, 0.0 ], [ 73.2540349, 19.8683346, 0.0 ] ] } },
{ "type": "Feature", "properties": { "objectid": 22967, "rivname": "Sikni N", "rilcode": null, "st_length_": 17.2629, "bacode": 14, "ba_name": "West flowing rivers from Tapi to Tadri", "sub_basin": "Bhatsol and others", "remarks": null }, "geometry": { "type": "LineString", "coordinates": [ [ 72.9058783, 19.5947721, 0.0 ], [ 72.9070565, 19.5943664, 0.0 ], [ 72.9085004, 19.5936, 0.0 ], [ 72.9096221, 19.5929444, 0.0 ], [ 72.9101764, 19.5929105, 0.0 ], [ 72.9109245, 19.5929483, 0.0 ], [ 72.9112817, 19.5925577, 0.0 ], [ 72.911696, 19.5919601, 0.0 ], [ 72.9119831, 19.5914956, 0.0 ], [ 72.9122669, 19.5909724, 0.0 ], [ 72.912397, 19.5907082, 0.0 ], [ 72.9127252, 19.5903306, 0.0 ], [ 72.9132364, 19.5898752, 0.0 ], [ 72.9135661, 19.5894296, 0.0 ], [ 72.9138835, 19.589106, 0.0 ], [ 72.9139331, 19.5890256, 0.0 ], [ 72.9139389, 19.5889805, 0.0 ], [ 72.9139836, 19.5889, 0.0 ], [ 72.9143621, 19.5884058, 0.0 ], [ 72.9144491, 19.5881453, 0.0 ], [ 72.9146309, 19.5879139, 0.0 ], [ 72.914852, 19.5874209, 0.0 ], [ 72.9148947, 19.5872183, 0.0 ], [ 72.9149146, 19.58697, 0.0 ], [ 72.9149566, 19.5867991, 0.0 ], [ 72.9149676, 19.5865234, 0.0 ], [ 72.9149575, 19.5861253, 0.0 ], [ 72.9148809, 19.5857168, 0.0 ], [ 72.9148611, 19.5855356, 0.0 ], [ 72.9148435, 19.5852593, 0.0 ], [ 72.9148307, 19.5849832, 0.0 ], [ 72.9148446, 19.5845766, 0.0 ], [ 72.9149475, 19.5838191, 0.0 ], [ 72.9149904, 19.5836119, 0.0 ], [ 72.9149484, 19.5827248, 0.0 ], [ 72.9148856, 19.5823346, 0.0 ], [ 72.9146371, 19.5812986, 0.0 ], [ 72.9146114, 19.5809589, 0.0 ], [ 72.9146787, 19.5796671, 0.0 ], [ 72.9146742, 19.5792284, 0.0 ], [ 72.9145889, 19.5787835, 0.0 ], [ 72.9145882, 19.5783901, 0.0 ], [ 72.9147742, 19.5779733, 0.0 ], [ 72.9154261, 19.5771997, 0.0 ], [ 72.9161552, 19.5766041, 0.0 ], [ 72.9163322, 19.5763725, 0.0 ], [ 72.9165465, 19.5759654, 0.0 ], [ 72.916835, 19.5750172, 0.0 ], [ 72.9174244, 19.57469, 0.0 ], [ 72.9178455, 19.5742101, 0.0 ], [ 72.9178733, 19.5740343, 0.0 ], [ 72.9178622, 19.5738939, 0.0 ], [ 72.9178229, 19.5737303, 0.0 ], [ 72.9177414, 19.5735388, 0.0 ], [ 72.9177108, 19.5734161, 0.0 ], [ 72.9175317, 19.573105, 0.0 ], [ 72.9174328, 19.5728361, 0.0 ], [ 72.9173899, 19.5726273, 0.0 ], [ 72.9173273, 19.5724407, 0.0 ], [ 72.9173322, 19.5722237, 0.0 ], [ 72.9176272, 19.5716238, 0.0 ], [ 72.9177655, 19.5714095, 0.0 ], [ 72.9177863, 19.5713376, 0.0 ], [ 72.9179567, 19.5709702, 0.0 ], [ 72.9180135, 19.5707815, 0.0 ], [ 72.9180348, 19.5704699, 0.0 ], [ 72.9181046, 19.5701231, 0.0 ], [ 72.9181958, 19.5698899, 0.0 ], [ 72.9183088, 19.5697429, 0.0 ], [ 72.9184425, 19.569524, 0.0 ], [ 72.918682, 19.5692712, 0.0 ], [ 72.918947, 19.5689464, 0.0 ], [ 72.9190589, 19.5688447, 0.0 ], [ 72.9190773, 19.5686642, 0.0 ], [ 72.9191182, 19.5685429, 0.0 ], [ 72.9191242, 19.5684888, 0.0 ], [ 72.9191309, 19.568403, 0.0 ], [ 72.9189901, 19.5680926, 0.0 ], [ 72.9186135, 19.5676555, 0.0 ], [ 72.9181065, 19.5672925, 0.0 ], [ 72.9179194, 19.5671259, 0.0 ], [ 72.9178346, 19.567079, 0.0 ], [ 72.9177136, 19.5669454, 0.0 ], [ 72.9175944, 19.5667304, 0.0 ], [ 72.9175245, 19.5666567, 0.0 ], [ 72.9172926, 19.56615, 0.0 ], [ 72.917113, 19.5658661, 0.0 ], [ 72.9170526, 19.5657971, 0.0 ], [ 72.917026, 19.5657061, 0.0 ], [ 72.9169238, 19.5655864, 0.0 ], [ 72.9168417, 19.5654175, 0.0 ], [ 72.9166142, 19.565137, 0.0 ], [ 72.9163253, 19.5648372, 0.0 ], [ 72.9161534, 19.5646303, 0.0 ], [ 72.9160508, 19.5645287, 0.0 ], [ 72.9159777, 19.5643826, 0.0 ], [ 72.9159475, 19.5642418, 0.0 ], [ 72.915893, 19.5641186, 0.0 ], [ 72.9158663, 19.5638241, 0.0 ], [ 72.9158949, 19.5634041, 0.0 ], [ 72.9159113, 19.5633096, 0.0 ], [ 72.9159417, 19.5632311, 0.0 ], [ 72.915972, 19.5631525, 0.0 ], [ 72.916061, 19.5630186, 0.0 ], [ 72.9163175, 19.5624315, 0.0 ], [ 72.916402, 19.5620669, 0.0 ], [ 72.9164316, 19.5616017, 0.0 ], [ 72.9163995, 19.5615468, 0.0 ], [ 72.9163914, 19.5612709, 0.0 ], [ 72.9164344, 19.5610547, 0.0 ], [ 72.9165295, 19.5608576, 0.0 ], [ 72.9166864, 19.5606664, 0.0 ], [ 72.9168463, 19.5605611, 0.0 ], [ 72.9171263, 19.560413, 0.0 ], [ 72.9172581, 19.5602756, 0.0 ], [ 72.9172811, 19.5601041, 0.0 ], [ 72.917101, 19.5597129, 0.0 ], [ 72.9168431, 19.5594724, 0.0 ], [ 72.9165164, 19.5591118, 0.0 ], [ 72.9162585, 19.5587167, 0.0 ], [ 72.9158803, 19.5582702, 0.0 ], [ 72.915588, 19.5581843, 0.0 ], [ 72.9153854, 19.5580494, 0.0 ], [ 72.9152785, 19.5579783, 0.0 ], [ 72.9150722, 19.5577206, 0.0 ], [ 72.9149347, 19.5574802, 0.0 ], [ 72.9147799, 19.5572398, 0.0 ], [ 72.9147424, 19.5567984, 0.0 ], [ 72.9146564, 19.5564549, 0.0 ], [ 72.9147209, 19.5563607, 0.0 ], [ 72.9148799, 19.5561286, 0.0 ], [ 72.9150862, 19.5558882, 0.0 ], [ 72.9153785, 19.5557164, 0.0 ], [ 72.9156364, 19.555476, 0.0 ], [ 72.9157052, 19.5551669, 0.0 ], [ 72.915688, 19.5549093, 0.0 ], [ 72.9154989, 19.5545142, 0.0 ], [ 72.9153817, 19.5542801, 0.0 ], [ 72.9153269, 19.5541708, 0.0 ], [ 72.9152874, 19.5541312, 0.0 ], [ 72.9150175, 19.5538616, 0.0 ], [ 72.9146736, 19.5535353, 0.0 ], [ 72.9145532, 19.5533979, 0.0 ], [ 72.9145532, 19.5530544, 0.0 ], [ 72.9146564, 19.5526079, 0.0 ], [ 72.9151206, 19.5517664, 0.0 ], [ 72.9154129, 19.5514572, 0.0 ], [ 72.9154817, 19.5510966, 0.0 ], [ 72.915602, 19.5507531, 0.0 ], [ 72.915602, 19.5504783, 0.0 ], [ 72.9150689, 19.5497278, 0.0 ], [ 72.9150002, 19.5494702, 0.0 ], [ 72.9150861, 19.5492126, 0.0 ], [ 72.9152581, 19.5490065, 0.0 ], [ 72.9157808, 19.5488013, 0.0 ], [ 72.9162209, 19.5486286, 0.0 ], [ 72.917029, 19.547976, 0.0 ], [ 72.9171149, 19.5476669, 0.0 ], [ 72.9171149, 19.5473234, 0.0 ], [ 72.9170633, 19.5466364, 0.0 ], [ 72.917078, 19.5465118, 0.0 ], [ 72.9170977, 19.5463445, 0.0 ], [ 72.9172869, 19.546104, 0.0 ], [ 72.9176823, 19.5457434, 0.0 ], [ 72.917923, 19.5454514, 0.0 ], [ 72.9179746, 19.5452797, 0.0 ], [ 72.9179574, 19.5450392, 0.0 ], [ 72.9179058, 19.5448331, 0.0 ], [ 72.9177167, 19.5445068, 0.0 ], [ 72.9172012, 19.5439455, 0.0 ], [ 72.9171324, 19.5437223, 0.0 ], [ 72.917098, 19.5433273, 0.0 ], [ 72.9171152, 19.5430353, 0.0 ], [ 72.9173043, 19.5426575, 0.0 ], [ 72.9176138, 19.5424857, 0.0 ], [ 72.9178371, 19.5423283, 0.0 ], [ 72.9179061, 19.5422796, 0.0 ], [ 72.9182843, 19.5418331, 0.0 ], [ 72.9185594, 19.5414896, 0.0 ], [ 72.9188173, 19.5413007, 0.0 ], [ 72.9191809, 19.5410171, 0.0 ], [ 72.9193012, 19.5409656, 0.0 ], [ 72.9193184, 19.5408282, 0.0 ], [ 72.9191637, 19.5406908, 0.0 ], [ 72.918751, 19.5404332, 0.0 ], [ 72.9187038, 19.5403919, 0.0 ], [ 72.9184759, 19.5401927, 0.0 ], [ 72.9183384, 19.5399351, 0.0 ], [ 72.91839, 19.5396432, 0.0 ], [ 72.9185275, 19.5394027, 0.0 ], [ 72.9187854, 19.5390936, 0.0 ], [ 72.9190605, 19.5387158, 0.0 ], [ 72.9190777, 19.538441, 0.0 ], [ 72.9189573, 19.5380803, 0.0 ], [ 72.9188714, 19.5377196, 0.0 ], [ 72.9189058, 19.5373418, 0.0 ], [ 72.9190261, 19.5369983, 0.0 ], [ 72.9193012, 19.536569, 0.0 ], [ 72.9199374, 19.5351779, 0.0 ], [ 72.9199202, 19.5348172, 0.0 ], [ 72.9198837, 19.5347171, 0.0 ], [ 72.9197826, 19.5344394, 0.0 ], [ 72.9195247, 19.5341989, 0.0 ], [ 72.9192324, 19.5339413, 0.0 ], [ 72.9191858, 19.5338986, 0.0 ], [ 72.9190261, 19.5337524, 0.0 ], [ 72.9187338, 19.5334261, 0.0 ], [ 72.9181133, 19.5328522, 0.0 ], [ 72.9181133, 19.5327319, 0.0 ], [ 72.9181477, 19.5324572, 0.0 ], [ 72.9184399, 19.5319419, 0.0 ], [ 72.9183071, 19.5315483, 0.0 ], [ 72.9180779, 19.5308688, 0.0 ], [ 72.9179747, 19.5304566, 0.0 ], [ 72.9177512, 19.5301646, 0.0 ], [ 72.9174933, 19.5297181, 0.0 ], [ 72.9173042, 19.5293918, 0.0 ], [ 72.9171494, 19.5289109, 0.0 ], [ 72.9171479, 19.5288997, 0.0 ], [ 72.9170463, 19.5281724, 0.0 ], [ 72.9171279, 19.5276368, 0.0 ], [ 72.9171666, 19.5273824, 0.0 ], [ 72.9172698, 19.5269187, 0.0 ], [ 72.9172526, 19.5264035, 0.0 ], [ 72.9172526, 19.5260772, 0.0 ], [ 72.917287, 19.5256307, 0.0 ], [ 72.9174417, 19.52527, 0.0 ], [ 72.918062, 19.5243694, 0.0 ], [ 72.9186294, 19.5239744, 0.0 ], [ 72.9188701, 19.5237683, 0.0 ], [ 72.9191624, 19.5232875, 0.0 ], [ 72.9191624, 19.5229096, 0.0 ], [ 72.9190592, 19.5224974, 0.0 ], [ 72.9190592, 19.5221182, 0.0 ], [ 72.9190592, 19.5220853, 0.0 ], [ 72.9193343, 19.5214842, 0.0 ], [ 72.9194377, 19.5202872, 0.0 ], [ 72.9194549, 19.5198235, 0.0 ], [ 72.9193518, 19.5192224, 0.0 ], [ 72.9193346, 19.5185698, 0.0 ], [ 72.9193397, 19.5183413, 0.0 ], [ 72.9193518, 19.517797, 0.0 ], [ 72.9193002, 19.5172646, 0.0 ], [ 72.9191283, 19.5166291, 0.0 ], [ 72.9190107, 19.5159751, 0.0 ], [ 72.9190079, 19.5159594, 0.0 ], [ 72.918836, 19.5154098, 0.0 ], [ 72.9184749, 19.5147056, 0.0 ], [ 72.9178378, 19.5138358, 0.0 ], [ 72.9178035, 19.5134408, 0.0 ], [ 72.917941, 19.5132691, 0.0 ], [ 72.9183708, 19.5128569, 0.0 ], [ 72.9188351, 19.5125306, 0.0 ], [ 72.9209154, 19.5109162, 0.0 ], [ 72.9212593, 19.5104697, 0.0 ], [ 72.921586, 19.5100747, 0.0 ], [ 72.9217407, 19.5097312, 0.0 ], [ 72.9218095, 19.5093018, 0.0 ], [ 72.9219642, 19.508632, 0.0 ], [ 72.9218963, 19.5081733, 0.0 ], [ 72.92169, 19.5079329, 0.0 ], [ 72.9214837, 19.5077611, 0.0 ], [ 72.9212602, 19.5077096, 0.0 ], [ 72.9211054, 19.5076581, 0.0 ], [ 72.9209679, 19.5073318, 0.0 ], [ 72.9209335, 19.5068852, 0.0 ], [ 72.9209335, 19.5065729, 0.0 ], [ 72.9209335, 19.5064559, 0.0 ], [ 72.9210023, 19.5061983, 0.0 ], [ 72.9211742, 19.5058548, 0.0 ], [ 72.921329, 19.5054941, 0.0 ], [ 72.9214837, 19.5052537, 0.0 ], [ 72.9215181, 19.5048759, 0.0 ], [ 72.9214493, 19.5046354, 0.0 ], [ 72.9213117, 19.5044293, 0.0 ], [ 72.9211398, 19.5041545, 0.0 ], [ 72.9209163, 19.5039141, 0.0 ], [ 72.9206756, 19.5038626, 0.0 ], [ 72.9203833, 19.5039485, 0.0 ], [ 72.9199363, 19.5041717, 0.0 ], [ 72.919644, 19.5043778, 0.0 ], [ 72.9193712, 19.5044289, 0.0 ], [ 72.9193689, 19.5044293, 0.0 ], [ 72.9190594, 19.5043778, 0.0 ], [ 72.9188187, 19.5042919, 0.0 ], [ 72.9186812, 19.5041202, 0.0 ], [ 72.9185952, 19.5038798, 0.0 ], [ 72.9184921, 19.5035878, 0.0 ], [ 72.9185415, 19.5034725, 0.0 ], [ 72.9185952, 19.5033474, 0.0 ], [ 72.9188187, 19.5031584, 0.0 ], [ 72.9191798, 19.503021, 0.0 ], [ 72.9195065, 19.5027634, 0.0 ], [ 72.9198675, 19.50242, 0.0 ], [ 72.9203663, 19.5020326, 0.0 ], [ 72.921226, 19.5009507, 0.0 ], [ 72.9215871, 19.5006244, 0.0 ], [ 72.9221029, 19.5002294, 0.0 ], [ 72.9226015, 19.4998344, 0.0 ], [ 72.9229969, 19.4994393, 0.0 ], [ 72.9232204, 19.4991817, 0.0 ], [ 72.9234096, 19.4988726, 0.0 ], [ 72.9234611, 19.4986493, 0.0 ], [ 72.9235471, 19.4982715, 0.0 ], [ 72.9234783, 19.4979108, 0.0 ], [ 72.9234783, 19.4974471, 0.0 ], [ 72.923188, 19.4964586, 0.0 ], [ 72.9228785, 19.4960808, 0.0 ], [ 72.9226378, 19.4957373, 0.0 ], [ 72.9223112, 19.4953423, 0.0 ], [ 72.9220189, 19.495119, 0.0 ], [ 72.9211592, 19.4944149, 0.0 ], [ 72.9209013, 19.4941573, 0.0 ], [ 72.9203855, 19.4938653, 0.0 ], [ 72.9198525, 19.4938653, 0.0 ], [ 72.9196634, 19.4941744, 0.0 ], [ 72.9194915, 19.4944321, 0.0 ], [ 72.919182, 19.4952221, 0.0 ], [ 72.9190616, 19.4954969, 0.0 ], [ 72.9188553, 19.4957373, 0.0 ], [ 72.9187006, 19.4958403, 0.0 ], [ 72.9183911, 19.4958919, 0.0 ], [ 72.9180472, 19.4958919, 0.0 ], [ 72.9177034, 19.4958747, 0.0 ], [ 72.9174627, 19.4957888, 0.0 ], [ 72.9172735, 19.4956686, 0.0 ], [ 72.9170157, 19.4953938, 0.0 ], [ 72.9168609, 19.4951019, 0.0 ], [ 72.9166718, 19.494621, 0.0 ], [ 72.916689, 19.4943805, 0.0 ], [ 72.916689, 19.4939512, 0.0 ], [ 72.9167577, 19.4934875, 0.0 ], [ 72.9170157, 19.4931096, 0.0 ], [ 72.9176002, 19.4925257, 0.0 ], [ 72.9179772, 19.491968, 0.0 ], [ 72.9180975, 19.4915902, 0.0 ], [ 72.9180975, 19.4913154, 0.0 ], [ 72.9180288, 19.4909891, 0.0 ], [ 72.9178396, 19.4907658, 0.0 ], [ 72.9175645, 19.4905941, 0.0 ], [ 72.9171003, 19.4902506, 0.0 ], [ 72.9161031, 19.4898041, 0.0 ], [ 72.9154841, 19.4897182, 0.0 ], [ 72.9151231, 19.4896495, 0.0 ], [ 72.9148652, 19.4894262, 0.0 ], [ 72.9146245, 19.4893232, 0.0 ], [ 72.9143838, 19.4893919, 0.0 ], [ 72.9142119, 19.4895465, 0.0 ], [ 72.9140743, 19.4898728, 0.0 ], [ 72.9140399, 19.4903365, 0.0 ], [ 72.9138164, 19.4911608, 0.0 ], [ 72.9138164, 19.491573, 0.0 ], [ 72.9138336, 19.4920882, 0.0 ], [ 72.9139024, 19.4925519, 0.0 ], [ 72.9139196, 19.4928439, 0.0 ], [ 72.9137992, 19.4930843, 0.0 ], [ 72.913696, 19.4932561, 0.0 ], [ 72.9135757, 19.4934107, 0.0 ], [ 72.9134209, 19.4934794, 0.0 ], [ 72.9132146, 19.4934622, 0.0 ], [ 72.9130083, 19.4934107, 0.0 ], [ 72.9128364, 19.4932733, 0.0 ], [ 72.9126645, 19.4931359, 0.0 ], [ 72.9125441, 19.4928611, 0.0 ], [ 72.9125441, 19.4925004, 0.0 ], [ 72.9125097, 19.4921054, 0.0 ], [ 72.9124753, 19.4917963, 0.0 ], [ 72.9123894, 19.4915387, 0.0 ], [ 72.9122002, 19.4912124, 0.0 ], [ 72.9120111, 19.4910063, 0.0 ], [ 72.9118048, 19.4909376, 0.0 ], [ 72.91165, 19.4909204, 0.0 ], [ 72.91121, 19.4908552, 0.0 ] ] } },
{ "type": "Feature", "properties": { "objectid": 23998, "rivname": "Suseri N", "rilcode": null, "st_length_": 28.0933, "bacode": 14, "ba_name": "West flowing rivers from Tapi to Tadri", "sub_basin": "Bhatsol and others", "remarks": null }, "geometry": { "type": "LineString", "coordinates": [ [ 72.9321245, 20.0070812, 0.0 ], [ 72.9316489, 20.0065382, 0.0 ], [ 72.9312538, 20.0060284, 0.0 ], [ 72.9310242, 20.0058203, 0.0 ], [ 72.9303054, 20.0050328, 0.0 ], [ 72.9298032, 20.0046067, 0.0 ], [ 72.9292909, 20.0039997, 0.0 ], [ 72.9288977, 20.0036164, 0.0 ], [ 72.9287021, 20.0033819, 0.0 ], [ 72.9286561, 20.0028792, 0.0 ], [ 72.928555, 20.0024839, 0.0 ], [ 72.9282365, 20.0019711, 0.0 ], [ 72.9278492, 20.0015429, 0.0 ], [ 72.9269164, 20.0007058, 0.0 ], [ 72.9266607, 20.0005921, 0.0 ], [ 72.9265324, 20.0005579, 0.0 ], [ 72.9263092, 20.0004856, 0.0 ], [ 72.9260618, 20.0004263, 0.0 ], [ 72.9257796, 20.0004251, 0.0 ], [ 72.9254209, 20.000427, 0.0 ], [ 72.9251226, 20.0002943, 0.0 ], [ 72.9247577, 20.0001469, 0.0 ], [ 72.9246209, 20.0000627, 0.0 ], [ 72.9245761, 20.0000007, 0.0 ], [ 72.9245514, 19.9999664, 0.0 ], [ 72.9245157, 19.9998481, 0.0 ], [ 72.924452, 19.9994942, 0.0 ], [ 72.924409, 19.9992809, 0.0 ], [ 72.924327, 19.9990984, 0.0 ], [ 72.9242148, 19.9989831, 0.0 ], [ 72.9240104, 19.9989292, 0.0 ], [ 72.9235372, 19.9989197, 0.0 ], [ 72.9231694, 19.9988986, 0.0 ], [ 72.9228646, 19.9988428, 0.0 ], [ 72.9226423, 19.9987298, 0.0 ], [ 72.9223824, 19.9985934, 0.0 ], [ 72.9222154, 19.998364, 0.0 ], [ 72.9220322, 19.9980032, 0.0 ], [ 72.9218139, 19.9977185, 0.0 ], [ 72.9215815, 19.9976279, 0.0 ], [ 72.9213055, 19.9975681, 0.0 ], [ 72.9209342, 19.9974928, 0.0 ], [ 72.9204184, 19.9974597, 0.0 ], [ 72.920203, 19.9974689, 0.0 ], [ 72.9198719, 19.997521, 0.0 ], [ 72.9197457, 19.9971794, 0.0 ], [ 72.919676, 19.9970876, 0.0 ], [ 72.9195294, 19.9970123, 0.0 ], [ 72.9193055, 19.9969716, 0.0 ], [ 72.9192401, 19.996907, 0.0 ], [ 72.919157, 19.9967742, 0.0 ], [ 72.9190819, 19.9967094, 0.0 ], [ 72.918968, 19.996671, 0.0 ], [ 72.9187576, 19.9966712, 0.0 ], [ 72.9186057, 19.9966184, 0.0 ], [ 72.9184503, 19.9965113, 0.0 ], [ 72.9183387, 19.9963734, 0.0 ], [ 72.9182159, 19.9960906, 0.0 ], [ 72.9180447, 19.995626, 0.0 ], [ 72.9178998, 19.9952659, 0.0 ], [ 72.917752, 19.995037, 0.0 ], [ 72.9175037, 19.9948059, 0.0 ], [ 72.9171696, 19.9945641, 0.0 ], [ 72.9168862, 19.9944091, 0.0 ], [ 72.9164982, 19.994225, 0.0 ], [ 72.9161366, 19.9939282, 0.0 ], [ 72.916177, 19.9936428, 0.0 ], [ 72.9161482, 19.993499, 0.0 ], [ 72.9161338, 19.9933552, 0.0 ], [ 72.9162922, 19.9931108, 0.0 ], [ 72.9164217, 19.9928663, 0.0 ], [ 72.9165657, 19.9925787, 0.0 ], [ 72.9167384, 19.9922911, 0.0 ], [ 72.9168392, 19.9920035, 0.0 ], [ 72.9168968, 19.9917159, 0.0 ], [ 72.9169112, 19.9913996, 0.0 ], [ 72.9168536, 19.9909538, 0.0 ], [ 72.9166665, 19.9906806, 0.0 ], [ 72.9164074, 19.9903642, 0.0 ], [ 72.9161914, 19.9900623, 0.0 ], [ 72.9157299, 19.9893789, 0.0 ], [ 72.9156435, 19.9891201, 0.0 ], [ 72.9157731, 19.9888181, 0.0 ], [ 72.9159027, 19.9885736, 0.0 ], [ 72.9159459, 19.9880991, 0.0 ], [ 72.9158307, 19.9877396, 0.0 ], [ 72.9157443, 19.9874376, 0.0 ], [ 72.9157155, 19.9871357, 0.0 ], [ 72.9155284, 19.9869344, 0.0 ], [ 72.9155178, 19.98692, 0.0 ], [ 72.9153268, 19.9866611, 0.0 ], [ 72.9151829, 19.9863592, 0.0 ], [ 72.9151109, 19.986086, 0.0 ], [ 72.9150965, 19.985784, 0.0 ], [ 72.9150529, 19.9853143, 0.0 ], [ 72.9151105, 19.9851274, 0.0 ], [ 72.9152401, 19.9848686, 0.0 ], [ 72.915312, 19.9846097, 0.0 ], [ 72.9153264, 19.9842646, 0.0 ], [ 72.9153264, 19.9837613, 0.0 ], [ 72.9152689, 19.9834737, 0.0 ], [ 72.9151825, 19.9833099, 0.0 ], [ 72.9151249, 19.9832005, 0.0 ], [ 72.9148802, 19.9829561, 0.0 ], [ 72.9146066, 19.9827404, 0.0 ], [ 72.914218, 19.9826109, 0.0 ], [ 72.9138005, 19.9822946, 0.0 ], [ 72.9137141, 19.9821364, 0.0 ], [ 72.9137141, 19.9819782, 0.0 ], [ 72.9137717, 19.9818776, 0.0 ], [ 72.914146, 19.9818344, 0.0 ], [ 72.9144771, 19.9817769, 0.0 ], [ 72.9145779, 19.9816331, 0.0 ], [ 72.9146498, 19.9814174, 0.0 ], [ 72.9149377, 19.9812161, 0.0 ], [ 72.9150817, 19.9811155, 0.0 ], [ 72.9151825, 19.9809141, 0.0 ], [ 72.9152689, 19.9805978, 0.0 ], [ 72.9151967, 19.9801894, 0.0 ], [ 72.9150672, 19.9799737, 0.0 ], [ 72.9148368, 19.9797436, 0.0 ], [ 72.9145489, 19.9794704, 0.0 ], [ 72.914261, 19.9792116, 0.0 ], [ 72.9138147, 19.9788664, 0.0 ], [ 72.9134836, 19.9785213, 0.0 ], [ 72.9131669, 19.9782625, 0.0 ], [ 72.9129222, 19.9781043, 0.0 ], [ 72.9125623, 19.9779461, 0.0 ], [ 72.912404, 19.977788, 0.0 ], [ 72.9123969, 19.9777278, 0.0 ], [ 72.9123752, 19.9775435, 0.0 ], [ 72.9123752, 19.9772559, 0.0 ], [ 72.9126619, 19.9765416, 0.0 ], [ 72.9127339, 19.976254, 0.0 ], [ 72.9127195, 19.9760671, 0.0 ], [ 72.9125756, 19.9758082, 0.0 ], [ 72.9123596, 19.9754631, 0.0 ], [ 72.9117838, 19.9750749, 0.0 ], [ 72.9113663, 19.9747873, 0.0 ], [ 72.9110065, 19.9745716, 0.0 ], [ 72.9106178, 19.9743271, 0.0 ], [ 72.9102291, 19.9740683, 0.0 ], [ 72.9099988, 19.9738095, 0.0 ], [ 72.9098692, 19.9734212, 0.0 ], [ 72.9099268, 19.9732774, 0.0 ], [ 72.9100995, 19.9730617, 0.0 ], [ 72.9103438, 19.9729739, 0.0 ], [ 72.9104594, 19.9729323, 0.0 ], [ 72.9107617, 19.9727454, 0.0 ], [ 72.9109489, 19.9722996, 0.0 ], [ 72.9111346, 19.9720186, 0.0 ], [ 72.9111058, 19.9717885, 0.0 ], [ 72.9110482, 19.9716447, 0.0 ], [ 72.9109619, 19.9714146, 0.0 ], [ 72.9108179, 19.9712133, 0.0 ], [ 72.910602, 19.9709689, 0.0 ], [ 72.9103356, 19.9707905, 0.0 ], [ 72.9097533, 19.9709514, 0.0 ], [ 72.9096418, 19.9709637, 0.0 ], [ 72.9095179, 19.9709142, 0.0 ], [ 72.909394, 19.9707905, 0.0 ], [ 72.9092825, 19.9704935, 0.0 ], [ 72.9092206, 19.9702831, 0.0 ], [ 72.9092082, 19.9699613, 0.0 ], [ 72.9091834, 19.9696643, 0.0 ], [ 72.909171, 19.9694416, 0.0 ], [ 72.9090575, 19.9688671, 0.0 ], [ 72.9089956, 19.968533, 0.0 ], [ 72.9089956, 19.9681617, 0.0 ], [ 72.9090699, 19.9679142, 0.0 ], [ 72.909107, 19.9677409, 0.0 ], [ 72.9091194, 19.9674811, 0.0 ], [ 72.9090575, 19.9672707, 0.0 ], [ 72.9089584, 19.9670232, 0.0 ], [ 72.908884, 19.9667261, 0.0 ], [ 72.9088707, 19.9661728, 0.0 ], [ 72.9089698, 19.9658881, 0.0 ], [ 72.9090194, 19.9656406, 0.0 ], [ 72.9090441, 19.9654797, 0.0 ], [ 72.9090318, 19.9652817, 0.0 ], [ 72.9090194, 19.9650342, 0.0 ], [ 72.9089574, 19.9648981, 0.0 ], [ 72.908722, 19.9648362, 0.0 ], [ 72.908499, 19.9648115, 0.0 ], [ 72.9083008, 19.9647991, 0.0 ], [ 72.9081769, 19.9647001, 0.0 ], [ 72.9080902, 19.9644897, 0.0 ], [ 72.908115, 19.9641679, 0.0 ], [ 72.9081397, 19.9639081, 0.0 ], [ 72.9082017, 19.9636358, 0.0 ], [ 72.908276, 19.9634254, 0.0 ], [ 72.9087716, 19.962126, 0.0 ], [ 72.9089079, 19.9617918, 0.0 ], [ 72.9090443, 19.9610523, 0.0 ], [ 72.9090691, 19.9607553, 0.0 ], [ 72.9090567, 19.9604335, 0.0 ], [ 72.9090072, 19.9601984, 0.0 ], [ 72.9088337, 19.9599138, 0.0 ], [ 72.9086107, 19.9596415, 0.0 ], [ 72.9081895, 19.9593692, 0.0 ], [ 72.9080656, 19.9592207, 0.0 ], [ 72.9079541, 19.9590475, 0.0 ], [ 72.9079293, 19.9588618, 0.0 ], [ 72.9080036, 19.9585277, 0.0 ], [ 72.9080408, 19.9582431, 0.0 ], [ 72.9082143, 19.9573892, 0.0 ], [ 72.908301, 19.9570921, 0.0 ], [ 72.9082877, 19.9564938, 0.0 ], [ 72.9082381, 19.9562587, 0.0 ], [ 72.9080894, 19.9560236, 0.0 ], [ 72.9079779, 19.9559122, 0.0 ], [ 72.9077549, 19.9558751, 0.0 ], [ 72.9074452, 19.9559122, 0.0 ], [ 72.9072346, 19.9558998, 0.0 ], [ 72.906962, 19.9557884, 0.0 ], [ 72.9067266, 19.9557389, 0.0 ], [ 72.9064912, 19.9557389, 0.0 ], [ 72.9062558, 19.9558255, 0.0 ], [ 72.9060204, 19.9559617, 0.0 ], [ 72.9058346, 19.9561226, 0.0 ], [ 72.9056735, 19.9563329, 0.0 ], [ 72.9053638, 19.9565433, 0.0 ], [ 72.9051284, 19.9567042, 0.0 ], [ 72.9047443, 19.9568156, 0.0 ], [ 72.9044966, 19.9568775, 0.0 ], [ 72.904224, 19.9568651, 0.0 ], [ 72.9040258, 19.9568032, 0.0 ], [ 72.9038523, 19.9567166, 0.0 ], [ 72.903633, 19.9565288, 0.0 ], [ 72.9035922, 19.9564938, 0.0 ], [ 72.9034063, 19.9562711, 0.0 ], [ 72.9031709, 19.9560236, 0.0 ], [ 72.9031214, 19.9558008, 0.0 ], [ 72.903109, 19.9554667, 0.0 ], [ 72.9031214, 19.9551449, 0.0 ], [ 72.9031461, 19.9547736, 0.0 ], [ 72.9032453, 19.9545385, 0.0 ], [ 72.9039111, 19.9531947, 0.0 ], [ 72.9041465, 19.9524893, 0.0 ], [ 72.9041712, 19.9521799, 0.0 ], [ 72.9041712, 19.9519324, 0.0 ], [ 72.9042208, 19.9516601, 0.0 ], [ 72.9041836, 19.9514497, 0.0 ], [ 72.904035, 19.9512641, 0.0 ], [ 72.9038367, 19.9510908, 0.0 ], [ 72.9035518, 19.9509794, 0.0 ], [ 72.9034155, 19.9510413, 0.0 ], [ 72.9032792, 19.9511527, 0.0 ], [ 72.9030438, 19.951227, 0.0 ], [ 72.9025978, 19.951227, 0.0 ], [ 72.9022137, 19.9510413, 0.0 ], [ 72.9019536, 19.9507691, 0.0 ], [ 72.901369, 19.950019, 0.0 ], [ 72.9012079, 19.9497591, 0.0 ], [ 72.9010593, 19.9493135, 0.0 ], [ 72.9009106, 19.949066, 0.0 ], [ 72.9007248, 19.9488557, 0.0 ], [ 72.9004522, 19.9485834, 0.0 ], [ 72.9002044, 19.948274, 0.0 ], [ 72.9000668, 19.9480754, 0.0 ], [ 72.8999814, 19.9479522, 0.0 ], [ 72.8998575, 19.9477419, 0.0 ], [ 72.8996965, 19.9474077, 0.0 ], [ 72.8996221, 19.9472097, 0.0 ], [ 72.8994982, 19.9469993, 0.0 ], [ 72.8994611, 19.9467642, 0.0 ], [ 72.8994487, 19.9465291, 0.0 ], [ 72.8994858, 19.9462816, 0.0 ], [ 72.899546, 19.9440945, 0.0 ], [ 72.8995956, 19.943847, 0.0 ], [ 72.8997443, 19.9432901, 0.0 ], [ 72.8997319, 19.9430055, 0.0 ], [ 72.8996451, 19.9428199, 0.0 ], [ 72.8994841, 19.9426095, 0.0 ], [ 72.899385, 19.9423125, 0.0 ], [ 72.8993103, 19.9414777, 0.0 ], [ 72.8993103, 19.9412178, 0.0 ], [ 72.8992856, 19.9408218, 0.0 ], [ 72.8991864, 19.9406486, 0.0 ], [ 72.8989263, 19.940302, 0.0 ], [ 72.8987776, 19.9400793, 0.0 ], [ 72.8986413, 19.9396338, 0.0 ], [ 72.8986289, 19.9392377, 0.0 ], [ 72.8982701, 19.9379902, 0.0 ], [ 72.8981324, 19.9375112, 0.0 ], [ 72.8977973, 19.9363565, 0.0 ], [ 72.8976734, 19.9360842, 0.0 ], [ 72.8975124, 19.9357377, 0.0 ], [ 72.8974628, 19.9353046, 0.0 ], [ 72.8974628, 19.9348962, 0.0 ], [ 72.8974876, 19.9344754, 0.0 ], [ 72.8974876, 19.9342774, 0.0 ], [ 72.897438, 19.9340175, 0.0 ], [ 72.8973637, 19.9338071, 0.0 ], [ 72.8972522, 19.9334483, 0.0 ], [ 72.897128, 19.9326141, 0.0 ], [ 72.897128, 19.9323171, 0.0 ], [ 72.8971527, 19.932119, 0.0 ], [ 72.8975244, 19.9316859, 0.0 ], [ 72.8977103, 19.931525, 0.0 ], [ 72.89802, 19.9313146, 0.0 ], [ 72.8983297, 19.9310671, 0.0 ], [ 72.8986271, 19.9308815, 0.0 ], [ 72.8989634, 19.9304025, 0.0 ], [ 72.8990378, 19.9300684, 0.0 ], [ 72.8989882, 19.9298456, 0.0 ], [ 72.8988643, 19.9295857, 0.0 ], [ 72.8981953, 19.9290288, 0.0 ], [ 72.8978236, 19.9287937, 0.0 ], [ 72.8973281, 19.9285214, 0.0 ], [ 72.8969812, 19.9282368, 0.0 ], [ 72.8968449, 19.928014, 0.0 ], [ 72.8963983, 19.927406, 0.0 ], [ 72.8963239, 19.9271956, 0.0 ], [ 72.8963239, 19.9268739, 0.0 ], [ 72.896423, 19.926713, 0.0 ], [ 72.8966337, 19.9265521, 0.0 ], [ 72.8968938, 19.9264779, 0.0 ], [ 72.8971168, 19.926416, 0.0 ], [ 72.8972159, 19.9262675, 0.0 ], [ 72.8973894, 19.9260571, 0.0 ], [ 72.8975257, 19.9258591, 0.0 ], [ 72.897736, 19.9244913, 0.0 ], [ 72.897736, 19.9239715, 0.0 ], [ 72.8976895, 19.9236696, 0.0 ], [ 72.8976864, 19.9236498, 0.0 ], [ 72.897674, 19.9234641, 0.0 ], [ 72.8977607, 19.9232909, 0.0 ], [ 72.8979218, 19.9231548, 0.0 ], [ 72.8980457, 19.9229196, 0.0 ], [ 72.89812, 19.9226969, 0.0 ], [ 72.89812, 19.9223504, 0.0 ], [ 72.89812, 19.92214, 0.0 ], [ 72.8980085, 19.9219791, 0.0 ], [ 72.8978846, 19.921843, 0.0 ], [ 72.8974246, 19.9217263, 0.0 ], [ 72.8970653, 19.9217015, 0.0 ], [ 72.8968299, 19.9216396, 0.0 ], [ 72.8965574, 19.9216396, 0.0 ], [ 72.8962972, 19.9216396, 0.0 ], [ 72.895814, 19.9216396, 0.0 ], [ 72.8954423, 19.9216149, 0.0 ], [ 72.8948229, 19.9212931, 0.0 ], [ 72.8945255, 19.9211199, 0.0 ], [ 72.8943645, 19.9209095, 0.0 ], [ 72.8942158, 19.9206867, 0.0 ], [ 72.8940795, 19.9203278, 0.0 ], [ 72.8940671, 19.9199566, 0.0 ], [ 72.8940671, 19.9196596, 0.0 ], [ 72.8939928, 19.9193254, 0.0 ], [ 72.8939061, 19.9191893, 0.0 ], [ 72.8937202, 19.9189418, 0.0 ], [ 72.8935096, 19.9186819, 0.0 ], [ 72.8930605, 19.918492, 0.0 ], [ 72.8928871, 19.9184673, 0.0 ], [ 72.8926641, 19.9184673, 0.0 ], [ 72.892565, 19.918492, 0.0 ], [ 72.8924287, 19.9186034, 0.0 ], [ 72.8922181, 19.9187643, 0.0 ], [ 72.8920446, 19.9189128, 0.0 ], [ 72.8918092, 19.9190613, 0.0 ], [ 72.8914995, 19.9191479, 0.0 ], [ 72.8912022, 19.9191479, 0.0 ], [ 72.8908181, 19.9190118, 0.0 ], [ 72.8905951, 19.9188262, 0.0 ], [ 72.8904216, 19.9186529, 0.0 ], [ 72.8902482, 19.9184054, 0.0 ], [ 72.8901739, 19.9181084, 0.0 ], [ 72.8901862, 19.9177371, 0.0 ], [ 72.8902234, 19.9173164, 0.0 ], [ 72.8902358, 19.9169451, 0.0 ], [ 72.8901491, 19.9167471, 0.0 ], [ 72.8900376, 19.916611, 0.0 ], [ 72.8898517, 19.9164377, 0.0 ], [ 72.8892045, 19.9161588, 0.0 ], [ 72.8888824, 19.9160721, 0.0 ], [ 72.888647, 19.9159607, 0.0 ], [ 72.888362, 19.9157751, 0.0 ], [ 72.8868382, 19.9151811, 0.0 ], [ 72.8862187, 19.9146118, 0.0 ], [ 72.8859461, 19.9144138, 0.0 ], [ 72.8857603, 19.9143024, 0.0 ], [ 72.8855497, 19.9141168, 0.0 ], [ 72.8853638, 19.9139188, 0.0 ], [ 72.8852028, 19.9137455, 0.0 ], [ 72.8850169, 19.913597, 0.0 ], [ 72.8845957, 19.913597, 0.0 ], [ 72.8841249, 19.913597, 0.0 ], [ 72.8839143, 19.9136465, 0.0 ], [ 72.8837532, 19.9138074, 0.0 ], [ 72.8835302, 19.9140425, 0.0 ], [ 72.8832824, 19.9141787, 0.0 ], [ 72.8828984, 19.9143148, 0.0 ], [ 72.8826258, 19.9143643, 0.0 ], [ 72.8823656, 19.9143643, 0.0 ], [ 72.8819072, 19.9142034, 0.0 ], [ 72.8817586, 19.9141044, 0.0 ], [ 72.8816719, 19.9139435, 0.0 ], [ 72.8816191, 19.9138006, 0.0 ], [ 72.8815851, 19.9137084, 0.0 ], [ 72.8813745, 19.9133743, 0.0 ], [ 72.8811515, 19.913201, 0.0 ], [ 72.8807739, 19.9127478, 0.0 ], [ 72.8803651, 19.9122404, 0.0 ], [ 72.8802288, 19.9120177, 0.0 ], [ 72.8802164, 19.9119682, 0.0 ], [ 72.8802164, 19.911832, 0.0 ], [ 72.8802288, 19.9116464, 0.0 ], [ 72.8803155, 19.9115721, 0.0 ], [ 72.8803774, 19.911436, 0.0 ], [ 72.8810217, 19.9109162, 0.0 ], [ 72.8812323, 19.9107306, 0.0 ], [ 72.8812942, 19.9106069, 0.0 ], [ 72.8814677, 19.910446, 0.0 ], [ 72.8815916, 19.9101861, 0.0 ], [ 72.881604, 19.9099386, 0.0 ], [ 72.8813793, 19.9096501, 0.0 ], [ 72.8805988, 19.9086848, 0.0 ], [ 72.8791983, 19.9075139, 0.0 ], [ 72.8789262, 19.9072864, 0.0 ], [ 72.8778091, 19.9062176, 0.0 ], [ 72.8770039, 19.905735, 0.0 ], [ 72.8763101, 19.905537, 0.0 ], [ 72.8760375, 19.9054503, 0.0 ], [ 72.8757401, 19.9053266, 0.0 ], [ 72.8755419, 19.9052771, 0.0 ], [ 72.8753437, 19.9051781, 0.0 ], [ 72.8751826, 19.9050667, 0.0 ], [ 72.8750587, 19.9049553, 0.0 ], [ 72.8748853, 19.9048316, 0.0 ], [ 72.8746623, 19.9047573, 0.0 ], [ 72.8744269, 19.904683, 0.0 ], [ 72.8741048, 19.9046583, 0.0 ], [ 72.8740057, 19.9046954, 0.0 ], [ 72.873857, 19.9048068, 0.0 ], [ 72.8734729, 19.9048687, 0.0 ], [ 72.8732747, 19.9048687, 0.0 ], [ 72.8728906, 19.9048563, 0.0 ], [ 72.8724818, 19.9049429, 0.0 ], [ 72.8722959, 19.9051409, 0.0 ], [ 72.8721721, 19.9053637, 0.0 ], [ 72.8720358, 19.9056731, 0.0 ], [ 72.8719367, 19.9058835, 0.0 ], [ 72.8717756, 19.9061186, 0.0 ], [ 72.8715278, 19.9065022, 0.0 ], [ 72.8712552, 19.9067621, 0.0 ], [ 72.8702765, 19.907319, 0.0 ], [ 72.8698924, 19.9074552, 0.0 ], [ 72.8697505, 19.9074552, 0.0 ], [ 72.8695827, 19.9074552, 0.0 ], [ 72.8693969, 19.9074552, 0.0 ], [ 72.8691243, 19.9074304, 0.0 ], [ 72.8690252, 19.907319, 0.0 ], [ 72.8690252, 19.9071705, 0.0 ], [ 72.868988, 19.906923, 0.0 ], [ 72.868988, 19.9067126, 0.0 ], [ 72.8688889, 19.9065889, 0.0 ], [ 72.868765, 19.9065022, 0.0 ], [ 72.8685792, 19.9063414, 0.0 ], [ 72.8683933, 19.9062424, 0.0 ], [ 72.8681827, 19.9062176, 0.0 ], [ 72.8680464, 19.9062052, 0.0 ], [ 72.8679225, 19.9060939, 0.0 ], [ 72.867873, 19.9059206, 0.0 ], [ 72.8678606, 19.9056978, 0.0 ], [ 72.8677615, 19.9054998, 0.0 ], [ 72.8675633, 19.9053637, 0.0 ], [ 72.8672659, 19.9052647, 0.0 ], [ 72.8670429, 19.9051162, 0.0 ], [ 72.8665787, 19.9042695, 0.0 ], [ 72.8663681, 19.9040467, 0.0 ], [ 72.8661822, 19.9038858, 0.0 ], [ 72.8661492, 19.9038528, 0.0 ], [ 72.8660335, 19.9037373, 0.0 ], [ 72.8659964, 19.9035641, 0.0 ], [ 72.8659097, 19.9034774, 0.0 ], [ 72.8656619, 19.9034774, 0.0 ], [ 72.8651663, 19.9035022, 0.0 ], [ 72.8643734, 19.9038116, 0.0 ], [ 72.8637415, 19.9038982, 0.0 ], [ 72.8631221, 19.9041952, 0.0 ], [ 72.8623539, 19.9044551, 0.0 ], [ 72.8622424, 19.9045541, 0.0 ], [ 72.8621062, 19.9047026, 0.0 ], [ 72.8619575, 19.9048388, 0.0 ], [ 72.861846, 19.9049501, 0.0 ], [ 72.8616725, 19.9051853, 0.0 ], [ 72.8615363, 19.9053585, 0.0 ], [ 72.8613876, 19.9055565, 0.0 ], [ 72.8612018, 19.9057917, 0.0 ], [ 72.8604584, 19.9065218, 0.0 ], [ 72.8596407, 19.907054, 0.0 ], [ 72.8582832, 19.9075882, 0.0 ], [ 72.8579611, 19.9076501, 0.0 ], [ 72.8575398, 19.9076749, 0.0 ], [ 72.857131, 19.9076872, 0.0 ], [ 72.8567097, 19.9076872, 0.0 ], [ 72.8563876, 19.9076749, 0.0 ], [ 72.8560655, 19.9076377, 0.0 ], [ 72.855669, 19.9075759, 0.0 ], [ 72.8551983, 19.9074645, 0.0 ], [ 72.8548514, 19.907415, 0.0 ], [ 72.854616, 19.9073283, 0.0 ], [ 72.8541823, 19.9071798, 0.0 ], [ 72.8539841, 19.907019, 0.0 ], [ 72.8537239, 19.9068581, 0.0 ], [ 72.8534886, 19.9068209, 0.0 ], [ 72.853216, 19.9068457, 0.0 ], [ 72.8530301, 19.9068581, 0.0 ], [ 72.8528195, 19.9068457, 0.0 ], [ 72.8526213, 19.9067343, 0.0 ], [ 72.8525222, 19.9065858, 0.0 ], [ 72.8525098, 19.906264, 0.0 ], [ 72.8523611, 19.9056948, 0.0 ], [ 72.8521629, 19.905472, 0.0 ], [ 72.8518656, 19.9051998, 0.0 ], [ 72.8516549, 19.9049399, 0.0 ], [ 72.8514072, 19.90468, 0.0 ], [ 72.8512585, 19.9042963, 0.0 ], [ 72.8512213, 19.9040736, 0.0 ], [ 72.8512213, 19.9038013, 0.0 ], [ 72.8512089, 19.9034424, 0.0 ], [ 72.8512089, 19.9032073, 0.0 ], [ 72.8512089, 19.9029722, 0.0 ], [ 72.8513392, 19.9028417, 0.0 ], [ 72.8513888, 19.902755, 0.0 ], [ 72.8513888, 19.9025446, 0.0 ], [ 72.8513764, 19.9023466, 0.0 ], [ 72.8512649, 19.9020868, 0.0 ], [ 72.8511038, 19.9018764, 0.0 ], [ 72.8509675, 19.9016784, 0.0 ], [ 72.8509056, 19.9013442, 0.0 ], [ 72.8509551, 19.900874, 0.0 ], [ 72.8510295, 19.9006388, 0.0 ], [ 72.8512391, 19.8997805, 0.0 ], [ 72.8512639, 19.8995701, 0.0 ], [ 72.8512019, 19.8992731, 0.0 ], [ 72.8509665, 19.8988028, 0.0 ], [ 72.850855, 19.898543, 0.0 ], [ 72.8508179, 19.8982831, 0.0 ], [ 72.8507683, 19.8980727, 0.0 ], [ 72.8506568, 19.8978499, 0.0 ], [ 72.8505701, 19.8976519, 0.0 ], [ 72.8504214, 19.8974787, 0.0 ], [ 72.8501489, 19.8972807, 0.0 ], [ 72.8498639, 19.8971074, 0.0 ], [ 72.8495423, 19.8969909, 0.0 ], [ 72.8487365, 19.896699, 0.0 ], [ 72.8484613, 19.8964756, 0.0 ], [ 72.8482392, 19.8962953, 0.0 ], [ 72.847979, 19.8958374, 0.0 ], [ 72.8479047, 19.8956147, 0.0 ], [ 72.8478427, 19.8951196, 0.0 ], [ 72.8478056, 19.8947607, 0.0 ], [ 72.8477918, 19.8946717, 0.0 ], [ 72.8477312, 19.8942781, 0.0 ], [ 72.8476693, 19.8939687, 0.0 ], [ 72.8476197, 19.8936717, 0.0 ], [ 72.8475826, 19.8933128, 0.0 ], [ 72.8475206, 19.8928797, 0.0 ], [ 72.8474256, 19.8926899, 0.0 ], [ 72.8473967, 19.8926322, 0.0 ], [ 72.8471723, 19.8920316, 0.0 ], [ 72.8470732, 19.8919078, 0.0 ], [ 72.8469493, 19.8917593, 0.0 ], [ 72.8468006, 19.8917222, 0.0 ], [ 72.846652, 19.8917222, 0.0 ], [ 72.8464909, 19.8918335, 0.0 ], [ 72.8463051, 19.8919697, 0.0 ], [ 72.8460325, 19.8920563, 0.0 ], [ 72.8456732, 19.8920439, 0.0 ], [ 72.8452396, 19.8920439, 0.0 ], [ 72.8449918, 19.8920192, 0.0 ], [ 72.8446945, 19.8917717, 0.0 ], [ 72.8446573, 19.8915984, 0.0 ], [ 72.8443971, 19.8911653, 0.0 ], [ 72.8442237, 19.8910415, 0.0 ], [ 72.8440379, 19.8907693, 0.0 ], [ 72.8439635, 19.8905217, 0.0 ], [ 72.8440379, 19.8901629, 0.0 ], [ 72.8438272, 19.8895193, 0.0 ], [ 72.8437529, 19.8891604, 0.0 ], [ 72.8436166, 19.8889253, 0.0 ], [ 72.8431568, 19.8882893, 0.0 ], [ 72.8430453, 19.8879675, 0.0 ], [ 72.8429586, 19.8875962, 0.0 ], [ 72.8429586, 19.8872468, 0.0 ], [ 72.8429586, 19.8871878, 0.0 ], [ 72.8428595, 19.8868537, 0.0 ], [ 72.842748, 19.8866433, 0.0 ], [ 72.8426117, 19.8864453, 0.0 ], [ 72.8418662, 19.8857949, 0.0 ], [ 72.8417175, 19.8855474, 0.0 ], [ 72.8415688, 19.8852256, 0.0 ], [ 72.8414573, 19.8849038, 0.0 ], [ 72.8414202, 19.8845573, 0.0 ], [ 72.8414078, 19.8842603, 0.0 ], [ 72.8413954, 19.8840623, 0.0 ], [ 72.8413994, 19.8840463, 0.0 ], [ 72.8414697, 19.8837653, 0.0 ], [ 72.8415936, 19.8835673, 0.0 ], [ 72.8417175, 19.8833817, 0.0 ], [ 72.8418414, 19.8831218, 0.0 ], [ 72.842351, 19.8829554, 0.0 ], [ 72.8425493, 19.8827697, 0.0 ], [ 72.842655, 19.8826289, 0.0 ], [ 72.8427723, 19.8824727, 0.0 ], [ 72.8429457, 19.8822871, 0.0 ], [ 72.8431687, 19.8820148, 0.0 ], [ 72.8433422, 19.8818416, 0.0 ], [ 72.8436024, 19.8815446, 0.0 ], [ 72.8436271, 19.8814084, 0.0 ], [ 72.8436147, 19.8810124, 0.0 ], [ 72.8436024, 19.880802, 0.0 ], [ 72.8436024, 19.8805545, 0.0 ], [ 72.8436395, 19.8800224, 0.0 ], [ 72.8437259, 19.8792476, 0.0 ], [ 72.8437135, 19.8790991, 0.0 ], [ 72.8435648, 19.8789506, 0.0 ], [ 72.8434038, 19.878864, 0.0 ], [ 72.843156, 19.8787155, 0.0 ], [ 72.8428834, 19.8784432, 0.0 ], [ 72.842648, 19.8782081, 0.0 ], [ 72.8425881, 19.8781408, 0.0 ], [ 72.8423507, 19.877874, 0.0 ], [ 72.8420286, 19.8773913, 0.0 ], [ 72.8419047, 19.8771438, 0.0 ], [ 72.8418799, 19.8769087, 0.0 ], [ 72.8418923, 19.8766612, 0.0 ], [ 72.8418923, 19.8764136, 0.0 ], [ 72.8420286, 19.8762156, 0.0 ], [ 72.8422144, 19.8760053, 0.0 ], [ 72.8423755, 19.8757701, 0.0 ], [ 72.8424994, 19.87523, 0.0 ], [ 72.8428463, 19.8736459, 0.0 ], [ 72.8429949, 19.8722722, 0.0 ], [ 72.8432677, 19.8715999, 0.0 ], [ 72.8433421, 19.8712657, 0.0 ], [ 72.8434288, 19.8709687, 0.0 ], [ 72.843627, 19.8707707, 0.0 ], [ 72.843912, 19.8705108, 0.0 ], [ 72.8442544, 19.87013, 0.0 ], [ 72.8445686, 19.8697807, 0.0 ], [ 72.8451151, 19.8693186, 0.0 ], [ 72.8453381, 19.8691083, 0.0 ], [ 72.8454, 19.8689969, 0.0 ], [ 72.8454496, 19.8688608, 0.0 ], [ 72.845462, 19.8686875, 0.0 ], [ 72.8455363, 19.8683534, 0.0 ], [ 72.8456107, 19.8681554, 0.0 ], [ 72.8456726, 19.8678583, 0.0 ], [ 72.8457098, 19.867648, 0.0 ], [ 72.8457098, 19.8674747, 0.0 ], [ 72.8457098, 19.8673014, 0.0 ], [ 72.845685, 19.8670787, 0.0 ], [ 72.8456098, 19.86681, 0.0 ], [ 72.8455603, 19.866612, 0.0 ], [ 72.8455603, 19.8664511, 0.0 ], [ 72.8455727, 19.8662902, 0.0 ], [ 72.8454364, 19.8661665, 0.0 ], [ 72.8453001, 19.8660922, 0.0 ], [ 72.8451514, 19.8659561, 0.0 ], [ 72.845139, 19.8657705, 0.0 ], [ 72.845139, 19.8655353, 0.0 ], [ 72.8450275, 19.8654487, 0.0 ], [ 72.8448541, 19.865424, 0.0 ], [ 72.8447178, 19.865325, 0.0 ], [ 72.8445939, 19.8651764, 0.0 ], [ 72.8443833, 19.8649537, 0.0 ], [ 72.8442346, 19.8647557, 0.0 ], [ 72.8440859, 19.8646072, 0.0 ], [ 72.8438382, 19.8645453, 0.0 ], [ 72.8436523, 19.8644215, 0.0 ], [ 72.8435037, 19.8642483, 0.0 ], [ 72.8433674, 19.8640503, 0.0 ], [ 72.8431939, 19.8637161, 0.0 ], [ 72.8421147, 19.8619298, 0.0 ], [ 72.8419955, 19.8616865, 0.0 ], [ 72.8418298, 19.8613482, 0.0 ], [ 72.8413339, 19.8602317, 0.0 ], [ 72.841272, 19.8597738, 0.0 ], [ 72.841272, 19.8594521, 0.0 ], [ 72.8412224, 19.8590684, 0.0 ], [ 72.8411605, 19.8587962, 0.0 ], [ 72.8411481, 19.8585363, 0.0 ], [ 72.8411849, 19.8581828, 0.0 ], [ 72.8414203, 19.8578611, 0.0 ], [ 72.8415814, 19.8576631, 0.0 ], [ 72.841792, 19.8574156, 0.0 ], [ 72.8419531, 19.8572918, 0.0 ], [ 72.8421637, 19.8571062, 0.0 ], [ 72.8423991, 19.8568092, 0.0 ], [ 72.8425601, 19.856574, 0.0 ], [ 72.8426097, 19.8560914, 0.0 ], [ 72.8426097, 19.8558067, 0.0 ], [ 72.8425973, 19.8555469, 0.0 ], [ 72.8425973, 19.8553612, 0.0 ], [ 72.8425973, 19.8551756, 0.0 ], [ 72.842684, 19.8550271, 0.0 ], [ 72.8428822, 19.8548538, 0.0 ], [ 72.8433552, 19.8544383, 0.0 ], [ 72.8437517, 19.8543393, 0.0 ], [ 72.8439995, 19.8542032, 0.0 ], [ 72.8442225, 19.8541166, 0.0 ], [ 72.8446809, 19.8537948, 0.0 ] ] } },
{ "type": "Feature", "properties": { "objectid": 24126, "rivname": "Taki Nala", "rilcode": null, "st_length_": 8.95377, "bacode": 14, "ba_name": "West flowing rivers from Tapi to Tadri", "sub_basin": "Bhatsol and others", "remarks": null }, "geometry": { "type": "LineString", "coordinates": [ [ 72.9466534, 19.56918, 0.0 ], [ 72.9467993, 19.5690519, 0.0 ], [ 72.9469403, 19.5689326, 0.0 ], [ 72.9470761, 19.5688313, 0.0 ], [ 72.9473099, 19.568619, 0.0 ], [ 72.947533, 19.5684561, 0.0 ], [ 72.9476899, 19.5682649, 0.0 ], [ 72.9478315, 19.5681185, 0.0 ], [ 72.9484427, 19.5676695, 0.0 ], [ 72.9486385, 19.5674429, 0.0 ], [ 72.9487801, 19.5673011, 0.0 ], [ 72.9489793, 19.5671378, 0.0 ], [ 72.9493607, 19.5667204, 0.0 ], [ 72.9495055, 19.5664339, 0.0 ], [ 72.9495743, 19.5661323, 0.0 ], [ 72.9497908, 19.5658336, 0.0 ], [ 72.9499039, 19.5656822, 0.0 ], [ 72.9500807, 19.5654596, 0.0 ], [ 72.9504449, 19.5651686, 0.0 ], [ 72.9505417, 19.5651072, 0.0 ], [ 72.9506694, 19.5649424, 0.0 ], [ 72.9507577, 19.5648357, 0.0 ], [ 72.9508269, 19.564724, 0.0 ], [ 72.9510244, 19.564425, 0.0 ], [ 72.9510814, 19.5642272, 0.0 ], [ 72.9511394, 19.5637627, 0.0 ], [ 72.9510511, 19.5634444, 0.0 ], [ 72.9508005, 19.5629148, 0.0 ], [ 72.9504137, 19.5622966, 0.0 ], [ 72.950317, 19.5621454, 0.0 ], [ 72.950198, 19.5619169, 0.0 ], [ 72.950071, 19.561408, 0.0 ], [ 72.9500135, 19.5609953, 0.0 ], [ 72.9500117, 19.5606471, 0.0 ], [ 72.9500256, 19.560453, 0.0 ], [ 72.9500394, 19.5600507, 0.0 ], [ 72.949958, 19.5596376, 0.0 ], [ 72.9499015, 19.5591798, 0.0 ], [ 72.9497991, 19.5588476, 0.0 ], [ 72.949754, 19.5585166, 0.0 ], [ 72.9498168, 19.5582737, 0.0 ], [ 72.94976, 19.5578249, 0.0 ], [ 72.9497046, 19.5575299, 0.0 ], [ 72.9497213, 19.5574217, 0.0 ], [ 72.9496525, 19.5573028, 0.0 ], [ 72.9495582, 19.556826, 0.0 ], [ 72.9494061, 19.5563709, 0.0 ], [ 72.9492877, 19.5561198, 0.0 ], [ 72.9492741, 19.5560878, 0.0 ], [ 72.9492492, 19.5559246, 0.0 ], [ 72.9492434, 19.5557571, 0.0 ], [ 72.9492602, 19.5556444, 0.0 ], [ 72.9493424, 19.5553838, 0.0 ], [ 72.9494074, 19.5550369, 0.0 ], [ 72.949369, 19.5548326, 0.0 ], [ 72.9493843, 19.5547923, 0.0 ], [ 72.9493298, 19.554452, 0.0 ], [ 72.9493684, 19.5540052, 0.0 ], [ 72.9494689, 19.5537811, 0.0 ], [ 72.9495675, 19.5536338, 0.0 ], [ 72.9496893, 19.5535232, 0.0 ], [ 72.9497421, 19.5535062, 0.0 ], [ 72.9498053, 19.5534533, 0.0 ], [ 72.9499406, 19.5533746, 0.0 ], [ 72.9500548, 19.5531734, 0.0 ], [ 72.9499801, 19.5528915, 0.0 ], [ 72.9497352, 19.5523214, 0.0 ], [ 72.9496269, 19.5518354, 0.0 ], [ 72.9496709, 19.5513569, 0.0 ], [ 72.9495931, 19.5507811, 0.0 ], [ 72.9496414, 19.5505424, 0.0 ], [ 72.9497225, 19.5503269, 0.0 ], [ 72.9497872, 19.5502107, 0.0 ], [ 72.9498101, 19.5500393, 0.0 ], [ 72.9497061, 19.549567, 0.0 ], [ 72.9495622, 19.5491797, 0.0 ], [ 72.9494161, 19.5488874, 0.0 ], [ 72.9493537, 19.5486917, 0.0 ], [ 72.949079, 19.5481752, 0.0 ], [ 72.9490006, 19.5480561, 0.0 ], [ 72.9489233, 19.5478872, 0.0 ], [ 72.9488083, 19.547695, 0.0 ], [ 72.9487292, 19.5476075, 0.0 ], [ 72.9486657, 19.5474615, 0.0 ], [ 72.9484448, 19.5470998, 0.0 ], [ 72.9481668, 19.5463075, 0.0 ], [ 72.9480739, 19.5459846, 0.0 ], [ 72.9478818, 19.5456144, 0.0 ], [ 72.947587, 19.5451472, 0.0 ], [ 72.9472722, 19.5447204, 0.0 ], [ 72.947077, 19.5444949, 0.0 ], [ 72.9466117, 19.543762, 0.0 ], [ 72.94643, 19.5433559, 0.0 ], [ 72.9462269, 19.5426238, 0.0 ], [ 72.9461502, 19.5424279, 0.0 ], [ 72.9457264, 19.5413237, 0.0 ], [ 72.945688, 19.5404923, 0.0 ], [ 72.9458111, 19.5403138, 0.0 ], [ 72.9460039, 19.5400148, 0.0 ], [ 72.9460474, 19.539776, 0.0 ], [ 72.9461173, 19.53857, 0.0 ], [ 72.9461156, 19.5373672, 0.0 ], [ 72.9461137, 19.5372406, 0.0 ], [ 72.9460653, 19.5370587, 0.0 ], [ 72.945989, 19.5368446, 0.0 ], [ 72.9459121, 19.5366577, 0.0 ], [ 72.9457918, 19.5364924, 0.0 ], [ 72.9457534, 19.5362882, 0.0 ], [ 72.9456949, 19.5357082, 0.0 ], [ 72.9457213, 19.5353786, 0.0 ], [ 72.9457055, 19.5350211, 0.0 ], [ 72.9457344, 19.5345831, 0.0 ], [ 72.9457763, 19.5344121, 0.0 ], [ 72.9458121, 19.5340918, 0.0 ], [ 72.9458704, 19.5338307, 0.0 ], [ 72.9462821, 19.532912, 0.0 ], [ 72.9464121, 19.5326433, 0.0 ], [ 72.9464697, 19.5324138, 0.0 ], [ 72.9465561, 19.5321759, 0.0 ], [ 72.9465729, 19.5320632, 0.0 ], [ 72.9466628, 19.5310295, 0.0 ], [ 72.9465592, 19.5307607, 0.0 ], [ 72.9464274, 19.5304686, 0.0 ], [ 72.9463308, 19.5303083, 0.0 ], [ 72.9462364, 19.5300487, 0.0 ], [ 72.9461585, 19.5296944, 0.0 ], [ 72.9460886, 19.528558, 0.0 ], [ 72.9460952, 19.5280472, 0.0 ], [ 72.945657, 19.5269577, 0.0 ], [ 72.9456677, 19.5269081, 0.0 ], [ 72.9457313, 19.5266245, 0.0 ], [ 72.9458861, 19.5260986, 0.0 ], [ 72.9458176, 19.5257491, 0.0 ], [ 72.9458106, 19.5256358, 0.0 ], [ 72.9457684, 19.5256033, 0.0 ], [ 72.9457281, 19.5254849, 0.0 ], [ 72.9456636, 19.5253842, 0.0 ], [ 72.9448987, 19.5246136, 0.0 ], [ 72.9448348, 19.5244857, 0.0 ], [ 72.9447928, 19.5244442, 0.0 ], [ 72.9447079, 19.5244018, 0.0 ], [ 72.9445975, 19.5242187, 0.0 ], [ 72.9445277, 19.5241404, 0.0 ], [ 72.944475, 19.5239449, 0.0 ], [ 72.9444679, 19.5238362, 0.0 ], [ 72.9443429, 19.5232414, 0.0 ], [ 72.9441129, 19.5230739, 0.0 ], [ 72.9438711, 19.5230103, 0.0 ], [ 72.9437376, 19.5230076, 0.0 ], [ 72.9433503, 19.523054, 0.0 ], [ 72.9428051, 19.5233324, 0.0 ], [ 72.9422031, 19.5235917, 0.0 ], [ 72.9416433, 19.5234628, 0.0 ], [ 72.9415114, 19.5233878, 0.0 ], [ 72.9414741, 19.5233509, 0.0 ], [ 72.9413839, 19.523331, 0.0 ], [ 72.9412097, 19.5232325, 0.0 ], [ 72.9408933, 19.5230905, 0.0 ], [ 72.9403553, 19.5226229, 0.0 ], [ 72.9401113, 19.5224462, 0.0 ], [ 72.9400227, 19.5223585, 0.0 ], [ 72.9399048, 19.5222973, 0.0 ], [ 72.9395806, 19.5220783, 0.0 ], [ 72.9392591, 19.5219542, 0.0 ], [ 72.93878, 19.5218536, 0.0 ], [ 72.9384654, 19.5218297, 0.0 ], [ 72.9380693, 19.5218443, 0.0 ], [ 72.9376087, 19.5217537, 0.0 ], [ 72.9374849, 19.5217421, 0.0 ], [ 72.9372523, 19.5216968, 0.0 ], [ 72.9369078, 19.521536, 0.0 ], [ 72.9367385, 19.5214286, 0.0 ], [ 72.9364995, 19.5212383, 0.0 ], [ 72.9360807, 19.5209858, 0.0 ], [ 72.9359251, 19.5209102, 0.0 ], [ 72.9357801, 19.5207808, 0.0 ], [ 72.9356525, 19.5207284, 0.0 ], [ 72.9355032, 19.5205852, 0.0 ], [ 72.9353706, 19.5205419, 0.0 ], [ 72.9352629, 19.5204537, 0.0 ], [ 72.9349419, 19.5203071, 0.0 ], [ 72.9346487, 19.5201926, 0.0 ], [ 72.9340894, 19.5200412, 0.0 ], [ 72.9337676, 19.5199307, 0.0 ], [ 72.9334643, 19.5198432, 0.0 ], [ 72.9328495, 19.5196137, 0.0 ], [ 72.932363, 19.5194005, 0.0 ], [ 72.9313576, 19.5187244, 0.0 ], [ 72.9304984, 19.5179112, 0.0 ], [ 72.9287644, 19.518039, 0.0 ], [ 72.9284303, 19.5180503, 0.0 ], [ 72.9281435, 19.5180807, 0.0 ], [ 72.9278625, 19.5180659, 0.0 ], [ 72.9251144, 19.5179018, 0.0 ], [ 72.924877, 19.5178519, 0.0 ], [ 72.9244825, 19.5177986, 0.0 ], [ 72.9240984, 19.5177005, 0.0 ], [ 72.9235758, 19.5176085, 0.0 ], [ 72.9229669, 19.5175419, 0.0 ], [ 72.9224853, 19.5175411, 0.0 ], [ 72.9221173, 19.5175744, 0.0 ], [ 72.9216428, 19.5176779, 0.0 ], [ 72.921057, 19.5178559, 0.0 ], [ 72.9207575, 19.5180217, 0.0 ], [ 72.9204563, 19.5180916, 0.0 ], [ 72.9193397, 19.5183413, 0.0 ] ] } },
{ "type": "Feature", "properties": { "objectid": 24299, "rivname": "Tansa", "rilcode": 3, "st_length_": 77.0655, "bacode": 14, "ba_name": "West flowing rivers from Tapi to Tadri", "sub_basin": "Bhatsol and others", "remarks": "ok" }, "geometry": { "type": "LineString", "coordinates": [ [ 73.3143359, 19.5988063, 0.0 ], [ 73.3145282, 19.5984978, 0.0 ], [ 73.3148833, 19.5981606, 0.0 ], [ 73.3155579, 19.5978292, 0.0 ], [ 73.316151, 19.5975234, 0.0 ], [ 73.3167383, 19.5970277, 0.0 ], [ 73.3170046, 19.5965985, 0.0 ], [ 73.317301, 19.5960974, 0.0 ], [ 73.3175051, 19.5956806, 0.0 ], [ 73.3174764, 19.5952053, 0.0 ], [ 73.3172667, 19.5949573, 0.0 ], [ 73.3168568, 19.5947012, 0.0 ], [ 73.3163851, 19.5946746, 0.0 ], [ 73.3160292, 19.5949542, 0.0 ], [ 73.3156302, 19.59488, 0.0 ], [ 73.3152821, 19.5947042, 0.0 ], [ 73.3145936, 19.5945323, 0.0 ], [ 73.3137002, 19.5943825, 0.0 ], [ 73.3135657, 19.5944194, 0.0 ], [ 73.3132923, 19.5944591, 0.0 ], [ 73.3130935, 19.5945038, 0.0 ], [ 73.3128805, 19.5944608, 0.0 ], [ 73.3126647, 19.5942596, 0.0 ], [ 73.3122902, 19.5934074, 0.0 ], [ 73.3121751, 19.5930913, 0.0 ], [ 73.3122758, 19.5929475, 0.0 ], [ 73.3125348, 19.5928325, 0.0 ], [ 73.3131968, 19.5928182, 0.0 ], [ 73.3135421, 19.5926601, 0.0 ], [ 73.3141897, 19.5917259, 0.0 ], [ 73.3145638, 19.5908779, 0.0 ], [ 73.3143955, 19.5902361, 0.0 ], [ 73.3143154, 19.5899848, 0.0 ], [ 73.3142796, 19.5899414, 0.0 ], [ 73.3141553, 19.5897907, 0.0 ], [ 73.3138923, 19.5895851, 0.0 ], [ 73.3130576, 19.5894481, 0.0 ], [ 73.3120513, 19.5891854, 0.0 ], [ 73.3116854, 19.5889684, 0.0 ], [ 73.3113767, 19.5888085, 0.0 ], [ 73.3111594, 19.5885458, 0.0 ], [ 73.3111708, 19.5882603, 0.0 ], [ 73.3112852, 19.5879519, 0.0 ], [ 73.3115428, 19.5877375, 0.0 ], [ 73.3115596, 19.5877235, 0.0 ], [ 73.3120285, 19.5876321, 0.0 ], [ 73.314121, 19.5879405, 0.0 ], [ 73.3148186, 19.5881803, 0.0 ], [ 73.316591, 19.5892539, 0.0 ], [ 73.3166268, 19.5892692, 0.0 ], [ 73.3168311, 19.5893567, 0.0 ], [ 73.3170484, 19.5893453, 0.0 ], [ 73.3172313, 19.5890712, 0.0 ], [ 73.3172085, 19.5885458, 0.0 ], [ 73.3169683, 19.5875865, 0.0 ], [ 73.3171585, 19.5865417, 0.0 ], [ 73.3171875, 19.5859903, 0.0 ], [ 73.3172166, 19.585613, 0.0 ], [ 73.3171753, 19.5855751, 0.0 ], [ 73.3168534, 19.5852793, 0.0 ], [ 73.3161415, 19.5848585, 0.0 ], [ 73.3160331, 19.5847141, 0.0 ], [ 73.3157492, 19.5843361, 0.0 ], [ 73.3155795, 19.5835509, 0.0 ], [ 73.3155677, 19.5834419, 0.0 ], [ 73.3154294, 19.5821673, 0.0 ], [ 73.3152909, 19.5816138, 0.0 ], [ 73.3151822, 19.5814736, 0.0 ], [ 73.3147367, 19.5808989, 0.0 ], [ 73.3141664, 19.5804617, 0.0 ], [ 73.3136172, 19.5804095, 0.0 ], [ 73.3126496, 19.5804617, 0.0 ], [ 73.3122443, 19.5805662, 0.0 ], [ 73.3121698, 19.5805445, 0.0 ], [ 73.3119305, 19.5804748, 0.0 ], [ 73.3118259, 19.5802789, 0.0 ], [ 73.3117997, 19.5799524, 0.0 ], [ 73.3118782, 19.579639, 0.0 ], [ 73.3122573, 19.5793778, 0.0 ], [ 73.312885, 19.5790252, 0.0 ], [ 73.3146622, 19.5783991, 0.0 ], [ 73.3149012, 19.5783149, 0.0 ], [ 73.3157642, 19.5778448, 0.0 ], [ 73.3160388, 19.5775444, 0.0 ], [ 73.3160911, 19.5771657, 0.0 ], [ 73.3161565, 19.5769045, 0.0 ], [ 73.3160519, 19.5767478, 0.0 ], [ 73.3156204, 19.5766041, 0.0 ], [ 73.3151889, 19.576369, 0.0 ], [ 73.3149274, 19.5760817, 0.0 ], [ 73.3148822, 19.5756366, 0.0 ], [ 73.3150134, 19.5754327, 0.0 ], [ 73.3151957, 19.5751924, 0.0 ], [ 73.3156914, 19.5750468, 0.0 ], [ 73.3166099, 19.575207, 0.0 ], [ 73.3174118, 19.5751997, 0.0 ], [ 73.3177471, 19.5750104, 0.0 ], [ 73.3178857, 19.5745736, 0.0 ], [ 73.3178565, 19.5741076, 0.0 ], [ 73.3175066, 19.5736925, 0.0 ], [ 73.3163856, 19.5730151, 0.0 ], [ 73.3147838, 19.5724214, 0.0 ], [ 73.3130312, 19.5716598, 0.0 ], [ 73.3128331, 19.5714372, 0.0 ], [ 73.3127372, 19.5712151, 0.0 ], [ 73.3126266, 19.5709589, 0.0 ], [ 73.3122747, 19.570057, 0.0 ], [ 73.3120888, 19.5698197, 0.0 ], [ 73.3118616, 19.5697011, 0.0 ], [ 73.3115208, 19.5696186, 0.0 ], [ 73.3112419, 19.5696134, 0.0 ], [ 73.3108992, 19.569764, 0.0 ], [ 73.3106283, 19.5697984, 0.0 ], [ 73.3104944, 19.5698154, 0.0 ], [ 73.3103104, 19.5697934, 0.0 ], [ 73.3101632, 19.5696831, 0.0 ], [ 73.3101043, 19.5694846, 0.0 ], [ 73.310119, 19.5690142, 0.0 ], [ 73.3102368, 19.5683893, 0.0 ], [ 73.3101852, 19.567688, 0.0 ], [ 73.3101484, 19.5674748, 0.0 ], [ 73.3099497, 19.567291, 0.0 ], [ 73.3095817, 19.567166, 0.0 ], [ 73.3089929, 19.5671072, 0.0 ], [ 73.3083231, 19.5671146, 0.0 ], [ 73.3081465, 19.567019, 0.0 ], [ 73.3080949, 19.566894, 0.0 ], [ 73.3081538, 19.5667103, 0.0 ], [ 73.3088076, 19.5660906, 0.0 ], [ 73.3098246, 19.5654328, 0.0 ], [ 73.3102914, 19.5652497, 0.0 ], [ 73.3105331, 19.565208, 0.0 ], [ 73.3108165, 19.5652747, 0.0 ], [ 73.3109583, 19.565591, 0.0 ], [ 73.3110416, 19.5659324, 0.0 ], [ 73.311225, 19.5661905, 0.0 ], [ 73.3115584, 19.5662987, 0.0 ], [ 73.3119919, 19.5662987, 0.0 ], [ 73.3124837, 19.5661489, 0.0 ], [ 73.3134257, 19.5653413, 0.0 ], [ 73.3149893, 19.5645389, 0.0 ], [ 73.3155094, 19.564291, 0.0 ], [ 73.3155121, 19.5642897, 0.0 ], [ 73.3155596, 19.5639812, 0.0 ], [ 73.3155002, 19.5636845, 0.0 ], [ 73.3154276, 19.5636092, 0.0 ], [ 73.3151913, 19.5633641, 0.0 ], [ 73.314419, 19.562664, 0.0 ], [ 73.3135819, 19.5621077, 0.0 ], [ 73.3129871, 19.5620983, 0.0 ], [ 73.3122035, 19.5622114, 0.0 ], [ 73.3115237, 19.562136, 0.0 ], [ 73.3105135, 19.5619097, 0.0 ], [ 73.3101736, 19.5617399, 0.0 ], [ 73.3099943, 19.5615985, 0.0 ], [ 73.3098904, 19.5614382, 0.0 ], [ 73.3098904, 19.5612223, 0.0 ], [ 73.3098904, 19.5610139, 0.0 ], [ 73.3100415, 19.5605424, 0.0 ], [ 73.3106734, 19.5594023, 0.0 ], [ 73.3109689, 19.5591072, 0.0 ], [ 73.3111214, 19.5590025, 0.0 ], [ 73.3115789, 19.5591072, 0.0 ], [ 73.3123796, 19.5593547, 0.0 ], [ 73.3127895, 19.5595642, 0.0 ], [ 73.3133423, 19.5596879, 0.0 ], [ 73.3137427, 19.5596879, 0.0 ], [ 73.3139333, 19.559507, 0.0 ], [ 73.3139714, 19.559231, 0.0 ], [ 73.3139665, 19.5590354, 0.0 ], [ 73.3139619, 19.5588501, 0.0 ], [ 73.3138481, 19.5582281, 0.0 ], [ 73.3136574, 19.5575141, 0.0 ], [ 73.3136111, 19.5567494, 0.0 ], [ 73.3136778, 19.5562449, 0.0 ], [ 73.3136016, 19.555607, 0.0 ], [ 73.313588, 19.5555639, 0.0 ], [ 73.3132178, 19.5543863, 0.0 ], [ 73.313133, 19.5533945, 0.0 ], [ 73.3127792, 19.5520334, 0.0 ], [ 73.3127684, 19.5519919, 0.0 ], [ 73.3124554, 19.5516899, 0.0 ], [ 73.3118832, 19.5513557, 0.0 ], [ 73.3115376, 19.5511333, 0.0 ], [ 73.3109116, 19.5507303, 0.0 ], [ 73.310767, 19.550624, 0.0 ], [ 73.3097095, 19.549846, 0.0 ], [ 73.3092453, 19.5497381, 0.0 ], [ 73.3085506, 19.5497688, 0.0 ], [ 73.3085112, 19.5497705, 0.0 ], [ 73.3074424, 19.5502341, 0.0 ], [ 73.3065572, 19.550838, 0.0 ], [ 73.3061426, 19.5509898, 0.0 ], [ 73.3059094, 19.5510752, 0.0 ], [ 73.3052833, 19.5510536, 0.0 ], [ 73.3048622, 19.5508595, 0.0 ], [ 73.3039306, 19.550123, 0.0 ], [ 73.3032073, 19.5491418, 0.0 ], [ 73.3021169, 19.5484732, 0.0 ], [ 73.2995642, 19.5476962, 0.0 ], [ 73.2978816, 19.5478513, 0.0 ], [ 73.2970154, 19.5479311, 0.0 ], [ 73.295934, 19.5480861, 0.0 ], [ 73.2951753, 19.5481949, 0.0 ], [ 73.2947918, 19.5482499, 0.0 ], [ 73.2943758, 19.5483095, 0.0 ], [ 73.2927838, 19.5485377, 0.0 ], [ 73.2891277, 19.5484072, 0.0 ], [ 73.2877436, 19.5474153, 0.0 ], [ 73.2860983, 19.5473631, 0.0 ], [ 73.2854066, 19.5477396, 0.0 ], [ 73.2831734, 19.5489553, 0.0 ], [ 73.2809255, 19.5499299, 0.0 ], [ 73.2778699, 19.5512545, 0.0 ], [ 73.2768361, 19.5517027, 0.0 ], [ 73.2757423, 19.5518427, 0.0 ], [ 73.2743578, 19.5520198, 0.0 ], [ 73.2707085, 19.5524867, 0.0 ], [ 73.2673716, 19.5529135, 0.0 ], [ 73.2644494, 19.5530128, 0.0 ], [ 73.2584153, 19.5532177, 0.0 ], [ 73.2564767, 19.553236, 0.0 ], [ 73.2562363, 19.5532382, 0.0 ], [ 73.2556977, 19.5531844, 0.0 ], [ 73.2553342, 19.5529558, 0.0 ], [ 73.2548225, 19.5524716, 0.0 ], [ 73.2547658, 19.5524225, 0.0 ], [ 73.2532189, 19.5510817, 0.0 ], [ 73.2519825, 19.5502561, 0.0 ], [ 73.2510076, 19.5495689, 0.0 ], [ 73.2496686, 19.548917, 0.0 ], [ 73.248754, 19.5487838, 0.0 ], [ 73.247823, 19.5488252, 0.0 ], [ 73.2472174, 19.5488186, 0.0 ], [ 73.2467038, 19.5487458, 0.0 ], [ 73.2459951, 19.5486512, 0.0 ], [ 73.2455907, 19.5485985, 0.0 ], [ 73.2451714, 19.5485772, 0.0 ], [ 73.2449031, 19.5486355, 0.0 ], [ 73.2445667, 19.5487559, 0.0 ], [ 73.2443269, 19.5488689, 0.0 ], [ 73.2441236, 19.5489647, 0.0 ], [ 73.2437966, 19.5490944, 0.0 ], [ 73.2434547, 19.5492508, 0.0 ], [ 73.2428809, 19.5495521, 0.0 ], [ 73.2418846, 19.5499858, 0.0 ], [ 73.2413464, 19.5501793, 0.0 ], [ 73.2412216, 19.5502132, 0.0 ], [ 73.240445, 19.5501761, 0.0 ], [ 73.2400684, 19.5501646, 0.0 ], [ 73.239859, 19.5501427, 0.0 ], [ 73.2394221, 19.5500486, 0.0 ], [ 73.2389832, 19.5498235, 0.0 ], [ 73.2385982, 19.5495269, 0.0 ], [ 73.2381391, 19.5491205, 0.0 ], [ 73.2378412, 19.5489974, 0.0 ], [ 73.236945, 19.548741, 0.0 ], [ 73.2363619, 19.5485675, 0.0 ], [ 73.2359062, 19.5484595, 0.0 ], [ 73.2358743, 19.5484594, 0.0 ], [ 73.235353, 19.5484583, 0.0 ], [ 73.2347544, 19.5485737, 0.0 ], [ 73.2338301, 19.548751, 0.0 ], [ 73.233473, 19.5488057, 0.0 ], [ 73.2333565, 19.5488236, 0.0 ], [ 73.2332488, 19.5488259, 0.0 ], [ 73.2326741, 19.548838, 0.0 ], [ 73.2321124, 19.5487869, 0.0 ], [ 73.2315639, 19.5487812, 0.0 ], [ 73.23108, 19.5488852, 0.0 ], [ 73.2303308, 19.5491335, 0.0 ], [ 73.2301956, 19.5492124, 0.0 ], [ 73.2298609, 19.5494821, 0.0 ], [ 73.2291117, 19.550187, 0.0 ], [ 73.2286008, 19.5506006, 0.0 ], [ 73.2281997, 19.5509252, 0.0 ], [ 73.2273126, 19.5515415, 0.0 ], [ 73.2270449, 19.5517988, 0.0 ], [ 73.2264556, 19.5523802, 0.0 ], [ 73.2258964, 19.5528987, 0.0 ], [ 73.2256074, 19.5530336, 0.0 ], [ 73.225334, 19.5531053, 0.0 ], [ 73.2250145, 19.5531039, 0.0 ], [ 73.2247059, 19.5530348, 0.0 ], [ 73.2243879, 19.5529565, 0.0 ], [ 73.2241135, 19.5528474, 0.0 ], [ 73.2233967, 19.5524543, 0.0 ], [ 73.2230605, 19.552335, 0.0 ], [ 73.2228281, 19.5522719, 0.0 ], [ 73.2226187, 19.5522453, 0.0 ], [ 73.2221463, 19.5522591, 0.0 ], [ 73.2211007, 19.5523029, 0.0 ], [ 73.2206965, 19.5522457, 0.0 ], [ 73.2198275, 19.5520576, 0.0 ], [ 73.2194345, 19.5519191, 0.0 ], [ 73.2188813, 19.5516827, 0.0 ], [ 73.2185758, 19.5514645, 0.0 ], [ 73.2183439, 19.5511482, 0.0 ], [ 73.218201, 19.5509103, 0.0 ], [ 73.2180434, 19.5502337, 0.0 ], [ 73.2178975, 19.5496793, 0.0 ], [ 73.2178147, 19.5495331, 0.0 ], [ 73.2176826, 19.5494628, 0.0 ], [ 73.217507, 19.5494188, 0.0 ], [ 73.2173596, 19.549398, 0.0 ], [ 73.216875, 19.5495336, 0.0 ], [ 73.2159962, 19.5498201, 0.0 ], [ 73.2153032, 19.5501192, 0.0 ], [ 73.2145874, 19.550359, 0.0 ], [ 73.2138487, 19.5505642, 0.0 ], [ 73.2138247, 19.5505709, 0.0 ], [ 73.2132849, 19.550606, 0.0 ], [ 73.2123282, 19.5505067, 0.0 ], [ 73.2105637, 19.5504918, 0.0 ], [ 73.2101468, 19.5505069, 0.0 ], [ 73.2093322, 19.5505365, 0.0 ], [ 73.2092014, 19.5505667, 0.0 ], [ 73.2088242, 19.5506536, 0.0 ], [ 73.2081007, 19.551038, 0.0 ], [ 73.2078003, 19.551263, 0.0 ], [ 73.2074249, 19.5516493, 0.0 ], [ 73.2071648, 19.5520017, 0.0 ], [ 73.2069791, 19.5522153, 0.0 ], [ 73.206772, 19.5525369, 0.0 ], [ 73.2066832, 19.5526799, 0.0 ], [ 73.2065077, 19.5530881, 0.0 ], [ 73.2063307, 19.5533426, 0.0 ], [ 73.2061105, 19.5536143, 0.0 ], [ 73.2055312, 19.5543849, 0.0 ], [ 73.2052893, 19.5546006, 0.0 ], [ 73.2048937, 19.5548263, 0.0 ], [ 73.2042155, 19.5549533, 0.0 ], [ 73.2034808, 19.5551227, 0.0 ], [ 73.2023505, 19.5549533, 0.0 ], [ 73.2002736, 19.5547134, 0.0 ], [ 73.1989879, 19.5542619, 0.0 ], [ 73.1985641, 19.5538809, 0.0 ], [ 73.1985013, 19.5537886, 0.0 ], [ 73.1980837, 19.5531753, 0.0 ], [ 73.1974056, 19.5521875, 0.0 ], [ 73.1964775, 19.55029, 0.0 ], [ 73.1961059, 19.5498363, 0.0 ], [ 73.1957272, 19.5494719, 0.0 ], [ 73.1951674, 19.5490952, 0.0 ], [ 73.193933, 19.5483665, 0.0 ], [ 73.1934999, 19.5480916, 0.0 ], [ 73.1931403, 19.5479335, 0.0 ], [ 73.1926728, 19.5477279, 0.0 ], [ 73.1923039, 19.5475762, 0.0 ], [ 73.1917561, 19.5473173, 0.0 ], [ 73.1912459, 19.5470816, 0.0 ], [ 73.1908413, 19.5468162, 0.0 ], [ 73.1907171, 19.5467164, 0.0 ], [ 73.1905129, 19.5465523, 0.0 ], [ 73.1902561, 19.5462852, 0.0 ], [ 73.1899484, 19.5459493, 0.0 ], [ 73.1897033, 19.545583, 0.0 ], [ 73.1896962, 19.5455721, 0.0 ], [ 73.1894814, 19.5452442, 0.0 ], [ 73.1891334, 19.544781, 0.0 ], [ 73.1889234, 19.54456, 0.0 ], [ 73.1887314, 19.5443936, 0.0 ], [ 73.1885333, 19.5440598, 0.0 ], [ 73.1883258, 19.5437167, 0.0 ], [ 73.1881472, 19.5433607, 0.0 ], [ 73.1879479, 19.5430901, 0.0 ], [ 73.1877003, 19.5426152, 0.0 ], [ 73.1874928, 19.5422722, 0.0 ], [ 73.1870827, 19.5418123, 0.0 ], [ 73.1867024, 19.5415247, 0.0 ], [ 73.1862494, 19.5410686, 0.0 ], [ 73.1860205, 19.5408336, 0.0 ], [ 73.1856809, 19.5404866, 0.0 ], [ 73.1854976, 19.5402992, 0.0 ], [ 73.1851501, 19.5400395, 0.0 ], [ 73.1846645, 19.5397681, 0.0 ], [ 73.184168, 19.5395643, 0.0 ], [ 73.1836844, 19.539424, 0.0 ], [ 73.182782, 19.5392442, 0.0 ], [ 73.1823321, 19.5390911, 0.0 ], [ 73.1819261, 19.5388956, 0.0 ], [ 73.1811255, 19.5387387, 0.0 ], [ 73.181031, 19.5387115, 0.0 ], [ 73.1803759, 19.5385228, 0.0 ], [ 73.1797705, 19.5382636, 0.0 ], [ 73.1790767, 19.5375666, 0.0 ], [ 73.1784857, 19.5365588, 0.0 ], [ 73.1770172, 19.5336607, 0.0 ], [ 73.1756935, 19.5315951, 0.0 ], [ 73.1756147, 19.5315272, 0.0 ], [ 73.1750292, 19.5310231, 0.0 ], [ 73.1741014, 19.5304053, 0.0 ], [ 73.1734773, 19.5295371, 0.0 ], [ 73.1728454, 19.5275905, 0.0 ], [ 73.1727911, 19.527163, 0.0 ], [ 73.172741, 19.526696, 0.0 ], [ 73.1725908, 19.5263123, 0.0 ], [ 73.1725442, 19.5262718, 0.0 ], [ 73.1722068, 19.5259788, 0.0 ], [ 73.1715892, 19.5256452, 0.0 ], [ 73.1707712, 19.5252949, 0.0 ], [ 73.1703205, 19.5250781, 0.0 ], [ 73.1697696, 19.524611, 0.0 ], [ 73.1685409, 19.5231652, 0.0 ], [ 73.1678397, 19.5225981, 0.0 ], [ 73.1672888, 19.522081, 0.0 ], [ 73.1670551, 19.5218141, 0.0 ], [ 73.1666879, 19.5215639, 0.0 ], [ 73.1664247, 19.5211701, 0.0 ], [ 73.1661036, 19.5208801, 0.0 ], [ 73.1655193, 19.5203297, 0.0 ], [ 73.1650686, 19.5200795, 0.0 ], [ 73.1644009, 19.5200795, 0.0 ], [ 73.1636831, 19.5201128, 0.0 ], [ 73.1625646, 19.5201128, 0.0 ], [ 73.1625553, 19.5201128, 0.0 ], [ 73.1620805, 19.5201128, 0.0 ], [ 73.1613041, 19.5200044, 0.0 ], [ 73.160528, 19.519896, 0.0 ], [ 73.1595598, 19.5198793, 0.0 ], [ 73.158892, 19.5199961, 0.0 ], [ 73.1580073, 19.5200795, 0.0 ], [ 73.1573729, 19.5201795, 0.0 ], [ 73.1560208, 19.5201795, 0.0 ], [ 73.155353, 19.5201629, 0.0 ], [ 73.1536697, 19.5199891, 0.0 ], [ 73.1521201, 19.5198291, 0.0 ], [ 73.1483984, 19.519501, 0.0 ], [ 73.1470119, 19.5193787, 0.0 ], [ 73.1442241, 19.5191786, 0.0 ], [ 73.1432711, 19.5191674, 0.0 ], [ 73.1428051, 19.5191619, 0.0 ], [ 73.1408059, 19.518943, 0.0 ], [ 73.1399379, 19.518576, 0.0 ], [ 73.1393536, 19.5181257, 0.0 ], [ 73.1387526, 19.5176754, 0.0 ], [ 73.1372836, 19.5174085, 0.0 ], [ 73.1360483, 19.5172083, 0.0 ], [ 73.1353471, 19.5167079, 0.0 ], [ 73.1349298, 19.5162743, 0.0 ], [ 73.1336787, 19.5157339, 0.0 ], [ 73.1332065, 19.5152859, 0.0 ], [ 73.1325053, 19.5147355, 0.0 ], [ 73.1319544, 19.5142684, 0.0 ], [ 73.1316039, 19.5138163, 0.0 ], [ 73.1312177, 19.5131287, 0.0 ], [ 73.1306924, 19.5124402, 0.0 ], [ 73.1300828, 19.511296, 0.0 ], [ 73.1300303, 19.5105822, 0.0 ], [ 73.1301879, 19.5100573, 0.0 ], [ 73.1313817, 19.5086044, 0.0 ], [ 73.1319795, 19.5068344, 0.0 ], [ 73.1333499, 19.504231, 0.0 ], [ 73.1336354, 19.5033756, 0.0 ], [ 73.1334831, 19.5018928, 0.0 ], [ 73.1334546, 19.501803, 0.0 ], [ 73.1330377, 19.5013487, 0.0 ], [ 73.1327465, 19.5005281, 0.0 ], [ 73.13238, 19.5002735, 0.0 ], [ 73.1319404, 19.5000167, 0.0 ], [ 73.1316384, 19.4999513, 0.0 ], [ 73.1310928, 19.4998331, 0.0 ], [ 73.129082, 19.4995376, 0.0 ], [ 73.1281555, 19.4994759, 0.0 ], [ 73.1260145, 19.4993333, 0.0 ], [ 73.1245574, 19.499078, 0.0 ], [ 73.1224667, 19.4982826, 0.0 ], [ 73.1193116, 19.4965408, 0.0 ], [ 73.118502, 19.4962159, 0.0 ], [ 73.1181741, 19.4960843, 0.0 ], [ 73.1180223, 19.4960631, 0.0 ], [ 73.1171584, 19.4959423, 0.0 ], [ 73.1165187, 19.4959677, 0.0 ], [ 73.1153709, 19.4960133, 0.0 ], [ 73.1129109, 19.4964913, 0.0 ], [ 73.1116592, 19.4962207, 0.0 ], [ 73.1110527, 19.4957309, 0.0 ], [ 73.1095429, 19.4947643, 0.0 ], [ 73.1086267, 19.4943647, 0.0 ], [ 73.1078009, 19.4943261, 0.0 ], [ 73.1071557, 19.4945838, 0.0 ], [ 73.1063427, 19.4950478, 0.0 ], [ 73.1043101, 19.4962477, 0.0 ], [ 73.1039707, 19.4964481, 0.0 ], [ 73.1022172, 19.4963867, 0.0 ], [ 73.1008329, 19.4960794, 0.0 ], [ 73.1001562, 19.4957926, 0.0 ], [ 73.0997973, 19.4955059, 0.0 ], [ 73.0995307, 19.4949016, 0.0 ], [ 73.0995032, 19.4948365, 0.0 ], [ 73.0988263, 19.4932322, 0.0 ], [ 73.0980055, 19.4923604, 0.0 ], [ 73.0962857, 19.490881, 0.0 ], [ 73.0958862, 19.4906739, 0.0 ], [ 73.0953682, 19.4904054, 0.0 ], [ 73.0925345, 19.4896631, 0.0 ], [ 73.090609, 19.4893547, 0.0 ], [ 73.0898716, 19.4891836, 0.0 ], [ 73.0884241, 19.4888476, 0.0 ], [ 73.0877183, 19.4885048, 0.0 ], [ 73.0871291, 19.4880909, 0.0 ], [ 73.0860616, 19.4866982, 0.0 ], [ 73.0852134, 19.4857014, 0.0 ], [ 73.0851055, 19.4855747, 0.0 ], [ 73.0845244, 19.4851066, 0.0 ], [ 73.0829709, 19.4846067, 0.0 ], [ 73.0812697, 19.4842847, 0.0 ], [ 73.0811522, 19.4842625, 0.0 ], [ 73.0807929, 19.4840354, 0.0 ], [ 73.0804985, 19.4837566, 0.0 ], [ 73.0803676, 19.4836326, 0.0 ], [ 73.0794577, 19.4821843, 0.0 ], [ 73.0788971, 19.4809673, 0.0 ], [ 73.0784112, 19.4803924, 0.0 ], [ 73.077873, 19.4800714, 0.0 ], [ 73.0771404, 19.4798997, 0.0 ], [ 73.0765499, 19.4799967, 0.0 ], [ 73.0756155, 19.4804447, 0.0 ], [ 73.0749053, 19.4807806, 0.0 ], [ 73.0746664, 19.4807878, 0.0 ], [ 73.0741536, 19.4804938, 0.0 ], [ 73.0734793, 19.4800385, 0.0 ], [ 73.0728334, 19.4796495, 0.0 ], [ 73.0726613, 19.4796113, 0.0 ], [ 73.0718932, 19.4794409, 0.0 ], [ 73.0697808, 19.4795639, 0.0 ], [ 73.069299, 19.4795806, 0.0 ], [ 73.0678718, 19.4796303, 0.0 ], [ 73.0647703, 19.4797734, 0.0 ], [ 73.0630323, 19.4800484, 0.0 ], [ 73.0617596, 19.4800484, 0.0 ], [ 73.0614914, 19.4799584, 0.0 ], [ 73.0606009, 19.4796595, 0.0 ], [ 73.0591098, 19.4794224, 0.0 ], [ 73.057581, 19.4792955, 0.0 ], [ 73.0559972, 19.4795253, 0.0 ], [ 73.0552662, 19.4798904, 0.0 ], [ 73.0541156, 19.4811342, 0.0 ], [ 73.0527603, 19.482668, 0.0 ], [ 73.052097, 19.4843445, 0.0 ], [ 73.0512585, 19.4863523, 0.0 ], [ 73.0509199, 19.4870965, 0.0 ], [ 73.050257, 19.4882132, 0.0 ], [ 73.0496298, 19.4892699, 0.0 ], [ 73.0489937, 19.4917269, 0.0 ], [ 73.0485263, 19.4927466, 0.0 ], [ 73.0479974, 19.4931765, 0.0 ], [ 73.0479363, 19.4931911, 0.0 ], [ 73.0474316, 19.4933117, 0.0 ], [ 73.0470749, 19.493238, 0.0 ], [ 73.0464968, 19.4929923, 0.0 ], [ 73.0454267, 19.4926114, 0.0 ], [ 73.0444181, 19.4927834, 0.0 ], [ 73.0433726, 19.493238, 0.0 ], [ 73.0419581, 19.4939136, 0.0 ], [ 73.0410602, 19.4946016, 0.0 ], [ 73.0402053, 19.4955906, 0.0 ], [ 73.039502, 19.4966676, 0.0 ], [ 73.0389456, 19.4970422, 0.0 ], [ 73.0387831, 19.4971515, 0.0 ], [ 73.0379861, 19.4973232, 0.0 ], [ 73.0370172, 19.497292, 0.0 ], [ 73.0362202, 19.4970266, 0.0 ], [ 73.0355326, 19.4965584, 0.0 ], [ 73.0344699, 19.4955594, 0.0 ], [ 73.0331077, 19.4938986, 0.0 ], [ 73.0329668, 19.4937269, 0.0 ], [ 73.0314978, 19.4920099, 0.0 ], [ 73.0304977, 19.4913231, 0.0 ], [ 73.0291629, 19.4908613, 0.0 ], [ 73.0281952, 19.4908321, 0.0 ], [ 73.0277261, 19.4910663, 0.0 ], [ 73.0272374, 19.4914568, 0.0 ], [ 73.0264946, 19.4927552, 0.0 ], [ 73.0261622, 19.4932531, 0.0 ], [ 73.0256277, 19.4935893, 0.0 ], [ 73.0243073, 19.4940717, 0.0 ], [ 73.0234514, 19.4943892, 0.0 ], [ 73.0231219, 19.4946779, 0.0 ], [ 73.0228946, 19.495014, 0.0 ], [ 73.0228101, 19.4951389, 0.0 ], [ 73.0224601, 19.4957681, 0.0 ], [ 73.0221626, 19.4968866, 0.0 ], [ 73.0216727, 19.4984421, 0.0 ], [ 73.0211708, 19.5, 0.0 ], [ 73.0208501, 19.500777, 0.0 ], [ 73.0206813, 19.5014515, 0.0 ], [ 73.0192462, 19.5048443, 0.0 ], [ 73.0189255, 19.5053164, 0.0 ], [ 73.0183857, 19.5064315, 0.0 ], [ 73.0179466, 19.5068679, 0.0 ], [ 73.0173559, 19.5072389, 0.0 ], [ 73.0165068, 19.5074985, 0.0 ], [ 73.015955, 19.5071208, 0.0 ], [ 73.0155669, 19.5067835, 0.0 ], [ 73.0150943, 19.5064126, 0.0 ], [ 73.0146217, 19.505991, 0.0 ], [ 73.0140479, 19.5053333, 0.0 ], [ 73.012401, 19.5032567, 0.0 ], [ 73.0119284, 19.5028013, 0.0 ], [ 73.0114221, 19.5024472, 0.0 ], [ 73.0101225, 19.5019413, 0.0 ], [ 73.0092449, 19.5018739, 0.0 ], [ 73.0087386, 19.5020088, 0.0 ], [ 73.0071969, 19.5028207, 0.0 ], [ 73.0067977, 19.5029363, 0.0 ], [ 73.0053124, 19.5034253, 0.0 ], [ 73.0046373, 19.5033916, 0.0 ], [ 73.0042998, 19.5033578, 0.0 ], [ 73.0036273, 19.5030518, 0.0 ], [ 73.0033546, 19.502599, 0.0 ], [ 73.002995, 19.50077, 0.0 ], [ 73.0029614, 19.5000161, 0.0 ], [ 73.002928, 19.4997596, 0.0 ], [ 73.0026349, 19.4989825, 0.0 ], [ 73.0022402, 19.4982392, 0.0 ], [ 73.0011864, 19.4968993, 0.0 ], [ 73.0, 19.4958216, 0.0 ], [ 72.9989048, 19.4949514, 0.0 ], [ 72.9986657, 19.494604, 0.0 ], [ 72.9983614, 19.4941915, 0.0 ], [ 72.9980571, 19.4939961, 0.0 ], [ 72.9975572, 19.4937356, 0.0 ], [ 72.9969921, 19.4934316, 0.0 ], [ 72.9962314, 19.493106, 0.0 ], [ 72.9954924, 19.4930191, 0.0 ], [ 72.9947317, 19.4928237, 0.0 ], [ 72.9942752, 19.4925415, 0.0 ], [ 72.993884, 19.4923244, 0.0 ], [ 72.993471, 19.4919336, 0.0 ], [ 72.9932898, 19.4917978, 0.0 ], [ 72.9932102, 19.4917382, 0.0 ], [ 72.9926886, 19.4916296, 0.0 ], [ 72.9922756, 19.4915645, 0.0 ], [ 72.9915584, 19.4912823, 0.0 ], [ 72.991015, 19.4910434, 0.0 ], [ 72.9900587, 19.4905007, 0.0 ], [ 72.989624, 19.4903921, 0.0 ], [ 72.9883634, 19.4904138, 0.0 ], [ 72.9875374, 19.4904573, 0.0 ], [ 72.9865376, 19.4904573, 0.0 ], [ 72.985603, 19.4904573, 0.0 ], [ 72.9850379, 19.4904138, 0.0 ], [ 72.9841903, 19.4898928, 0.0 ], [ 72.9837556, 19.4893934, 0.0 ], [ 72.9826387, 19.4878425, 0.0 ], [ 72.9823561, 19.4874734, 0.0 ], [ 72.9820953, 19.4870392, 0.0 ], [ 72.9820953, 19.4865832, 0.0 ], [ 72.9820519, 19.4861924, 0.0 ], [ 72.9819649, 19.4858234, 0.0 ], [ 72.9817041, 19.4855628, 0.0 ], [ 72.9811607, 19.4853023, 0.0 ], [ 72.9805087, 19.4850418, 0.0 ], [ 72.9802044, 19.4847378, 0.0 ], [ 72.9799218, 19.4844773, 0.0 ], [ 72.9794654, 19.484347, 0.0 ], [ 72.9787264, 19.484347, 0.0 ], [ 72.977618, 19.4844339, 0.0 ], [ 72.9757891, 19.4848762, 0.0 ], [ 72.9755531, 19.4849332, 0.0 ], [ 72.9750315, 19.4849549, 0.0 ], [ 72.9746837, 19.4849766, 0.0 ], [ 72.9739882, 19.4849549, 0.0 ], [ 72.9737057, 19.4848464, 0.0 ], [ 72.9734883, 19.4845858, 0.0 ], [ 72.9732058, 19.4842819, 0.0 ], [ 72.9730102, 19.4838043, 0.0 ], [ 72.9729667, 19.4834786, 0.0 ], [ 72.972677, 19.4810782, 0.0 ], [ 72.9726335, 19.4804703, 0.0 ], [ 72.9725466, 19.4799926, 0.0 ], [ 72.972351, 19.4797104, 0.0 ], [ 72.9719815, 19.4793847, 0.0 ], [ 72.9700905, 19.4779952, 0.0 ], [ 72.9696776, 19.4776913, 0.0 ], [ 72.9692646, 19.4775393, 0.0 ], [ 72.9686778, 19.4775393, 0.0 ], [ 72.9680909, 19.4774742, 0.0 ], [ 72.9673737, 19.477409, 0.0 ], [ 72.9670694, 19.4771485, 0.0 ], [ 72.9668955, 19.4769097, 0.0 ], [ 72.9668738, 19.476584, 0.0 ], [ 72.9669338, 19.4750308, 0.0 ], [ 72.9669338, 19.4742493, 0.0 ], [ 72.9669121, 19.4738802, 0.0 ], [ 72.9667382, 19.4733591, 0.0 ], [ 72.9664556, 19.4729032, 0.0 ], [ 72.9662817, 19.4725558, 0.0 ], [ 72.9661296, 19.4720999, 0.0 ], [ 72.9659123, 19.4717959, 0.0 ], [ 72.9655645, 19.47134, 0.0 ], [ 72.9649559, 19.4707972, 0.0 ], [ 72.9645212, 19.470515, 0.0 ], [ 72.963804, 19.4702328, 0.0 ], [ 72.9596895, 19.4687872, 0.0 ], [ 72.956451, 19.4673977, 0.0 ], [ 72.9556903, 19.4672892, 0.0 ], [ 72.9549513, 19.4673109, 0.0 ], [ 72.9540167, 19.4673326, 0.0 ], [ 72.9530821, 19.4676582, 0.0 ], [ 72.9520388, 19.4677885, 0.0 ], [ 72.9511477, 19.4678319, 0.0 ], [ 72.9501262, 19.4676799, 0.0 ], [ 72.948996, 19.4676148, 0.0 ], [ 72.9481483, 19.4674628, 0.0 ], [ 72.9472572, 19.4674411, 0.0 ], [ 72.9463443, 19.4676148, 0.0 ], [ 72.9452793, 19.4677017, 0.0 ], [ 72.9445838, 19.4677668, 0.0 ], [ 72.9439752, 19.4677668, 0.0 ], [ 72.9425295, 19.4677328, 0.0 ], [ 72.9422718, 19.4677267, 0.0 ], [ 72.9410947, 19.467699, 0.0 ], [ 72.9397689, 19.467547, 0.0 ], [ 72.9389647, 19.4676773, 0.0 ], [ 72.938617, 19.4677207, 0.0 ], [ 72.9381171, 19.4679595, 0.0 ], [ 72.9379215, 19.4682201, 0.0 ], [ 72.9376389, 19.4685457, 0.0 ], [ 72.9373781, 19.4688931, 0.0 ], [ 72.937226, 19.4692405, 0.0 ], [ 72.937226, 19.4695444, 0.0 ], [ 72.9372911, 19.4697615, 0.0 ], [ 72.9375737, 19.4699135, 0.0 ], [ 72.9378997, 19.4701523, 0.0 ], [ 72.938204, 19.4704129, 0.0 ], [ 72.93853, 19.4708254, 0.0 ], [ 72.9390299, 19.471303, 0.0 ], [ 72.9397472, 19.4730291, 0.0 ], [ 72.9399863, 19.4739193, 0.0 ], [ 72.9399863, 19.474462, 0.0 ], [ 72.9400081, 19.4751351, 0.0 ], [ 72.9398994, 19.475743, 0.0 ], [ 72.9398342, 19.4763074, 0.0 ], [ 72.9396603, 19.4768285, 0.0 ], [ 72.9393995, 19.4773061, 0.0 ], [ 72.9391604, 19.4777621, 0.0 ], [ 72.9389213, 19.4781529, 0.0 ], [ 72.9385953, 19.4784351, 0.0 ], [ 72.9382041, 19.4785871, 0.0 ], [ 72.9377911, 19.4786522, 0.0 ], [ 72.937552, 19.4786088, 0.0 ], [ 72.9373347, 19.4783265, 0.0 ], [ 72.9373129, 19.4780443, 0.0 ], [ 72.9372695, 19.4776535, 0.0 ], [ 72.9370521, 19.4772844, 0.0 ], [ 72.9367696, 19.4767851, 0.0 ], [ 72.9364218, 19.4763509, 0.0 ], [ 72.9362045, 19.4758949, 0.0 ], [ 72.9358784, 19.4753956, 0.0 ], [ 72.9356611, 19.4752219, 0.0 ], [ 72.9353133, 19.4748528, 0.0 ], [ 72.9346395, 19.4747008, 0.0 ], [ 72.93427, 19.4747008, 0.0 ], [ 72.9335093, 19.4747008, 0.0 ], [ 72.9330746, 19.4747008, 0.0 ], [ 72.9322851, 19.4747725, 0.0 ], [ 72.9321183, 19.4747877, 0.0 ], [ 72.9315532, 19.4750048, 0.0 ], [ 72.931162, 19.4752436, 0.0 ], [ 72.9302274, 19.476112, 0.0 ], [ 72.9289212, 19.4772729, 0.0 ], [ 72.927293, 19.47872, 0.0 ], [ 72.9263084, 19.4795951, 0.0 ], [ 72.9253303, 19.4800076, 0.0 ], [ 72.9247, 19.4802464, 0.0 ], [ 72.924374, 19.4803333, 0.0 ], [ 72.9236567, 19.4803333, 0.0 ], [ 72.9226352, 19.4802247, 0.0 ], [ 72.9218745, 19.4801596, 0.0 ], [ 72.9185556, 19.4799429, 0.0 ], [ 72.9175341, 19.4799429, 0.0 ], [ 72.9171758, 19.4799765, 0.0 ], [ 72.9168386, 19.4800081, 0.0 ], [ 72.9163604, 19.4802252, 0.0 ], [ 72.9159257, 19.4805074, 0.0 ], [ 72.9155997, 19.4809851, 0.0 ], [ 72.9153172, 19.4814844, 0.0 ], [ 72.9149694, 19.4823528, 0.0 ], [ 72.9142296, 19.4856023, 0.0 ], [ 72.9139035, 19.4867096, 0.0 ], [ 72.913621, 19.4872306, 0.0 ], [ 72.9128168, 19.4882727, 0.0 ], [ 72.9117482, 19.4902615, 0.0 ], [ 72.9114874, 19.4906089, 0.0 ], [ 72.91121, 19.4908552, 0.0 ], [ 72.9109005, 19.4911299, 0.0 ], [ 72.9095312, 19.491651, 0.0 ], [ 72.9087705, 19.4921721, 0.0 ], [ 72.9082054, 19.492476, 0.0 ], [ 72.9073795, 19.4928234, 0.0 ], [ 72.9061189, 19.4932359, 0.0 ], [ 72.9037682, 19.4946987, 0.0 ], [ 72.9033987, 19.4951981, 0.0 ], [ 72.902964, 19.4960231, 0.0 ], [ 72.9026814, 19.4971303, 0.0 ], [ 72.9025293, 19.4979337, 0.0 ], [ 72.9020728, 19.4989106, 0.0 ], [ 72.9018555, 19.49941, 0.0 ], [ 72.9017468, 19.5004521, 0.0 ], [ 72.9013773, 19.50106, 0.0 ], [ 72.90116, 19.5015376, 0.0 ], [ 72.9010296, 19.501885, 0.0 ], [ 72.9010078, 19.5024929, 0.0 ], [ 72.9010383, 19.5028239, 0.0 ], [ 72.9011589, 19.5041334, 0.0 ], [ 72.9011543, 19.5041562, 0.0 ], [ 72.9010502, 19.5046762, 0.0 ], [ 72.9007422, 19.5050163, 0.0 ], [ 72.9006373, 19.5051321, 0.0 ], [ 72.9001156, 19.5054577, 0.0 ], [ 72.8990724, 19.5056314, 0.0 ], [ 72.8975292, 19.5057834, 0.0 ], [ 72.8957687, 19.5059354, 0.0 ], [ 72.8950949, 19.5062176, 0.0 ], [ 72.8946819, 19.5064782, 0.0 ], [ 72.8933778, 19.5070861, 0.0 ], [ 72.8926606, 19.50739, 0.0 ], [ 72.892052, 19.5078242, 0.0 ], [ 72.8912261, 19.508215, 0.0 ], [ 72.8886953, 19.5090917, 0.0 ], [ 72.8861958, 19.509895, 0.0 ], [ 72.8855872, 19.510199, 0.0 ], [ 72.8849569, 19.5104595, 0.0 ], [ 72.8845657, 19.510872, 0.0 ], [ 72.8843667, 19.5110708, 0.0 ], [ 72.8841745, 19.5112628, 0.0 ], [ 72.8838485, 19.5116753, 0.0 ], [ 72.8833703, 19.5123918, 0.0 ], [ 72.8829356, 19.5131082, 0.0 ], [ 72.882429, 19.514182, 0.0 ], [ 72.8816487, 19.5158356, 0.0 ], [ 72.881301, 19.5168777, 0.0 ], [ 72.8809967, 19.5178547, 0.0 ], [ 72.8806489, 19.5189185, 0.0 ], [ 72.8805151, 19.5192969, 0.0 ], [ 72.8793837, 19.5224953, 0.0 ], [ 72.8791229, 19.5231249, 0.0 ], [ 72.878623, 19.5235374, 0.0 ], [ 72.8781013, 19.5238848, 0.0 ], [ 72.877145, 19.5241888, 0.0 ], [ 72.8757105, 19.5246881, 0.0 ], [ 72.8731354, 19.5256347, 0.0 ] ] } },
{ "type": "Feature", "properties": { "objectid": 24300, "rivname": "Tansa N", "rilcode": null, "st_length_": 16.8231, "bacode": 14, "ba_name": "West flowing rivers from Tapi to Tadri", "sub_basin": "Bhatsol and others", "remarks": null }, "geometry": { "type": "LineString", "coordinates": [ [ 73.3853993, 19.5996223, 0.0 ], [ 73.3865316, 19.5995385, 0.0 ], [ 73.3872273, 19.5991032, 0.0 ], [ 73.3875742, 19.5986888, 0.0 ], [ 73.387689, 19.5981935, 0.0 ], [ 73.3876316, 19.5974781, 0.0 ], [ 73.3874817, 19.5970956, 0.0 ], [ 73.3872831, 19.5967665, 0.0 ], [ 73.3869062, 19.5965248, 0.0 ], [ 73.3864097, 19.5963034, 0.0 ], [ 73.3861818, 19.5962451, 0.0 ], [ 73.3859737, 19.596151, 0.0 ], [ 73.3857704, 19.5958173, 0.0 ], [ 73.3854919, 19.595428, 0.0 ], [ 73.3851713, 19.5949927, 0.0 ], [ 73.3848655, 19.5947748, 0.0 ], [ 73.384502, 19.5945785, 0.0 ], [ 73.3841834, 19.5945275, 0.0 ], [ 73.3840274, 19.5944569, 0.0 ], [ 73.3836951, 19.59413, 0.0 ], [ 73.3834474, 19.5938679, 0.0 ], [ 73.3832848, 19.5937566, 0.0 ], [ 73.3828767, 19.5934397, 0.0 ], [ 73.3825972, 19.5933398, 0.0 ], [ 73.3824538, 19.5932152, 0.0 ], [ 73.3819948, 19.5929641, 0.0 ], [ 73.3815398, 19.5926267, 0.0 ], [ 73.3814059, 19.5924027, 0.0 ], [ 73.3807455, 19.5922643, 0.0 ], [ 73.3801057, 19.5922891, 0.0 ], [ 73.3792051, 19.5927117, 0.0 ], [ 73.3786275, 19.592733, 0.0 ], [ 73.3780045, 19.592627, 0.0 ], [ 73.3779843, 19.5926899, 0.0 ], [ 73.3779784, 19.5927441, 0.0 ], [ 73.3779103, 19.5928107, 0.0 ], [ 73.3776936, 19.5929063, 0.0 ], [ 73.3770715, 19.5930037, 0.0 ], [ 73.3766363, 19.5930592, 0.0 ], [ 73.376155, 19.5930326, 0.0 ], [ 73.3757921, 19.5930442, 0.0 ], [ 73.3754855, 19.5931111, 0.0 ], [ 73.3751232, 19.5933352, 0.0 ], [ 73.3749668, 19.5935224, 0.0 ], [ 73.3748338, 19.5937325, 0.0 ], [ 73.374806, 19.5941706, 0.0 ], [ 73.3747913, 19.5949118, 0.0 ], [ 73.3747691, 19.5950652, 0.0 ], [ 73.374723, 19.5952271, 0.0 ], [ 73.3745968, 19.5953379, 0.0 ], [ 73.3745031, 19.59549, 0.0 ], [ 73.3741431, 19.5955966, 0.0 ], [ 73.3734621, 19.5957788, 0.0 ], [ 73.3731535, 19.5959406, 0.0 ], [ 73.3729332, 19.5959819, 0.0 ], [ 73.3727418, 19.5960102, 0.0 ], [ 73.3724561, 19.5959824, 0.0 ], [ 73.3719896, 19.5959289, 0.0 ], [ 73.3717475, 19.5958703, 0.0 ], [ 73.3713062, 19.5957449, 0.0 ], [ 73.371051, 19.5956228, 0.0 ], [ 73.3707469, 19.5955585, 0.0 ], [ 73.3702624, 19.595455, 0.0 ], [ 73.3701083, 19.5955246, 0.0 ], [ 73.3698427, 19.5956916, 0.0 ], [ 73.3694828, 19.5960333, 0.0 ], [ 73.369204, 19.5963765, 0.0 ], [ 73.3689753, 19.5965985, 0.0 ], [ 73.3688457, 19.5966369, 0.0 ], [ 73.3685864, 19.5967227, 0.0 ], [ 73.3683433, 19.5967092, 0.0 ], [ 73.3679056, 19.5966517, 0.0 ], [ 73.3676458, 19.5965159, 0.0 ], [ 73.3674127, 19.5964846, 0.0 ], [ 73.3671219, 19.5964749, 0.0 ], [ 73.3667632, 19.5965137, 0.0 ], [ 73.3663566, 19.5965697, 0.0 ], [ 73.3660297, 19.5966951, 0.0 ], [ 73.3658515, 19.5967777, 0.0 ], [ 73.365578, 19.5968542, 0.0 ], [ 73.365358, 19.5968819, 0.0 ], [ 73.3649274, 19.5969421, 0.0 ], [ 73.3644319, 19.5971457, 0.0 ], [ 73.3640124, 19.5973688, 0.0 ], [ 73.363563, 19.5976547, 0.0 ], [ 73.3632884, 19.5977899, 0.0 ], [ 73.3630324, 19.5979481, 0.0 ], [ 73.362797, 19.5980253, 0.0 ], [ 73.3625086, 19.5981331, 0.0 ], [ 73.362365, 19.5981623, 0.0 ], [ 73.3622313, 19.5981644, 0.0 ], [ 73.3620893, 19.5981076, 0.0 ], [ 73.3618709, 19.5980539, 0.0 ], [ 73.3616126, 19.5978458, 0.0 ], [ 73.3612213, 19.5973686, 0.0 ], [ 73.3605569, 19.5957605, 0.0 ], [ 73.3602947, 19.595037, 0.0 ], [ 73.3599199, 19.5942118, 0.0 ], [ 73.3594105, 19.593434, 0.0 ], [ 73.3590492, 19.592894, 0.0 ], [ 73.3588947, 19.5925114, 0.0 ], [ 73.3589097, 19.5920008, 0.0 ], [ 73.3593136, 19.5911218, 0.0 ], [ 73.359817, 19.5902808, 0.0 ], [ 73.3600385, 19.5897015, 0.0 ], [ 73.3600209, 19.5892295, 0.0 ], [ 73.3597488, 19.5889185, 0.0 ], [ 73.3593708, 19.5884913, 0.0 ], [ 73.3589367, 19.5882529, 0.0 ], [ 73.3584406, 19.5880311, 0.0 ], [ 73.3578641, 19.5879759, 0.0 ], [ 73.3572848, 19.5878644, 0.0 ], [ 73.3570154, 19.5878623, 0.0 ], [ 73.3566486, 19.5878798, 0.0 ], [ 73.3561945, 19.5877926, 0.0 ], [ 73.3560606, 19.5877344, 0.0 ], [ 73.3559964, 19.5876197, 0.0 ], [ 73.3559964, 19.587289, 0.0 ], [ 73.3560674, 19.5868638, 0.0 ], [ 73.3562802, 19.586226, 0.0 ], [ 73.3564925, 19.5853462, 0.0 ], [ 73.3564807, 19.5846376, 0.0 ], [ 73.3563624, 19.5843305, 0.0 ], [ 73.3561646, 19.5842227, 0.0 ], [ 73.3558421, 19.584047, 0.0 ], [ 73.3532641, 19.5833383, 0.0 ], [ 73.3529444, 19.5831932, 0.0 ], [ 73.3527437, 19.5831021, 0.0 ], [ 73.3522825, 19.5825706, 0.0 ], [ 73.3515963, 19.5815201, 0.0 ], [ 73.3511278, 19.580803, 0.0 ], [ 73.3504325, 19.5800166, 0.0 ], [ 73.3503904, 19.5799907, 0.0 ], [ 73.3496872, 19.5795586, 0.0 ], [ 73.3492616, 19.5794617, 0.0 ], [ 73.3488583, 19.5793871, 0.0 ], [ 73.3483281, 19.5793945, 0.0 ], [ 73.3483061, 19.5794011, 0.0 ], [ 73.3474545, 19.5796556, 0.0 ], [ 73.3456453, 19.5803908, 0.0 ], [ 73.3451518, 19.5805913, 0.0 ], [ 73.3444728, 19.5807509, 0.0 ], [ 73.3438471, 19.5808373, 0.0 ], [ 73.3436341, 19.5808506, 0.0 ], [ 73.3436338, 19.5808505, 0.0 ], [ 73.3434743, 19.5807642, 0.0 ], [ 73.3433745, 19.5806578, 0.0 ], [ 73.3433079, 19.5804451, 0.0 ], [ 73.3433013, 19.5801193, 0.0 ], [ 73.3433279, 19.5797802, 0.0 ], [ 73.3437668, 19.5785103, 0.0 ], [ 73.3448199, 19.5762076, 0.0 ], [ 73.3454462, 19.5750909, 0.0 ], [ 73.3455126, 19.5747782, 0.0 ], [ 73.3454658, 19.574423, 0.0 ], [ 73.3454652, 19.5744181, 0.0 ], [ 73.3454462, 19.574257, 0.0 ], [ 73.3453229, 19.5741433, 0.0 ], [ 73.3449801, 19.5741345, 0.0 ], [ 73.3449528, 19.5741338, 0.0 ], [ 73.3444121, 19.5741338, 0.0 ], [ 73.3438618, 19.5742949, 0.0 ], [ 73.3434535, 19.5743109, 0.0 ], [ 73.3433779, 19.5743139, 0.0 ], [ 73.3429794, 19.5742665, 0.0 ], [ 73.342135, 19.5740296, 0.0 ], [ 73.3414504, 19.5739251, 0.0 ], [ 73.3400061, 19.5737046, 0.0 ], [ 73.3392566, 19.5735435, 0.0 ], [ 73.3385356, 19.5733066, 0.0 ], [ 73.3380707, 19.572956, 0.0 ], [ 73.3379262, 19.5724983, 0.0 ], [ 73.3378524, 19.5722643, 0.0 ], [ 73.337786, 19.5712693, 0.0 ], [ 73.3377046, 19.5707588, 0.0 ], [ 73.3376817, 19.5706155, 0.0 ], [ 73.337288, 19.5697812, 0.0 ], [ 73.3366525, 19.5690249, 0.0 ], [ 73.3356518, 19.5684171, 0.0 ], [ 73.3348335, 19.5682199, 0.0 ], [ 73.3344921, 19.5681377, 0.0 ], [ 73.3334928, 19.5680625, 0.0 ], [ 73.3333841, 19.5680651, 0.0 ], [ 73.3325794, 19.568084, 0.0 ], [ 73.3323162, 19.56816, 0.0 ], [ 73.3316875, 19.5683416, 0.0 ], [ 73.3307849, 19.5689104, 0.0 ], [ 73.3302262, 19.5692753, 0.0 ], [ 73.329979, 19.5693934, 0.0 ], [ 73.3299331, 19.5693966, 0.0 ], [ 73.3298286, 19.5694041, 0.0 ], [ 73.3296137, 19.5693397, 0.0 ], [ 73.3295062, 19.5692002, 0.0 ], [ 73.329388, 19.5689211, 0.0 ], [ 73.3293665, 19.5684596, 0.0 ], [ 73.3294197, 19.5681896, 0.0 ], [ 73.3294955, 19.567805, 0.0 ], [ 73.3301812, 19.5665739, 0.0 ], [ 73.3307276, 19.5659513, 0.0 ], [ 73.3309032, 19.5657976, 0.0 ], [ 73.3315558, 19.5652257, 0.0 ], [ 73.3316328, 19.5651582, 0.0 ], [ 73.3326904, 19.5639484, 0.0 ], [ 73.3328884, 19.5636153, 0.0 ], [ 73.3331014, 19.5632566, 0.0 ], [ 73.3333755, 19.562732, 0.0 ], [ 73.3333831, 19.5621771, 0.0 ], [ 73.3332406, 19.5615385, 0.0 ], [ 73.3330768, 19.5611338, 0.0 ], [ 73.332663, 19.5607894, 0.0 ], [ 73.3316113, 19.5603588, 0.0 ], [ 73.3306853, 19.5601264, 0.0 ], [ 73.3297606, 19.5598943, 0.0 ], [ 73.3297588, 19.5598942, 0.0 ], [ 73.3283562, 19.5597917, 0.0 ], [ 73.328089, 19.5597849, 0.0 ], [ 73.3279178, 19.5596754, 0.0 ], [ 73.3278814, 19.5595929, 0.0 ], [ 73.3278424, 19.5595043, 0.0 ], [ 73.3277739, 19.5591554, 0.0 ], [ 73.3279487, 19.5581838, 0.0 ], [ 73.3280854, 19.5569453, 0.0 ], [ 73.3280072, 19.5559798, 0.0 ], [ 73.327753, 19.5550597, 0.0 ], [ 73.3275702, 19.5545902, 0.0 ], [ 73.3273526, 19.5541382, 0.0 ], [ 73.3262534, 19.5529182, 0.0 ], [ 73.3262262, 19.5527279, 0.0 ], [ 73.3262806, 19.5524941, 0.0 ], [ 73.3263841, 19.5522821, 0.0 ], [ 73.3266198, 19.5520302, 0.0 ], [ 73.3277264, 19.5510427, 0.0 ], [ 73.3279823, 19.5507802, 0.0 ], [ 73.3280178, 19.5507228, 0.0 ], [ 73.3281275, 19.5505453, 0.0 ], [ 73.3282589, 19.5502068, 0.0 ], [ 73.3282866, 19.5498614, 0.0 ], [ 73.3282244, 19.5495575, 0.0 ], [ 73.328093, 19.5493088, 0.0 ], [ 73.3277264, 19.5490808, 0.0 ], [ 73.3273875, 19.5489634, 0.0 ], [ 73.3271039, 19.5489841, 0.0 ], [ 73.3267858, 19.5490739, 0.0 ], [ 73.3263329, 19.5493862, 0.0 ], [ 73.32538, 19.5500433, 0.0 ], [ 73.3242596, 19.5508722, 0.0 ], [ 73.3240884, 19.5510191, 0.0 ], [ 73.3236233, 19.551418, 0.0 ], [ 73.3229658, 19.5521044, 0.0 ], [ 73.3227856, 19.5529909, 0.0 ], [ 73.3229516, 19.5540064, 0.0 ], [ 73.3229723, 19.5543587, 0.0 ], [ 73.3228791, 19.5545517, 0.0 ], [ 73.3228666, 19.5545544, 0.0 ], [ 73.3225979, 19.5546131, 0.0 ], [ 73.3222288, 19.5546043, 0.0 ], [ 73.3217016, 19.554578, 0.0 ], [ 73.3214712, 19.5545238, 0.0 ], [ 73.3214028, 19.5545078, 0.0 ], [ 73.3206998, 19.5539724, 0.0 ], [ 73.3201638, 19.5534721, 0.0 ], [ 73.3196902, 19.5530086, 0.0 ], [ 73.3188545, 19.5521907, 0.0 ], [ 73.3184942, 19.5520942, 0.0 ], [ 73.3182569, 19.552103, 0.0 ], [ 73.318169, 19.5522785, 0.0 ], [ 73.3181778, 19.5529367, 0.0 ], [ 73.3183326, 19.5549121, 0.0 ], [ 73.3183865, 19.5574745, 0.0 ], [ 73.3182538, 19.5577744, 0.0 ], [ 73.3180792, 19.557893, 0.0 ], [ 73.3178767, 19.5579348, 0.0 ], [ 73.3177895, 19.5579203, 0.0 ], [ 73.3176672, 19.5579, 0.0 ], [ 73.3174508, 19.5577256, 0.0 ], [ 73.3165326, 19.5562232, 0.0 ], [ 73.3163162, 19.5560458, 0.0 ], [ 73.3158112, 19.5557909, 0.0 ], [ 73.3149234, 19.5556912, 0.0 ], [ 73.313588, 19.5555639, 0.0 ] ] } },
{ "type": "Feature", "properties": { "objectid": 25950, "rivname": "Vachko N", "rilcode": null, "st_length_": 12.6815, "bacode": 14, "ba_name": "West flowing rivers from Tapi to Tadri", "sub_basin": "Bhatsol and others", "remarks": null }, "geometry": { "type": "LineString", "coordinates": [ [ 73.0432023, 19.4364267, 0.0 ], [ 73.0434506, 19.4359703, 0.0 ], [ 73.0435943, 19.4354984, 0.0 ], [ 73.0436489, 19.4340885, 0.0 ], [ 73.0436508, 19.4335641, 0.0 ], [ 73.0437521, 19.4332947, 0.0 ], [ 73.0440239, 19.4324137, 0.0 ], [ 73.044508, 19.4311933, 0.0 ], [ 73.0447405, 19.4305873, 0.0 ], [ 73.0451134, 19.4300972, 0.0 ], [ 73.0453776, 19.4297859, 0.0 ], [ 73.0455982, 19.4292837, 0.0 ], [ 73.0456691, 19.4284395, 0.0 ], [ 73.045849, 19.4278371, 0.0 ], [ 73.0460812, 19.4272447, 0.0 ], [ 73.046207, 19.4269397, 0.0 ], [ 73.0467138, 19.4264296, 0.0 ], [ 73.0473832, 19.4263297, 0.0 ], [ 73.048088, 19.4263616, 0.0 ], [ 73.0487068, 19.4264008, 0.0 ], [ 73.0495647, 19.426187, 0.0 ], [ 73.0500151, 19.4262953, 0.0 ], [ 73.051054, 19.4260851, 0.0 ], [ 73.051241, 19.4262469, 0.0 ], [ 73.0516851, 19.426432, 0.0 ], [ 73.051954, 19.4265594, 0.0 ], [ 73.0525363, 19.4269642, 0.0 ], [ 73.0527205, 19.4270401, 0.0 ], [ 73.0534906, 19.426915, 0.0 ], [ 73.0543187, 19.4267548, 0.0 ], [ 73.0550741, 19.4264259, 0.0 ], [ 73.0553828, 19.4262601, 0.0 ], [ 73.0556335, 19.4261294, 0.0 ], [ 73.0561973, 19.426068, 0.0 ], [ 73.0564019, 19.4260811, 0.0 ], [ 73.0568323, 19.4258001, 0.0 ], [ 73.0573179, 19.4256061, 0.0 ], [ 73.0575903, 19.4253492, 0.0 ], [ 73.0580677, 19.424436, 0.0 ], [ 73.0583996, 19.4240807, 0.0 ], [ 73.0585351, 19.4237668, 0.0 ], [ 73.0587547, 19.4235269, 0.0 ], [ 73.0590924, 19.4233436, 0.0 ], [ 73.0592067, 19.4233458, 0.0 ], [ 73.0599488, 19.4234146, 0.0 ], [ 73.0603165, 19.4233811, 0.0 ], [ 73.0606882, 19.4231622, 0.0 ], [ 73.060874, 19.4231703, 0.0 ], [ 73.0613216, 19.4236268, 0.0 ], [ 73.0615401, 19.4236627, 0.0 ], [ 73.061729, 19.4235217, 0.0 ], [ 73.0619146, 19.4231002, 0.0 ], [ 73.0620622, 19.4228861, 0.0 ], [ 73.0622837, 19.4227819, 0.0 ], [ 73.062658, 19.4228841, 0.0 ], [ 73.0628035, 19.423208, 0.0 ], [ 73.0631038, 19.4240866, 0.0 ], [ 73.0634372, 19.4247579, 0.0 ], [ 73.0638776, 19.4251101, 0.0 ], [ 73.0641765, 19.4251747, 0.0 ], [ 73.0646983, 19.4250719, 0.0 ], [ 73.0651918, 19.4247288, 0.0 ], [ 73.0655723, 19.4247679, 0.0 ], [ 73.0658928, 19.4250487, 0.0 ] ] } },
{ "type": "Feature", "properties": { "objectid": 26060, "rivname": "Vandri N", "rilcode": null, "st_length_": 19.7827, "bacode": 14, "ba_name": "West flowing rivers from Tapi to Tadri", "sub_basin": "Bhatsol and others", "remarks": null }, "geometry": { "type": "LineString", "coordinates": [ [ 72.9896871, 19.5780396, 0.0 ], [ 72.9883375, 19.5782343, 0.0 ], [ 72.9881079, 19.5782614, 0.0 ], [ 72.9875763, 19.5783502, 0.0 ], [ 72.9870025, 19.5784157, 0.0 ], [ 72.986509, 19.57851, 0.0 ], [ 72.985956, 19.5787069, 0.0 ], [ 72.9857355, 19.5787522, 0.0 ], [ 72.9854953, 19.5788244, 0.0 ], [ 72.985021, 19.578919, 0.0 ], [ 72.9845933, 19.5790551, 0.0 ], [ 72.9843157, 19.5790993, 0.0 ], [ 72.9841235, 19.5791633, 0.0 ], [ 72.9838296, 19.5792931, 0.0 ], [ 72.9837129, 19.5793903, 0.0 ], [ 72.983677, 19.5795026, 0.0 ], [ 72.9835642, 19.5796451, 0.0 ], [ 72.9834104, 19.5799087, 0.0 ], [ 72.9832307, 19.5802669, 0.0 ], [ 72.9831491, 19.5805004, 0.0 ], [ 72.983186, 19.5814236, 0.0 ], [ 72.9823264, 19.5823244, 0.0 ], [ 72.9819901, 19.5826433, 0.0 ], [ 72.9816391, 19.5827629, 0.0 ], [ 72.9812571, 19.5829995, 0.0 ], [ 72.9810631, 19.5831358, 0.0 ], [ 72.9805475, 19.5831571, 0.0 ], [ 72.9802845, 19.583179, 0.0 ], [ 72.9801406, 19.5832169, 0.0 ], [ 72.9796391, 19.5834601, 0.0 ], [ 72.9795718, 19.5834814, 0.0 ], [ 72.9795133, 19.5835345, 0.0 ], [ 72.9794605, 19.583547, 0.0 ], [ 72.9791849, 19.5837179, 0.0 ], [ 72.9789466, 19.583704, 0.0 ], [ 72.9785958, 19.5836066, 0.0 ], [ 72.9779366, 19.5836432, 0.0 ], [ 72.9776346, 19.583705, 0.0 ], [ 72.9773407, 19.5838347, 0.0 ], [ 72.9770288, 19.583702, 0.0 ], [ 72.9766967, 19.5836185, 0.0 ], [ 72.9765155, 19.5836103, 0.0 ], [ 72.9764007, 19.5836261, 0.0 ], [ 72.9761939, 19.5836988, 0.0 ], [ 72.975861, 19.5838685, 0.0 ], [ 72.9755113, 19.5841509, 0.0 ], [ 72.9750772, 19.5843593, 0.0 ], [ 72.9745214, 19.5842533, 0.0 ], [ 72.9736393, 19.5838016, 0.0 ], [ 72.9735219, 19.5837179, 0.0 ], [ 72.9734895, 19.583672, 0.0 ], [ 72.9733489, 19.5835561, 0.0 ], [ 72.9731418, 19.58343, 0.0 ], [ 72.9728959, 19.5833301, 0.0 ], [ 72.9728104, 19.5833148, 0.0 ], [ 72.9726762, 19.5833438, 0.0 ], [ 72.972599, 19.5833784, 0.0 ], [ 72.9725317, 19.5834042, 0.0 ], [ 72.9724832, 19.5834394, 0.0 ], [ 72.9722479, 19.5837241, 0.0 ], [ 72.9721884, 19.5838269, 0.0 ], [ 72.9719371, 19.5846132, 0.0 ], [ 72.9716577, 19.5849513, 0.0 ], [ 72.9712526, 19.5851421, 0.0 ], [ 72.9709472, 19.5851451, 0.0 ], [ 72.9706452, 19.5852114, 0.0 ], [ 72.9697497, 19.5850155, 0.0 ], [ 72.9694911, 19.5849251, 0.0 ], [ 72.9689352, 19.5848089, 0.0 ], [ 72.9687025, 19.5848476, 0.0 ], [ 72.9684052, 19.5850026, 0.0 ], [ 72.9680044, 19.5853254, 0.0 ], [ 72.96755, 19.5857097, 0.0 ], [ 72.9674494, 19.5857948, 0.0 ], [ 72.9659855, 19.587033, 0.0 ], [ 72.9656752, 19.5872655, 0.0 ], [ 72.9654555, 19.5873042, 0.0 ], [ 72.9652745, 19.5872396, 0.0 ], [ 72.9650806, 19.5871622, 0.0 ], [ 72.964822, 19.5871363, 0.0 ], [ 72.9643043, 19.5871501, 0.0 ], [ 72.9639294, 19.5872792, 0.0 ], [ 72.9637226, 19.58746, 0.0 ], [ 72.963645, 19.5876537, 0.0 ], [ 72.963645, 19.5879765, 0.0 ], [ 72.9636321, 19.5882606, 0.0 ], [ 72.963457, 19.5887603, 0.0 ], [ 72.9634511, 19.5887771, 0.0 ], [ 72.962994, 19.5895853, 0.0 ], [ 72.9627457, 19.5900243, 0.0 ], [ 72.9627024, 19.5900663, 0.0 ], [ 72.96014, 19.5925445, 0.0 ], [ 72.9594782, 19.5930816, 0.0 ], [ 72.9584769, 19.5932336, 0.0 ], [ 72.9575917, 19.5933885, 0.0 ], [ 72.9574837, 19.5934342, 0.0 ], [ 72.9564386, 19.5938777, 0.0 ], [ 72.956061, 19.5940816, 0.0 ], [ 72.9559793, 19.5942956, 0.0 ], [ 72.9559896, 19.5944791, 0.0 ], [ 72.956214, 19.5954404, 0.0 ], [ 72.9561528, 19.596001, 0.0 ], [ 72.9561324, 19.5964495, 0.0 ], [ 72.9560099, 19.5966432, 0.0 ], [ 72.9558875, 19.5967961, 0.0 ], [ 72.9556324, 19.5968471, 0.0 ], [ 72.9554895, 19.5968369, 0.0 ], [ 72.9543936, 19.596664, 0.0 ], [ 72.953914, 19.596664, 0.0 ], [ 72.953414, 19.596766, 0.0 ], [ 72.952045, 19.5972377, 0.0 ], [ 72.9507025, 19.597812, 0.0 ], [ 72.9501905, 19.5980928, 0.0 ], [ 72.9500155, 19.5981889, 0.0 ], [ 72.9495454, 19.5986584, 0.0 ], [ 72.9488142, 19.5996235, 0.0 ], [ 72.9485792, 19.6001713, 0.0 ], [ 72.9483234, 19.6008618, 0.0 ], [ 72.9474007, 19.6033528, 0.0 ], [ 72.9472226, 19.6038338, 0.0 ], [ 72.946595, 19.6047592, 0.0 ], [ 72.9444158, 19.6079724, 0.0 ], [ 72.9431259, 19.612951, 0.0 ], [ 72.9428058, 19.6142467, 0.0 ], [ 72.9422579, 19.6164651, 0.0 ], [ 72.9422579, 19.6183039, 0.0 ], [ 72.9421309, 19.6189591, 0.0 ], [ 72.9419193, 19.6196143, 0.0 ], [ 72.9415385, 19.6199736, 0.0 ], [ 72.9413963, 19.6200633, 0.0 ], [ 72.9411365, 19.6202272, 0.0 ], [ 72.9400574, 19.6203752, 0.0 ], [ 72.9392956, 19.620354, 0.0 ], [ 72.93828, 19.6202061, 0.0 ], [ 72.9370105, 19.6202061, 0.0 ], [ 72.9355294, 19.6202061, 0.0 ], [ 72.9351262, 19.6202397, 0.0 ], [ 72.9347676, 19.6202695, 0.0 ], [ 72.9341752, 19.6204386, 0.0 ], [ 72.9337097, 19.6206711, 0.0 ], [ 72.9332654, 19.6210092, 0.0 ], [ 72.9327152, 19.6211995, 0.0 ], [ 72.9321016, 19.6212417, 0.0 ], [ 72.9316996, 19.6212206, 0.0 ], [ 72.9312764, 19.6213051, 0.0 ], [ 72.9307051, 19.6214531, 0.0 ], [ 72.9303454, 19.6217912, 0.0 ], [ 72.9300069, 19.6222774, 0.0 ], [ 72.9300068, 19.6222775, 0.0 ], [ 72.9296683, 19.622848, 0.0 ], [ 72.9294991, 19.6231862, 0.0 ], [ 72.9280773, 19.6246758, 0.0 ], [ 72.927506, 19.6249928, 0.0 ], [ 72.9270616, 19.6251197, 0.0 ], [ 72.9267443, 19.6251831, 0.0 ], [ 72.9262365, 19.6254367, 0.0 ], [ 72.9257921, 19.6256058, 0.0 ], [ 72.9256674, 19.6256565, 0.0 ], [ 72.9252208, 19.6258383, 0.0 ], [ 72.9248188, 19.6259862, 0.0 ], [ 72.9244803, 19.6260707, 0.0 ], [ 72.9240359, 19.6260919, 0.0 ], [ 72.9235704, 19.6260919, 0.0 ], [ 72.9232954, 19.6260919, 0.0 ], [ 72.9232022, 19.6260764, 0.0 ], [ 72.9229145, 19.6260285, 0.0 ], [ 72.9227876, 19.6259017, 0.0 ], [ 72.9226394, 19.6257537, 0.0 ], [ 72.9225971, 19.625479, 0.0 ], [ 72.9226394, 19.6251408, 0.0 ], [ 72.9226183, 19.6246124, 0.0 ], [ 72.922576, 19.6240417, 0.0 ], [ 72.922449, 19.62345, 0.0 ], [ 72.9223221, 19.6228793, 0.0 ], [ 72.9221528, 19.6225834, 0.0 ], [ 72.9218989, 19.6221607, 0.0 ], [ 72.9213064, 19.621421, 0.0 ], [ 72.9209044, 19.620956, 0.0 ], [ 72.9203966, 19.6203642, 0.0 ], [ 72.9200996, 19.6201382, 0.0 ], [ 72.9199523, 19.620026, 0.0 ], [ 72.918121, 19.6194718, 0.0 ], [ 72.9176978, 19.6193873, 0.0 ], [ 72.9173625, 19.6193155, 0.0 ], [ 72.9171054, 19.6192604, 0.0 ], [ 72.9168515, 19.6192182, 0.0 ], [ 72.9161532, 19.619197, 0.0 ], [ 72.9154973, 19.6197677, 0.0 ], [ 72.9152223, 19.6200213, 0.0 ], [ 72.9148414, 19.6203172, 0.0 ], [ 72.9144817, 19.620592, 0.0 ], [ 72.9138258, 19.620909, 0.0 ], [ 72.9135507, 19.6211626, 0.0 ], [ 72.9133814, 19.6214163, 0.0 ], [ 72.913191, 19.621691, 0.0 ], [ 72.9130571, 19.6218145, 0.0 ], [ 72.9129159, 19.6219446, 0.0 ], [ 72.9127678, 19.6221983, 0.0 ], [ 72.9126832, 19.622621, 0.0 ], [ 72.9126832, 19.623086, 0.0 ], [ 72.9127043, 19.6235087, 0.0 ], [ 72.912662, 19.6238891, 0.0 ], [ 72.9124293, 19.6241639, 0.0 ], [ 72.9121119, 19.6244598, 0.0 ], [ 72.9117522, 19.6247557, 0.0 ], [ 72.9116094, 19.6249838, 0.0 ], [ 72.9115406, 19.6250938, 0.0 ], [ 72.9112867, 19.6254108, 0.0 ], [ 72.9110328, 19.6257279, 0.0 ], [ 72.9108001, 19.6260449, 0.0 ], [ 72.9105673, 19.6263831, 0.0 ], [ 72.9105286, 19.6264437, 0.0 ], [ 72.9096522, 19.6278155, 0.0 ], [ 72.9094194, 19.6286187, 0.0 ], [ 72.9092502, 19.6289991, 0.0 ], [ 72.9088693, 19.6294852, 0.0 ], [ 72.9085731, 19.6299079, 0.0 ], [ 72.9083192, 19.6303307, 0.0 ], [ 72.9082345, 19.6307745, 0.0 ], [ 72.9082345, 19.6311761, 0.0 ], [ 72.9083826, 19.6315142, 0.0 ], [ 72.9086577, 19.6317256, 0.0 ], [ 72.9090386, 19.6319581, 0.0 ], [ 72.9092078, 19.6321906, 0.0 ], [ 72.9092078, 19.6326978, 0.0 ], [ 72.9088058, 19.6335644, 0.0 ], [ 72.9086366, 19.6339025, 0.0 ], [ 72.9078102, 19.6352215, 0.0 ], [ 72.9071754, 19.6353695, 0.0 ], [ 72.9070277, 19.6353775, 0.0 ], [ 72.9060117, 19.6354329, 0.0 ], [ 72.9054827, 19.6354329, 0.0 ], [ 72.9051865, 19.6354118, 0.0 ], [ 72.9048691, 19.635602, 0.0 ], [ 72.9046364, 19.635919, 0.0 ], [ 72.9045822, 19.6362004, 0.0 ], [ 72.9045306, 19.6364685, 0.0 ], [ 72.9043825, 19.6368701, 0.0 ], [ 72.904192, 19.6371026, 0.0 ], [ 72.9038323, 19.6373562, 0.0 ], [ 72.9035784, 19.6376944, 0.0 ], [ 72.9032822, 19.638265, 0.0 ], [ 72.9030494, 19.6385609, 0.0 ], [ 72.9028167, 19.6387934, 0.0 ], [ 72.902584, 19.6389836, 0.0 ], [ 72.9024358, 19.6389836, 0.0 ], [ 72.9022454, 19.6389414, 0.0 ], [ 72.9020338, 19.6388146, 0.0 ], [ 72.9018645, 19.6387723, 0.0 ], [ 72.9015895, 19.6387934, 0.0 ], [ 72.9011663, 19.6388991, 0.0 ], [ 72.8988812, 19.6394275, 0.0 ], [ 72.8983099, 19.6394275, 0.0 ], [ 72.897929, 19.6394275, 0.0 ], [ 72.8976751, 19.6393429, 0.0 ], [ 72.8974212, 19.6390682, 0.0 ], [ 72.8972942, 19.6388991, 0.0 ], [ 72.8971461, 19.6388146, 0.0 ], [ 72.8967653, 19.6388146, 0.0 ], [ 72.8962786, 19.6387512, 0.0 ], [ 72.896067, 19.6387934, 0.0 ], [ 72.8958978, 19.6391527, 0.0 ], [ 72.8959612, 19.6394064, 0.0 ], [ 72.8959612, 19.6396811, 0.0 ], [ 72.8965224, 19.6417245, 0.0 ], [ 72.8966281, 19.642422, 0.0 ], [ 72.896607, 19.6426967, 0.0 ], [ 72.8964589, 19.6429715, 0.0 ], [ 72.8961415, 19.6432462, 0.0 ], [ 72.8957395, 19.6436267, 0.0 ], [ 72.8955702, 19.6438803, 0.0 ], [ 72.8954221, 19.6442185, 0.0 ], [ 72.8952528, 19.6450005, 0.0 ], [ 72.8951243, 19.647741, 0.0 ], [ 72.8951243, 19.6481214, 0.0 ], [ 72.8949762, 19.6485019, 0.0 ], [ 72.8944684, 19.649305, 0.0 ], [ 72.8940875, 19.6502138, 0.0 ], [ 72.8940875, 19.6510804, 0.0 ], [ 72.894024, 19.651482, 0.0 ], [ 72.8941933, 19.6518624, 0.0 ], [ 72.8944049, 19.6520738, 0.0 ], [ 72.8946165, 19.6520949, 0.0 ], [ 72.894955, 19.6521372, 0.0 ], [ 72.8953359, 19.652264, 0.0 ], [ 72.8956321, 19.6524542, 0.0 ], [ 72.8959072, 19.6527501, 0.0 ], [ 72.8960553, 19.653046, 0.0 ], [ 72.8961188, 19.6533419, 0.0 ], [ 72.8960976, 19.6537012, 0.0 ], [ 72.8959918, 19.6540605, 0.0 ], [ 72.8957802, 19.6542719, 0.0 ], [ 72.8954205, 19.6544409, 0.0 ], [ 72.8946376, 19.65461, 0.0 ], [ 72.894278, 19.6549059, 0.0 ], [ 72.8927098, 19.6554016, 0.0 ], [ 72.8906362, 19.6557186, 0.0 ], [ 72.8902958, 19.6557296, 0.0 ], [ 72.8899803, 19.6557398, 0.0 ], [ 72.8892609, 19.6557398, 0.0 ], [ 72.8887319, 19.6556764, 0.0 ], [ 72.8883088, 19.6554228, 0.0 ], [ 72.8880337, 19.6551269, 0.0 ], [ 72.8878009, 19.6548521, 0.0 ], [ 72.8874624, 19.6548098, 0.0 ], [ 72.8869757, 19.6548732, 0.0 ], [ 72.8864468, 19.6549155, 0.0 ], [ 72.8861082, 19.6548521, 0.0 ], [ 72.8857274, 19.6548521, 0.0 ], [ 72.8848387, 19.654831, 0.0 ], [ 72.8842251, 19.654831, 0.0 ], [ 72.8836961, 19.654831, 0.0 ], [ 72.8829556, 19.654831, 0.0 ], [ 72.8825535, 19.6548098, 0.0 ], [ 72.8818022, 19.6545094, 0.0 ] ] } },
{ "type": "Feature", "properties": { "objectid": 26063, "rivname": "Vanga N", "rilcode": null, "st_length_": 11.0879, "bacode": 14, "ba_name": "West flowing rivers from Tapi to Tadri", "sub_basin": "Bhatsol and others", "remarks": null }, "geometry": { "type": "LineString", "coordinates": [ [ 73.1057724, 19.7314766, 0.0 ], [ 73.1053543, 19.7311521, 0.0 ], [ 73.1050738, 19.7308754, 0.0 ], [ 73.1047239, 19.7304934, 0.0 ], [ 73.1044157, 19.7301709, 0.0 ], [ 73.1042256, 19.729905, 0.0 ], [ 73.1041749, 19.7298227, 0.0 ], [ 73.1041098, 19.7297401, 0.0 ], [ 73.1040172, 19.7296026, 0.0 ], [ 73.1039519, 19.7295335, 0.0 ], [ 73.1038483, 19.7294637, 0.0 ], [ 73.1037244, 19.7294522, 0.0 ], [ 73.1036192, 19.7294593, 0.0 ], [ 73.1035233, 19.7294801, 0.0 ], [ 73.1034266, 19.729537, 0.0 ], [ 73.1033095, 19.7296523, 0.0 ], [ 73.1031688, 19.7297536, 0.0 ], [ 73.103019, 19.7298365, 0.0 ], [ 73.1026538, 19.7299426, 0.0 ], [ 73.1021697, 19.7300327, 0.0 ], [ 73.1016863, 19.7300867, 0.0 ], [ 73.1013323, 19.730116, 0.0 ], [ 73.1009023, 19.7301304, 0.0 ], [ 73.1004067, 19.7300846, 0.0 ], [ 73.1000428, 19.7301274, 0.0 ], [ 73.0996654, 19.7301337, 0.0 ], [ 73.0993458, 19.7301185, 0.0 ], [ 73.0990985, 19.7300775, 0.0 ], [ 73.0988177, 19.7300314, 0.0 ], [ 73.098499, 19.7299755, 0.0 ], [ 73.0983038, 19.7299492, 0.0 ], [ 73.0981324, 19.7299277, 0.0 ], [ 73.0979087, 19.7298964, 0.0 ], [ 73.0977669, 19.7298258, 0.0 ], [ 73.0975351, 19.7297264, 0.0 ], [ 73.0972896, 19.729595, 0.0 ], [ 73.0968721, 19.7294739, 0.0 ], [ 73.0967379, 19.7294895, 0.0 ], [ 73.0966371, 19.7295191, 0.0 ], [ 73.096506, 19.7296206, 0.0 ], [ 73.0963747, 19.7297266, 0.0 ], [ 73.0962667, 19.7298646, 0.0 ], [ 73.0961444, 19.7300025, 0.0 ], [ 73.0960112, 19.7301988, 0.0 ], [ 73.0958439, 19.7304307, 0.0 ], [ 73.0957691, 19.7305785, 0.0 ], [ 73.0957243, 19.7306635, 0.0 ], [ 73.095647, 19.7307073, 0.0 ], [ 73.0954976, 19.7307676, 0.0 ], [ 73.0953628, 19.7308238, 0.0 ], [ 73.0952473, 19.7308623, 0.0 ], [ 73.0951131, 19.7308869, 0.0 ], [ 73.0949503, 19.7309063, 0.0 ], [ 73.094713, 19.7308384, 0.0 ], [ 73.0945618, 19.7307676, 0.0 ], [ 73.0944395, 19.7306839, 0.0 ], [ 73.0943407, 19.7306142, 0.0 ], [ 73.0941796, 19.7305523, 0.0 ], [ 73.0940411, 19.7305587, 0.0 ], [ 73.0939118, 19.7305743, 0.0 ], [ 73.0938062, 19.7305948, 0.0 ], [ 73.0936755, 19.7306827, 0.0 ], [ 73.0934995, 19.7308692, 0.0 ], [ 73.0932502, 19.7311402, 0.0 ], [ 73.09302, 19.731407, 0.0 ], [ 73.0926831, 19.7317532, 0.0 ], [ 73.092406, 19.7319829, 0.0 ], [ 73.0920629, 19.7319492, 0.0 ], [ 73.0916773, 19.7318966, 0.0 ], [ 73.0914417, 19.7317518, 0.0 ], [ 73.0911379, 19.7316691, 0.0 ], [ 73.0909516, 19.7316741, 0.0 ], [ 73.090942, 19.7316744, 0.0 ], [ 73.0907636, 19.7317523, 0.0 ], [ 73.0906225, 19.7318716, 0.0 ], [ 73.0904109, 19.7319444, 0.0 ], [ 73.0901804, 19.7320033, 0.0 ], [ 73.089903, 19.732025, 0.0 ], [ 73.0896658, 19.7319527, 0.0 ], [ 73.0895751, 19.7319509, 0.0 ], [ 73.089474, 19.7319896, 0.0 ], [ 73.0893528, 19.7320732, 0.0 ], [ 73.0893046, 19.7320949, 0.0 ], [ 73.0892532, 19.7322657, 0.0 ], [ 73.0892587, 19.7324557, 0.0 ], [ 73.089438, 19.7329926, 0.0 ], [ 73.0894345, 19.7331599, 0.0 ], [ 73.0894261, 19.733327, 0.0 ], [ 73.0892748, 19.7334779, 0.0 ], [ 73.089214, 19.7336395, 0.0 ], [ 73.0891257, 19.7339678, 0.0 ], [ 73.0889304, 19.7341675, 0.0 ], [ 73.0888179, 19.7342965, 0.0 ], [ 73.0886294, 19.7344013, 0.0 ], [ 73.0882503, 19.7344844, 0.0 ], [ 73.0879636, 19.7344969, 0.0 ], [ 73.0876458, 19.7346174, 0.0 ], [ 73.0874427, 19.7347355, 0.0 ], [ 73.0872196, 19.734894, 0.0 ], [ 73.0871582, 19.7350827, 0.0 ], [ 73.0869527, 19.7355354, 0.0 ], [ 73.0868776, 19.7359182, 0.0 ], [ 73.0867493, 19.7363317, 0.0 ], [ 73.0867428, 19.7366345, 0.0 ], [ 73.0866182, 19.7368763, 0.0 ], [ 73.0863913, 19.737211, 0.0 ], [ 73.0861174, 19.7375087, 0.0 ], [ 73.0856722, 19.7377848, 0.0 ], [ 73.0852959, 19.7379584, 0.0 ], [ 73.0850664, 19.7381981, 0.0 ], [ 73.084968, 19.7383273, 0.0 ], [ 73.0847292, 19.7385533, 0.0 ], [ 73.0844195, 19.7387418, 0.0 ], [ 73.0841563, 19.7389899, 0.0 ], [ 73.0837377, 19.739357, 0.0 ], [ 73.083435, 19.7394416, 0.0 ], [ 73.083162, 19.7394815, 0.0 ], [ 73.0829035, 19.7395127, 0.0 ], [ 73.0827074, 19.7395269, 0.0 ], [ 73.0825217, 19.7395008, 0.0 ], [ 73.0823464, 19.7394386, 0.0 ], [ 73.0821663, 19.7393764, 0.0 ], [ 73.0819247, 19.7392858, 0.0 ], [ 73.081525, 19.7392193, 0.0 ], [ 73.0811809, 19.7392352, 0.0 ], [ 73.0808146, 19.7393909, 0.0 ], [ 73.0803126, 19.7396434, 0.0 ], [ 73.0799855, 19.7397501, 0.0 ], [ 73.0797102, 19.7398939, 0.0 ], [ 73.0795045, 19.7399126, 0.0 ], [ 73.079295, 19.7398858, 0.0 ], [ 73.0788551, 19.7394704, 0.0 ], [ 73.0787128, 19.7392054, 0.0 ], [ 73.0786038, 19.7389456, 0.0 ], [ 73.0785354, 19.7387951, 0.0 ], [ 73.078426, 19.7385578, 0.0 ], [ 73.0782613, 19.7384416, 0.0 ], [ 73.0780726, 19.738334, 0.0 ], [ 73.0777928, 19.7382471, 0.0 ], [ 73.0773582, 19.7380307, 0.0 ], [ 73.0770376, 19.7378391, 0.0 ], [ 73.0768287, 19.7377853, 0.0 ], [ 73.0766763, 19.7377643, 0.0 ], [ 73.0764841, 19.7378194, 0.0 ], [ 73.0762574, 19.7379234, 0.0 ], [ 73.0760444, 19.7380594, 0.0 ], [ 73.075837, 19.738155, 0.0 ], [ 73.0756542, 19.7382147, 0.0 ], [ 73.0754689, 19.7381704, 0.0 ], [ 73.0753363, 19.7381226, 0.0 ], [ 73.075154, 19.7379382, 0.0 ], [ 73.0750485, 19.7377372, 0.0 ], [ 73.0749844, 19.7376139, 0.0 ], [ 73.0748075, 19.7369639, 0.0 ], [ 73.074749, 19.7368, 0.0 ], [ 73.074681, 19.7366314, 0.0 ], [ 73.0745825, 19.7365481, 0.0 ], [ 73.0744935, 19.736465, 0.0 ], [ 73.0742421, 19.7363878, 0.0 ], [ 73.0739496, 19.7364454, 0.0 ], [ 73.0735623, 19.7364695, 0.0 ], [ 73.0731784, 19.736557, 0.0 ], [ 73.0726614, 19.7366193, 0.0 ], [ 73.0722405, 19.7366472, 0.0 ], [ 73.0719168, 19.7366048, 0.0 ], [ 73.0716227, 19.7365132, 0.0 ], [ 73.0715368, 19.736507, 0.0 ], [ 73.0711258, 19.7367234, 0.0 ], [ 73.0707208, 19.7369161, 0.0 ], [ 73.0703544, 19.7368968, 0.0 ], [ 73.0699302, 19.7367234, 0.0 ], [ 73.0694288, 19.7362226, 0.0 ], [ 73.068966, 19.7360492, 0.0 ], [ 73.0683296, 19.7359914, 0.0 ], [ 73.0679054, 19.7355868, 0.0 ], [ 73.0673655, 19.7351823, 0.0 ], [ 73.0664148, 19.7342326, 0.0 ], [ 73.0658199, 19.7341386, 0.0 ], [ 73.0651643, 19.7337919, 0.0 ], [ 73.0645665, 19.7334836, 0.0 ], [ 73.0641615, 19.73358, 0.0 ], [ 73.0635252, 19.7342157, 0.0 ], [ 73.0634866, 19.7344661, 0.0 ], [ 73.0634866, 19.7349285, 0.0 ], [ 73.0634095, 19.7358917, 0.0 ], [ 73.0631974, 19.7360651, 0.0 ], [ 73.0629081, 19.735988, 0.0 ], [ 73.0625803, 19.7357954, 0.0 ], [ 73.0620789, 19.7358146, 0.0 ], [ 73.0618668, 19.7358339, 0.0 ], [ 73.0617125, 19.7357376, 0.0 ], [ 73.0617511, 19.7352945, 0.0 ], [ 73.0617511, 19.7350826, 0.0 ], [ 73.0615105, 19.7346887, 0.0 ], [ 73.061134, 19.7347743, 0.0 ], [ 73.0608448, 19.7347936, 0.0 ], [ 73.0599458, 19.7350062, 0.0 ], [ 73.0596233, 19.7349554, 0.0 ], [ 73.0592328, 19.7346501, 0.0 ], [ 73.0590121, 19.7342092, 0.0 ], [ 73.0586726, 19.7339209, 0.0 ], [ 73.0582482, 19.73387, 0.0 ], [ 73.0578408, 19.7338191, 0.0 ], [ 73.0575182, 19.7335986, 0.0 ], [ 73.0572466, 19.7332255, 0.0 ], [ 73.0570938, 19.7331068, 0.0 ], [ 73.0567883, 19.7330559, 0.0 ], [ 73.0553566, 19.732953, 0.0 ], [ 73.0548813, 19.7327664, 0.0 ], [ 73.0544908, 19.7324951, 0.0 ], [ 73.0542192, 19.7322068, 0.0 ], [ 73.0539306, 19.7321389, 0.0 ], [ 73.0533874, 19.7322916, 0.0 ], [ 73.0502253, 19.7330884, 0.0 ], [ 73.0493255, 19.7330884, 0.0 ], [ 73.0481881, 19.7330714, 0.0 ], [ 73.0461497, 19.732565, 0.0 ], [ 73.0455725, 19.7327007, 0.0 ], [ 73.0447916, 19.7329381, 0.0 ], [ 73.0445879, 19.7332603, 0.0 ], [ 73.04452, 19.7336843, 0.0 ], [ 73.0442314, 19.7340913, 0.0 ], [ 73.0439937, 19.7343966, 0.0 ], [ 73.0436881, 19.7345831, 0.0 ], [ 73.0429751, 19.7348375, 0.0 ], [ 73.0427205, 19.7347697, 0.0 ], [ 73.0424489, 19.7344305, 0.0 ], [ 73.0426526, 19.7340574, 0.0 ], [ 73.0429072, 19.7337352, 0.0 ], [ 73.0434335, 19.7334299, 0.0 ], [ 73.0435353, 19.7332603, 0.0 ], [ 73.0435353, 19.7330568, 0.0 ], [ 73.0431958, 19.7328194, 0.0 ], [ 73.0426356, 19.7326328, 0.0 ], [ 73.0421773, 19.7324463, 0.0 ], [ 73.0417529, 19.7321241, 0.0 ], [ 73.0415491, 19.7320393, 0.0 ], [ 73.0412436, 19.7321241, 0.0 ], [ 73.0407513, 19.7322089, 0.0 ], [ 73.0401911, 19.7322089, 0.0 ], [ 73.0388763, 19.7323953, 0.0 ], [ 73.0386725, 19.7325819, 0.0 ], [ 73.0385028, 19.732921, 0.0 ], [ 73.0384179, 19.7334468, 0.0 ], [ 73.0380444, 19.7335316, 0.0 ], [ 73.0375182, 19.7333111, 0.0 ], [ 73.0368731, 19.7329719, 0.0 ], [ 73.0365505, 19.7329719, 0.0 ], [ 73.0363468, 19.7331924, 0.0 ], [ 73.0363468, 19.7336503, 0.0 ], [ 73.036245, 19.7339047, 0.0 ], [ 73.0359054, 19.7340912, 0.0 ], [ 73.0350057, 19.7340743, 0.0 ], [ 73.0334609, 19.7337012, 0.0 ], [ 73.0329516, 19.7334468, 0.0 ], [ 73.0325781, 19.7332602, 0.0 ], [ 73.0310021, 19.7325906, 0.0 ], [ 73.0295572, 19.7335279, 0.0 ] ] } },
{ "type": "Feature", "properties": { "objectid": 26166, "rivname": "Vavanhai N", "rilcode": null, "st_length_": 14.8656, "bacode": 14, "ba_name": "West flowing rivers from Tapi to Tadri", "sub_basin": "Bhatsol and others", "remarks": null }, "geometry": { "type": "LineString", "coordinates": [ [ 73.0395859, 20.0180312, 0.0 ], [ 73.0395049, 20.0177536, 0.0 ], [ 73.0395628, 20.0174875, 0.0 ], [ 73.0396438, 20.0171058, 0.0 ], [ 73.0397596, 20.016724, 0.0 ], [ 73.0399448, 20.016296, 0.0 ], [ 73.0401417, 20.0159836, 0.0 ], [ 73.0403616, 20.0156481, 0.0 ], [ 73.0405006, 20.015278, 0.0 ], [ 73.0409296, 20.0141967, 0.0 ], [ 73.0409875, 20.0137108, 0.0 ], [ 73.0409875, 20.01341, 0.0 ], [ 73.0409412, 20.0132134, 0.0 ], [ 73.040837, 20.0130051, 0.0 ], [ 73.0407559, 20.0127622, 0.0 ], [ 73.040617, 20.0124846, 0.0 ], [ 73.0404686, 20.0123144, 0.0 ], [ 73.0402002, 20.0114087, 0.0 ], [ 73.0401307, 20.0111542, 0.0 ], [ 73.0401192, 20.0109344, 0.0 ], [ 73.0401076, 20.0106683, 0.0 ], [ 73.0401076, 20.0104716, 0.0 ], [ 73.0401076, 20.0102866, 0.0 ], [ 73.0401655, 20.0100783, 0.0 ], [ 73.0403276, 20.0100436, 0.0 ], [ 73.0406633, 20.010032, 0.0 ], [ 73.0409296, 20.0099973, 0.0 ], [ 73.0412769, 20.0099164, 0.0 ], [ 73.0415895, 20.0098354, 0.0 ], [ 73.0418442, 20.0097081, 0.0 ], [ 73.0418905, 20.0095924, 0.0 ], [ 73.0418905, 20.0093842, 0.0 ], [ 73.0417524, 20.0086499, 0.0 ], [ 73.0418798, 20.0083491, 0.0 ], [ 73.0419029, 20.0080946, 0.0 ], [ 73.0420071, 20.0077013, 0.0 ], [ 73.0420997, 20.0073311, 0.0 ], [ 73.0423081, 20.0070534, 0.0 ], [ 73.0424934, 20.0067874, 0.0 ], [ 73.0426323, 20.0065097, 0.0 ], [ 73.0426786, 20.0059891, 0.0 ], [ 73.0426786, 20.0056305, 0.0 ], [ 73.0427018, 20.0053413, 0.0 ], [ 73.0426434, 20.0048503, 0.0 ], [ 73.0425392, 20.0045611, 0.0 ], [ 73.0423887, 20.004376, 0.0 ], [ 73.0420298, 20.0042835, 0.0 ], [ 73.0416246, 20.0044107, 0.0 ], [ 73.0413814, 20.0045611, 0.0 ], [ 73.0411267, 20.0048272, 0.0 ], [ 73.0406868, 20.0050586, 0.0 ], [ 73.04027, 20.0051742, 0.0 ], [ 73.0398879, 20.0051742, 0.0 ], [ 73.0394017, 20.0051627, 0.0 ], [ 73.0390428, 20.0050586, 0.0 ], [ 73.0388344, 20.0048041, 0.0 ], [ 73.0386954, 20.0044917, 0.0 ], [ 73.0386144, 20.0041794, 0.0 ], [ 73.0386028, 20.003867, 0.0 ], [ 73.0386719, 20.003087, 0.0 ], [ 73.0389613, 20.0026011, 0.0 ], [ 73.0391929, 20.0021962, 0.0 ], [ 73.0392739, 20.0017219, 0.0 ], [ 73.0392739, 20.0012245, 0.0 ], [ 73.0389382, 20.0007849, 0.0 ], [ 73.0387066, 20.0005188, 0.0 ], [ 73.0384519, 20.0002643, 0.0 ], [ 73.038449, 20.0000167, 0.0 ], [ 73.0382119, 19.999729, 0.0 ], [ 73.0378524, 19.9991245, 0.0 ], [ 73.0375849, 19.998459, 0.0 ], [ 73.0374565, 19.9981129, 0.0 ], [ 73.0373194, 19.9977406, 0.0 ], [ 73.0373095, 19.9976547, 0.0 ], [ 73.0373014, 19.9975832, 0.0 ], [ 73.0373143, 19.9975104, 0.0 ], [ 73.037355, 19.9972809, 0.0 ], [ 73.0374182, 19.9968607, 0.0 ], [ 73.0374182, 19.9964195, 0.0 ], [ 73.0374207, 19.9963908, 0.0 ], [ 73.0374786, 19.9957212, 0.0 ], [ 73.0375427, 19.9953094, 0.0 ], [ 73.0376611, 19.9947666, 0.0 ], [ 73.0376733, 19.9947104, 0.0 ], [ 73.0378249, 19.9940798, 0.0 ], [ 73.0381029, 19.9932058, 0.0 ], [ 73.0383975, 19.9923608, 0.0 ], [ 73.0384503, 19.9921813, 0.0 ], [ 73.0386019, 19.9916665, 0.0 ], [ 73.0387428, 19.9911685, 0.0 ], [ 73.0389869, 19.9903058, 0.0 ], [ 73.0389992, 19.990255, 0.0 ], [ 73.0390038, 19.9901994, 0.0 ], [ 73.0389871, 19.9901158, 0.0 ], [ 73.0389871, 19.9900455, 0.0 ], [ 73.0389871, 19.9897725, 0.0 ], [ 73.0389656, 19.9894828, 0.0 ], [ 73.0388621, 19.989211, 0.0 ], [ 73.0386221, 19.9885137, 0.0 ], [ 73.0383166, 19.9879362, 0.0 ], [ 73.0378584, 19.9876311, 0.0 ], [ 73.0373674, 19.9874458, 0.0 ], [ 73.036331, 19.9874676, 0.0 ], [ 73.03519, 19.9878087, 0.0 ], [ 73.0346918, 19.9879576, 0.0 ], [ 73.034059, 19.9884044, 0.0 ], [ 73.033767, 19.9884451, 0.0 ], [ 73.0335899, 19.9884697, 0.0 ], [ 73.0331317, 19.9883063, 0.0 ], [ 73.032008, 19.9875871, 0.0 ], [ 73.0312988, 19.9866282, 0.0 ], [ 73.0297662, 19.983931, 0.0 ], [ 73.0294797, 19.9832904, 0.0 ], [ 73.0294592, 19.9828679, 0.0 ], [ 73.029711, 19.9821332, 0.0 ], [ 73.0301409, 19.9812809, 0.0 ], [ 73.0304588, 19.9803058, 0.0 ], [ 73.0304796, 19.9801556, 0.0 ], [ 73.030459, 19.9799701, 0.0 ], [ 73.0303302, 19.9795762, 0.0 ], [ 73.0298063, 19.9784291, 0.0 ], [ 73.0294912, 19.9778714, 0.0 ], [ 73.0293806, 19.9776758, 0.0 ], [ 73.0285059, 19.9765154, 0.0 ], [ 73.0281623, 19.9762245, 0.0 ], [ 73.0278113, 19.9760529, 0.0 ], [ 73.0273856, 19.9760082, 0.0 ], [ 73.026935, 19.975881, 0.0 ], [ 73.0269267, 19.9758787, 0.0 ], [ 73.0259623, 19.9749955, 0.0 ], [ 73.0255029, 19.9745749, 0.0 ], [ 73.0249241, 19.9742811, 0.0 ], [ 73.0246395, 19.9740631, 0.0 ], [ 73.0245351, 19.9737598, 0.0 ], [ 73.0245256, 19.9731817, 0.0 ], [ 73.0245066, 19.9724046, 0.0 ], [ 73.0239837, 19.9711573, 0.0 ], [ 73.0234615, 19.9699227, 0.0 ], [ 73.0231815, 19.9694486, 0.0 ], [ 73.0229259, 19.9688772, 0.0 ], [ 73.0228042, 19.967929, 0.0 ], [ 73.0228318, 19.9672381, 0.0 ], [ 73.0230373, 19.9666222, 0.0 ], [ 73.02308, 19.9661047, 0.0 ], [ 73.0230906, 19.965976, 0.0 ], [ 73.0232578, 19.9649987, 0.0 ], [ 73.0231503, 19.9641844, 0.0 ], [ 73.0231283, 19.9640178, 0.0 ], [ 73.0229186, 19.963071, 0.0 ], [ 73.0225704, 19.9627329, 0.0 ], [ 73.0206923, 19.9618665, 0.0 ], [ 73.0179633, 19.9601068, 0.0 ], [ 73.0169083, 19.9592426, 0.0 ], [ 73.0168696, 19.9592108, 0.0 ], [ 73.0161077, 19.9578607, 0.0 ], [ 73.0158487, 19.9556685, 0.0 ], [ 73.01548, 19.9545884, 0.0 ], [ 73.0149516, 19.9537538, 0.0 ], [ 73.0149758, 19.953455, 0.0 ], [ 73.0150941, 19.9527642, 0.0 ], [ 73.0151238, 19.9523871, 0.0 ], [ 73.0150454, 19.9521433, 0.0 ], [ 73.0149725, 19.9519166, 0.0 ], [ 73.0142286, 19.9507423, 0.0 ], [ 73.0139841, 19.950423, 0.0 ], [ 73.0134857, 19.9501976, 0.0 ], [ 73.0128838, 19.9500567, 0.0 ], [ 73.012376, 19.9498688, 0.0 ], [ 73.012219, 19.9496741, 0.0 ], [ 73.0117553, 19.9490986, 0.0 ], [ 73.0113126, 19.9479639, 0.0 ], [ 73.0108683, 19.9472943, 0.0 ], [ 73.0102914, 19.9468546, 0.0 ], [ 73.0085456, 19.9461268, 0.0 ], [ 73.0071338, 19.9456113, 0.0 ], [ 73.0066175, 19.9452062, 0.0 ], [ 73.0062852, 19.9445803, 0.0 ], [ 73.0061238, 19.9441726, 0.0 ], [ 73.0062377, 19.9438881, 0.0 ], [ 73.0070514, 19.9429368, 0.0 ], [ 73.0075143, 19.942224, 0.0 ], [ 73.0076301, 19.941492, 0.0 ], [ 73.0075511, 19.9396749, 0.0 ], [ 73.007334, 19.9391569, 0.0 ], [ 73.0071168, 19.9389159, 0.0 ], [ 73.0065378, 19.9385424, 0.0 ], [ 73.0054314, 19.9379754, 0.0 ], [ 73.0044942, 19.9372034, 0.0 ], [ 73.0039195, 19.9365314, 0.0 ], [ 73.0032608, 19.9357335, 0.0 ], [ 73.0027842, 19.9346415, 0.0 ], [ 73.0025446, 19.9332345, 0.0 ], [ 73.0022093, 19.9315805, 0.0 ], [ 73.0020369, 19.9307301, 0.0 ], [ 73.0000001, 19.9296851, 0.0 ], [ 73.0, 19.9209007, 0.0 ] ] } },
{ "type": "Feature", "properties": { "objectid": 27140, "rivname": "Vaitarna", "rilcode": 3, "st_length_": 186.086, "bacode": 14, "ba_name": "West flowing rivers from Tapi to Tadri", "sub_basin": "Bhatsol and others", "remarks": "ok" }, "geometry": { "type": "MultiLineString", "coordinates": [ [ [ 73.5051238, 19.8091724, 0.0 ], [ 73.5046335, 19.8090309, 0.0 ], [ 73.5039296, 19.8087388, 0.0 ], [ 73.5031709, 19.8082731, 0.0 ], [ 73.5022933, 19.8081088, 0.0 ], [ 73.5022537, 19.8080989, 0.0 ], [ 73.5019642, 19.8080266, 0.0 ], [ 73.5017174, 19.8080814, 0.0 ], [ 73.5011506, 19.8082822, 0.0 ], [ 73.5009129, 19.8085379, 0.0 ], [ 73.5006995, 19.8086341, 0.0 ], [ 73.5006295, 19.8086657, 0.0 ], [ 73.5004376, 19.8086566, 0.0 ], [ 73.5000613, 19.8085207, 0.0 ], [ 73.4998088, 19.8083396, 0.0 ], [ 73.4994591, 19.808068, 0.0 ], [ 73.4991548, 19.8076153, 0.0 ], [ 73.4988234, 19.8069029, 0.0 ], [ 73.4988203, 19.8068963, 0.0 ], [ 73.4985202, 19.806095, 0.0 ], [ 73.4984025, 19.8058555, 0.0 ], [ 73.4982085, 19.8054608, 0.0 ], [ 73.498025, 19.8048955, 0.0 ], [ 73.4980158, 19.8043686, 0.0 ], [ 73.4980433, 19.8038959, 0.0 ], [ 73.4981763, 19.8034422, 0.0 ], [ 73.4982003, 19.8033605, 0.0 ], [ 73.4982591, 19.8026488, 0.0 ], [ 73.4982003, 19.8022766, 0.0 ], [ 73.4977376, 19.8015147, 0.0 ], [ 73.4974035, 19.801089, 0.0 ], [ 73.4973081, 19.8009675, 0.0 ], [ 73.4971082, 19.8006716, 0.0 ], [ 73.4970415, 19.8004054, 0.0 ], [ 73.4970375, 19.8002326, 0.0 ], [ 73.4970341, 19.8000874, 0.0 ], [ 73.4969305, 19.7996067, 0.0 ], [ 73.4968712, 19.7992295, 0.0 ], [ 73.4965808, 19.7985921, 0.0 ], [ 73.4964542, 19.798417, 0.0 ], [ 73.4962376, 19.7981175, 0.0 ], [ 73.4956283, 19.797219, 0.0 ], [ 73.4950461, 19.7966899, 0.0 ], [ 73.4947424, 19.7962965, 0.0 ], [ 73.494658, 19.796187, 0.0 ], [ 73.494338, 19.7957994, 0.0 ], [ 73.4938901, 19.7947607, 0.0 ], [ 73.4936368, 19.7944079, 0.0 ], [ 73.4933436, 19.7941683, 0.0 ], [ 73.4919444, 19.7937179, 0.0 ], [ 73.4915685, 19.793628, 0.0 ], [ 73.4913302, 19.793501, 0.0 ], [ 73.4912031, 19.7933477, 0.0 ], [ 73.4911607, 19.7931096, 0.0 ], [ 73.4911737, 19.7922944, 0.0 ], [ 73.4911737, 19.7919372, 0.0 ], [ 73.4910811, 19.7916304, 0.0 ], [ 73.4908512, 19.7912271, 0.0 ], [ 73.4901714, 19.7904446, 0.0 ], [ 73.4901589, 19.7904302, 0.0 ], [ 73.4895815, 19.7895545, 0.0 ], [ 73.4890527, 19.7884785, 0.0 ], [ 73.4883576, 19.7872852, 0.0 ], [ 73.487992, 19.7865205, 0.0 ], [ 73.4875561, 19.7856085, 0.0 ], [ 73.4874744, 19.7854376, 0.0 ], [ 73.4867469, 19.7837524, 0.0 ], [ 73.4863057, 19.7821456, 0.0 ], [ 73.4863057, 19.7818008, 0.0 ], [ 73.486311, 19.7817155, 0.0 ], [ 73.4863316, 19.781387, 0.0 ], [ 73.4864697, 19.7809819, 0.0 ], [ 73.4867286, 19.780594, 0.0 ], [ 73.4876555, 19.7798752, 0.0 ], [ 73.4883353, 19.7792181, 0.0 ], [ 73.4885408, 19.7789061, 0.0 ], [ 73.4886095, 19.7788019, 0.0 ], [ 73.4889604, 19.7780791, 0.0 ], [ 73.4892016, 19.7772905, 0.0 ], [ 73.4892784, 19.7768744, 0.0 ], [ 73.4892171, 19.7764846, 0.0 ], [ 73.4890952, 19.7757086, 0.0 ], [ 73.4890458, 19.775394, 0.0 ], [ 73.488959, 19.7744548, 0.0 ], [ 73.4890351, 19.7740607, 0.0 ], [ 73.4890801, 19.7739611, 0.0 ], [ 73.4891321, 19.7738463, 0.0 ], [ 73.4893326, 19.7737028, 0.0 ], [ 73.4896444, 19.7734798, 0.0 ], [ 73.4904391, 19.7731938, 0.0 ], [ 73.4910279, 19.7730457, 0.0 ], [ 73.4917322, 19.7728687, 0.0 ], [ 73.4924536, 19.7726226, 0.0 ], [ 73.4932102, 19.77228, 0.0 ], [ 73.4933446, 19.7721974, 0.0 ], [ 73.4941691, 19.7716913, 0.0 ], [ 73.4942193, 19.7716482, 0.0 ], [ 73.4950381, 19.7709466, 0.0 ], [ 73.4957353, 19.7703491, 0.0 ], [ 73.4972924, 19.7692882, 0.0 ], [ 73.4980866, 19.768747, 0.0 ], [ 73.4981606, 19.7686875, 0.0 ], [ 73.4987892, 19.7681821, 0.0 ], [ 73.4989036, 19.7680902, 0.0 ], [ 73.4989363, 19.767997, 0.0 ], [ 73.4989734, 19.7678911, 0.0 ], [ 73.4989634, 19.7675627, 0.0 ], [ 73.498669, 19.7662209, 0.0 ], [ 73.4985044, 19.7648301, 0.0 ], [ 73.4984999, 19.7647738, 0.0 ], [ 73.4984348, 19.7639609, 0.0 ], [ 73.4983614, 19.7630433, 0.0 ], [ 73.4984178, 19.7618449, 0.0 ], [ 73.4985119, 19.7614509, 0.0 ], [ 73.4986366, 19.7609285, 0.0 ], [ 73.498899, 19.7605878, 0.0 ], [ 73.4990601, 19.7603787, 0.0 ], [ 73.4993079, 19.7601942, 0.0 ], [ 73.4994403, 19.7601013, 0.0 ], [ 73.4995475, 19.760026, 0.0 ], [ 73.4997289, 19.7598125, 0.0 ], [ 73.4999232, 19.7595085, 0.0 ], [ 73.5001936, 19.7588153, 0.0 ], [ 73.5002019, 19.7587882, 0.0 ], [ 73.5003962, 19.7581545, 0.0 ], [ 73.5008007, 19.7568351, 0.0 ], [ 73.5010238, 19.7561256, 0.0 ], [ 73.5011219, 19.7558137, 0.0 ], [ 73.5011638, 19.7556806, 0.0 ], [ 73.5014043, 19.7549159, 0.0 ], [ 73.5015993, 19.7544459, 0.0 ], [ 73.502606, 19.7520204, 0.0 ], [ 73.5030559, 19.7509505, 0.0 ], [ 73.5031295, 19.7507755, 0.0 ], [ 73.5033954, 19.7498792, 0.0 ], [ 73.5034355, 19.7495076, 0.0 ], [ 73.5034535, 19.7493398, 0.0 ], [ 73.5033316, 19.7479026, 0.0 ], [ 73.5034266, 19.7468693, 0.0 ], [ 73.5032724, 19.7460579, 0.0 ], [ 73.5032683, 19.7460363, 0.0 ], [ 73.5030466, 19.7456356, 0.0 ], [ 73.5021412, 19.7446281, 0.0 ], [ 73.5015601, 19.7441599, 0.0 ], [ 73.501385, 19.7438938, 0.0 ], [ 73.5009803, 19.7432786, 0.0 ], [ 73.5009387, 19.7431581, 0.0 ], [ 73.5008754, 19.7429746, 0.0 ], [ 73.5008859, 19.7426235, 0.0 ], [ 73.5010223, 19.7420418, 0.0 ], [ 73.50107, 19.7419645, 0.0 ], [ 73.5015254, 19.7412261, 0.0 ], [ 73.5017919, 19.740747, 0.0 ], [ 73.5019624, 19.7401828, 0.0 ], [ 73.5019731, 19.7396825, 0.0 ], [ 73.5019452, 19.739529, 0.0 ], [ 73.5018665, 19.739097, 0.0 ], [ 73.5015254, 19.7383837, 0.0 ], [ 73.5011524, 19.7379259, 0.0 ], [ 73.5010913, 19.7377388, 0.0 ], [ 73.5009926, 19.7374361, 0.0 ], [ 73.5010385, 19.7371962, 0.0 ], [ 73.5010792, 19.7369834, 0.0 ], [ 73.5013659, 19.7365373, 0.0 ], [ 73.5018555, 19.7362573, 0.0 ], [ 73.5032142, 19.7358872, 0.0 ], [ 73.5037017, 19.7355896, 0.0 ], [ 73.5037273, 19.735574, 0.0 ], [ 73.5039743, 19.7351185, 0.0 ], [ 73.5040693, 19.7348623, 0.0 ], [ 73.5040444, 19.7346135, 0.0 ], [ 73.5040123, 19.7342929, 0.0 ], [ 73.5037938, 19.7338754, 0.0 ], [ 73.5034898, 19.7334483, 0.0 ], [ 73.5031192, 19.733287, 0.0 ], [ 73.5026429, 19.7332741, 0.0 ], [ 73.5024161, 19.733268, 0.0 ], [ 73.5015515, 19.7334673, 0.0 ], [ 73.5001168, 19.7337994, 0.0 ], [ 73.4995251, 19.7337458, 0.0 ], [ 73.4989807, 19.7336444, 0.0 ], [ 73.4986574, 19.7334622, 0.0 ], [ 73.4986209, 19.7334417, 0.0 ], [ 73.4980857, 19.7330638, 0.0 ], [ 73.4975137, 19.7325386, 0.0 ], [ 73.4969756, 19.7319039, 0.0 ], [ 73.4968364, 19.7317396, 0.0 ], [ 73.4962182, 19.7309747, 0.0 ], [ 73.4956435, 19.7306334, 0.0 ], [ 73.4955354, 19.7305692, 0.0 ], [ 73.4950648, 19.7304494, 0.0 ], [ 73.4937362, 19.730431, 0.0 ], [ 73.4932729, 19.7304425, 0.0 ], [ 73.4924416, 19.730463, 0.0 ], [ 73.4915033, 19.7304863, 0.0 ], [ 73.490261, 19.7304531, 0.0 ], [ 73.489335, 19.7304283, 0.0 ], [ 73.4879268, 19.7300767, 0.0 ], [ 73.4874092, 19.7299474, 0.0 ], [ 73.4872718, 19.7299131, 0.0 ], [ 73.4864512, 19.7295619, 0.0 ], [ 73.485994, 19.7292106, 0.0 ], [ 73.485861, 19.7289707, 0.0 ], [ 73.4855719, 19.7284495, 0.0 ], [ 73.4854254, 19.7277288, 0.0 ], [ 73.485305, 19.7271365, 0.0 ], [ 73.4850311, 19.7258985, 0.0 ], [ 73.4849875, 19.7257014, 0.0 ], [ 73.4846366, 19.7252841, 0.0 ], [ 73.4841521, 19.7250004, 0.0 ], [ 73.483467, 19.7249504, 0.0 ], [ 73.4820635, 19.7250004, 0.0 ], [ 73.4816959, 19.7251173, 0.0 ], [ 73.4810777, 19.7255178, 0.0 ], [ 73.4805572, 19.726518, 0.0 ], [ 73.4798764, 19.7278266, 0.0 ], [ 73.4788507, 19.7302332, 0.0 ], [ 73.478402, 19.7309564, 0.0 ], [ 73.4779311, 19.7317153, 0.0 ], [ 73.4772623, 19.7326442, 0.0 ], [ 73.4768757, 19.732853, 0.0 ], [ 73.4768224, 19.7328581, 0.0 ], [ 73.4765517, 19.7328843, 0.0 ], [ 73.4765073, 19.7328609, 0.0 ], [ 73.4763532, 19.7327799, 0.0 ], [ 73.476165, 19.7325607, 0.0 ], [ 73.4759978, 19.7319554, 0.0 ], [ 73.4756634, 19.731016, 0.0 ], [ 73.4753667, 19.7293848, 0.0 ], [ 73.4750539, 19.7276655, 0.0 ], [ 73.4750364, 19.7268497, 0.0 ], [ 73.4750179, 19.7259836, 0.0 ], [ 73.4751141, 19.724431, 0.0 ], [ 73.4750244, 19.7230804, 0.0 ], [ 73.4749943, 19.7230177, 0.0 ], [ 73.4746912, 19.7223854, 0.0 ], [ 73.4744396, 19.7220749, 0.0 ], [ 73.4734772, 19.72172, 0.0 ], [ 73.4731896, 19.7216695, 0.0 ], [ 73.4728036, 19.7216017, 0.0 ], [ 73.4722471, 19.7216612, 0.0 ], [ 73.4715926, 19.7219756, 0.0 ], [ 73.4705801, 19.7224621, 0.0 ], [ 73.4701421, 19.7226134, 0.0 ], [ 73.4691769, 19.7229468, 0.0 ], [ 73.4682789, 19.7230946, 0.0 ], [ 73.4682168, 19.7231049, 0.0 ], [ 73.4675626, 19.7230311, 0.0 ], [ 73.4670245, 19.7227676, 0.0 ], [ 73.4667502, 19.7223461, 0.0 ], [ 73.466678, 19.7221358, 0.0 ], [ 73.466497, 19.7216085, 0.0 ], [ 73.466191, 19.7199962, 0.0 ], [ 73.4659065, 19.719362, 0.0 ], [ 73.4653783, 19.7187173, 0.0 ], [ 73.4645651, 19.7183405, 0.0 ], [ 73.4637938, 19.7181814, 0.0 ], [ 73.4631818, 19.7182567, 0.0 ], [ 73.4625975, 19.7184765, 0.0 ], [ 73.4625362, 19.7184996, 0.0 ], [ 73.4617965, 19.7192739, 0.0 ], [ 73.4607375, 19.721432, 0.0 ], [ 73.4605259, 19.7218093, 0.0 ], [ 73.4600709, 19.7226205, 0.0 ], [ 73.4591098, 19.7236673, 0.0 ], [ 73.4584269, 19.7239461, 0.0 ], [ 73.4579636, 19.7239402, 0.0 ], [ 73.457732, 19.7238512, 0.0 ], [ 73.4576194, 19.7237183, 0.0 ], [ 73.4576014, 19.723697, 0.0 ], [ 73.4575064, 19.723353, 0.0 ], [ 73.4573757, 19.7226886, 0.0 ], [ 73.4575141, 19.7221206, 0.0 ], [ 73.457895, 19.7206664, 0.0 ], [ 73.4579246, 19.7205169, 0.0 ], [ 73.4581634, 19.719306, 0.0 ], [ 73.4581272, 19.7182887, 0.0 ], [ 73.458103, 19.7176103, 0.0 ], [ 73.457866, 19.7170323, 0.0 ], [ 73.4577691, 19.716796, 0.0 ], [ 73.4572848, 19.7158555, 0.0 ], [ 73.4567803, 19.7154121, 0.0 ], [ 73.4560942, 19.7152173, 0.0 ], [ 73.4554889, 19.7152643, 0.0 ], [ 73.45498, 19.7154685, 0.0 ], [ 73.4547355, 19.7155666, 0.0 ], [ 73.4529057, 19.7168966, 0.0 ], [ 73.4527831, 19.7169857, 0.0 ], [ 73.452187, 19.7174543, 0.0 ], [ 73.4512048, 19.7182265, 0.0 ], [ 73.4508132, 19.7185493, 0.0 ], [ 73.4497975, 19.7193868, 0.0 ], [ 73.4495235, 19.7195549, 0.0 ], [ 73.4491187, 19.7198032, 0.0 ], [ 73.4487232, 19.7198513, 0.0 ], [ 73.4483544, 19.7197819, 0.0 ], [ 73.4479963, 19.719547, 0.0 ], [ 73.4474885, 19.7189918, 0.0 ], [ 73.4470813, 19.7184017, 0.0 ], [ 73.4470531, 19.7183466, 0.0 ], [ 73.4467851, 19.7178237, 0.0 ], [ 73.4466466, 19.7175534, 0.0 ], [ 73.4464283, 19.7171276, 0.0 ], [ 73.4462987, 19.716777, 0.0 ], [ 73.4459869, 19.7159339, 0.0 ], [ 73.4456403, 19.7152392, 0.0 ], [ 73.445579, 19.7151164, 0.0 ], [ 73.4449678, 19.7142618, 0.0 ], [ 73.4442893, 19.7136155, 0.0 ], [ 73.4439811, 19.7133218, 0.0 ], [ 73.4435113, 19.7127708, 0.0 ], [ 73.4433971, 19.7126368, 0.0 ], [ 73.4428334, 19.7116669, 0.0 ], [ 73.4428227, 19.7116363, 0.0 ], [ 73.4426231, 19.7110687, 0.0 ], [ 73.4423546, 19.7103047, 0.0 ], [ 73.442287, 19.7101127, 0.0 ], [ 73.4422407, 19.7099808, 0.0 ], [ 73.4416295, 19.7091465, 0.0 ], [ 73.4409232, 19.7088752, 0.0 ], [ 73.4407109, 19.7088669, 0.0 ], [ 73.4404003, 19.7088548, 0.0 ], [ 73.4396194, 19.7091194, 0.0 ], [ 73.4382763, 19.7104205, 0.0 ], [ 73.4368631, 19.7119963, 0.0 ], [ 73.4363133, 19.7122224, 0.0 ], [ 73.436205, 19.712267, 0.0 ], [ 73.4356823, 19.712238, 0.0 ], [ 73.4352274, 19.7119383, 0.0 ], [ 73.4348499, 19.7114549, 0.0 ], [ 73.4348486, 19.7114519, 0.0 ], [ 73.4344571, 19.7105627, 0.0 ], [ 73.4339685, 19.7094531, 0.0 ], [ 73.433579, 19.708144, 0.0 ], [ 73.4333785, 19.7074137, 0.0 ], [ 73.4330319, 19.7061515, 0.0 ], [ 73.4323669, 19.7046011, 0.0 ], [ 73.4321539, 19.7041045, 0.0 ], [ 73.4318153, 19.7035247, 0.0 ], [ 73.4316694, 19.7032749, 0.0 ], [ 73.4311695, 19.7029292, 0.0 ], [ 73.4306157, 19.7027679, 0.0 ], [ 73.4304283, 19.702788, 0.0 ], [ 73.4301158, 19.7028216, 0.0 ], [ 73.4293389, 19.7033747, 0.0 ], [ 73.4292451, 19.7034945, 0.0 ], [ 73.4284658, 19.7044894, 0.0 ], [ 73.4280608, 19.7050063, 0.0 ], [ 73.427332, 19.7056213, 0.0 ], [ 73.426682, 19.7061698, 0.0 ], [ 73.4262865, 19.706389, 0.0 ], [ 73.4262073, 19.7064329, 0.0 ], [ 73.4254206, 19.7068689, 0.0 ], [ 73.424367, 19.70739, 0.0 ], [ 73.4234943, 19.7078216, 0.0 ], [ 73.4232008, 19.7078808, 0.0 ], [ 73.4220868, 19.7081058, 0.0 ], [ 73.4218355, 19.708125, 0.0 ], [ 73.4209793, 19.7081903, 0.0 ], [ 73.4204232, 19.7080427, 0.0 ], [ 73.4203717, 19.708029, 0.0 ], [ 73.4199871, 19.7075143, 0.0 ], [ 73.4192385, 19.7064127, 0.0 ], [ 73.4188232, 19.7056214, 0.0 ], [ 73.4187638, 19.7055764, 0.0 ], [ 73.4184078, 19.7053065, 0.0 ], [ 73.4181002, 19.705245, 0.0 ], [ 73.417608, 19.7054524, 0.0 ], [ 73.4163533, 19.7071582, 0.0 ], [ 73.4158852, 19.7077988, 0.0 ], [ 73.4154653, 19.7083735, 0.0 ], [ 73.4151364, 19.7085159, 0.0 ], [ 73.4147278, 19.7085265, 0.0 ], [ 73.4142923, 19.7085378, 0.0 ], [ 73.4137333, 19.708494, 0.0 ], [ 73.4134811, 19.7083188, 0.0 ], [ 73.4133595, 19.7082286, 0.0 ], [ 73.4131413, 19.7080669, 0.0 ], [ 73.4129988, 19.7076071, 0.0 ], [ 73.4129046, 19.7069311, 0.0 ], [ 73.4128782, 19.7067421, 0.0 ], [ 73.4130676, 19.7059053, 0.0 ], [ 73.4130977, 19.7057724, 0.0 ], [ 73.4144867, 19.7036506, 0.0 ], [ 73.4157055, 19.7012845, 0.0 ], [ 73.4160805, 19.7003794, 0.0 ], [ 73.4160805, 19.699944, 0.0 ], [ 73.4160805, 19.6996304, 0.0 ], [ 73.4160289, 19.6993831, 0.0 ], [ 73.4160023, 19.6992558, 0.0 ], [ 73.4158148, 19.6990217, 0.0 ], [ 73.4154112, 19.698923, 0.0 ], [ 73.4150492, 19.6988345, 0.0 ], [ 73.4139712, 19.6990217, 0.0 ], [ 73.4137505, 19.6990859, 0.0 ], [ 73.4124674, 19.6994587, 0.0 ], [ 73.4122525, 19.6995211, 0.0 ], [ 73.412156, 19.699558, 0.0 ], [ 73.4104785, 19.7001992, 0.0 ], [ 73.4099611, 19.700397, 0.0 ], [ 73.4094965, 19.7005746, 0.0 ], [ 73.4088772, 19.700837, 0.0 ], [ 73.4073183, 19.7014977, 0.0 ], [ 73.4071053, 19.701541, 0.0 ], [ 73.4066326, 19.7016371, 0.0 ], [ 73.4062976, 19.7017052, 0.0 ], [ 73.4060664, 19.7017146, 0.0 ], [ 73.4056987, 19.7017296, 0.0 ], [ 73.4054024, 19.701685, 0.0 ], [ 73.4052525, 19.7016625, 0.0 ], [ 73.4033568, 19.7011522, 0.0 ], [ 73.4018652, 19.7007869, 0.0 ], [ 73.4010832, 19.7005954, 0.0 ], [ 73.4004909, 19.7005693, 0.0 ], [ 73.4002857, 19.7006278, 0.0 ], [ 73.3997591, 19.7007781, 0.0 ], [ 73.3993033, 19.7009992, 0.0 ], [ 73.3988484, 19.7012199, 0.0 ], [ 73.3975696, 19.7012075, 0.0 ], [ 73.3969115, 19.7009967, 0.0 ], [ 73.3964273, 19.700513, 0.0 ], [ 73.3958194, 19.6998035, 0.0 ], [ 73.395719, 19.6996864, 0.0 ], [ 73.3953223, 19.6992234, 0.0 ], [ 73.3946643, 19.6986033, 0.0 ], [ 73.3935759, 19.6983808, 0.0 ], [ 73.3930875, 19.6982809, 0.0 ], [ 73.392206, 19.6978509, 0.0 ], [ 73.3918378, 19.6976714, 0.0 ], [ 73.3905602, 19.6961366, 0.0 ], [ 73.3902904, 19.6958124, 0.0 ], [ 73.3892633, 19.6949041, 0.0 ], [ 73.3891124, 19.6948449, 0.0 ], [ 73.3882502, 19.6944576, 0.0 ], [ 73.3874847, 19.6942239, 0.0 ], [ 73.3864215, 19.6942026, 0.0 ], [ 73.3852306, 19.6942026, 0.0 ], [ 73.3848054, 19.6944788, 0.0 ], [ 73.3844226, 19.6948188, 0.0 ], [ 73.3841249, 19.6952437, 0.0 ], [ 73.3838272, 19.696391, 0.0 ], [ 73.3837847, 19.6972197, 0.0 ], [ 73.383714, 19.6975524, 0.0 ], [ 73.3836358, 19.6979208, 0.0 ], [ 73.3833168, 19.6986007, 0.0 ], [ 73.382764, 19.6990469, 0.0 ], [ 73.3822961, 19.6990894, 0.0 ], [ 73.3816582, 19.6988344, 0.0 ], [ 73.3811904, 19.698452, 0.0 ], [ 73.3808076, 19.698027, 0.0 ], [ 73.3804887, 19.6974109, 0.0 ], [ 73.3804461, 19.6966035, 0.0 ], [ 73.3808424, 19.692966, 0.0 ], [ 73.3811592, 19.6906432, 0.0 ], [ 73.3811379, 19.6900058, 0.0 ], [ 73.3808189, 19.6892409, 0.0 ], [ 73.3804362, 19.6888584, 0.0 ], [ 73.3796281, 19.688476, 0.0 ], [ 73.3789689, 19.6882635, 0.0 ], [ 73.3759444, 19.68766, 0.0 ], [ 73.3754978, 19.68766, 0.0 ], [ 73.3746472, 19.6878087, 0.0 ], [ 73.3723253, 19.6886851, 0.0 ], [ 73.3708196, 19.6892535, 0.0 ], [ 73.3703305, 19.6894872, 0.0 ], [ 73.369161, 19.6898909, 0.0 ], [ 73.3687357, 19.6898909, 0.0 ], [ 73.3683955, 19.6898484, 0.0 ], [ 73.3679702, 19.6896147, 0.0 ], [ 73.3676299, 19.6892322, 0.0 ], [ 73.3675236, 19.688786, 0.0 ], [ 73.3676087, 19.6881699, 0.0 ], [ 73.3678242, 19.6867433, 0.0 ], [ 73.3680093, 19.68608, 0.0 ], [ 73.3692128, 19.6837503, 0.0 ], [ 73.3692144, 19.6837445, 0.0 ], [ 73.369775, 19.6817339, 0.0 ], [ 73.3698043, 19.6807696, 0.0 ], [ 73.3697828, 19.6806353, 0.0 ], [ 73.3697451, 19.6803999, 0.0 ], [ 73.3696445, 19.6797719, 0.0 ], [ 73.3694367, 19.6791892, 0.0 ], [ 73.3691157, 19.6786964, 0.0 ], [ 73.3690052, 19.6785268, 0.0 ], [ 73.3687815, 19.6783033, 0.0 ], [ 73.3680574, 19.6778465, 0.0 ], [ 73.3671427, 19.6776258, 0.0 ], [ 73.3670774, 19.6776187, 0.0 ], [ 73.3645928, 19.6773492, 0.0 ], [ 73.3631293, 19.677098, 0.0 ], [ 73.3626872, 19.6769229, 0.0 ], [ 73.3625433, 19.6767713, 0.0 ], [ 73.361606, 19.6757836, 0.0 ], [ 73.360798, 19.6747554, 0.0 ], [ 73.3607198, 19.674656, 0.0 ], [ 73.3606139, 19.6745212, 0.0 ], [ 73.3602978, 19.6742055, 0.0 ], [ 73.3601451, 19.6740529, 0.0 ], [ 73.3599796, 19.6740155, 0.0 ], [ 73.3592753, 19.6738561, 0.0 ], [ 73.3590278, 19.6738831, 0.0 ], [ 73.3584667, 19.6739444, 0.0 ], [ 73.3572052, 19.6746973, 0.0 ], [ 73.3571138, 19.6747518, 0.0 ], [ 73.3565295, 19.6754265, 0.0 ], [ 73.356357, 19.6756256, 0.0 ], [ 73.3560582, 19.6759706, 0.0 ], [ 73.3552544, 19.6769959, 0.0 ], [ 73.3548755, 19.6777851, 0.0 ], [ 73.3548077, 19.6788975, 0.0 ], [ 73.3550296, 19.6799086, 0.0 ], [ 73.3550704, 19.6800942, 0.0 ], [ 73.3552946, 19.680481, 0.0 ], [ 73.3557096, 19.6811969, 0.0 ], [ 73.3578091, 19.6842786, 0.0 ], [ 73.3580626, 19.6846508, 0.0 ], [ 73.3583567, 19.6857492, 0.0 ], [ 73.3583801, 19.6858364, 0.0 ], [ 73.3583785, 19.6858524, 0.0 ], [ 73.3583249, 19.6863879, 0.0 ], [ 73.3579521, 19.6867739, 0.0 ], [ 73.3562384, 19.6879856, 0.0 ], [ 73.3557749, 19.6882953, 0.0 ], [ 73.3549866, 19.688822, 0.0 ], [ 73.354178, 19.6896512, 0.0 ], [ 73.353376, 19.6904737, 0.0 ], [ 73.353039, 19.6908341, 0.0 ], [ 73.3520677, 19.6918727, 0.0 ], [ 73.3517618, 19.6920801, 0.0 ], [ 73.3511661, 19.6924841, 0.0 ], [ 73.3498964, 19.693345, 0.0 ], [ 73.3493647, 19.6936284, 0.0 ], [ 73.3483123, 19.6941893, 0.0 ], [ 73.3476915, 19.6942202, 0.0 ], [ 73.3462968, 19.6942783, 0.0 ], [ 73.3462125, 19.6942818, 0.0 ], [ 73.3452266, 19.694056, 0.0 ], [ 73.3441995, 19.6937685, 0.0 ], [ 73.3434811, 19.6933358, 0.0 ], [ 73.3429778, 19.6930327, 0.0 ], [ 73.3419818, 19.6924328, 0.0 ], [ 73.3417121, 19.6919963, 0.0 ], [ 73.3414166, 19.6912132, 0.0 ], [ 73.3424495, 19.6858114, 0.0 ], [ 73.3424029, 19.6834839, 0.0 ], [ 73.3418673, 19.6815521, 0.0 ], [ 73.3413867, 19.6810328, 0.0 ], [ 73.3410057, 19.6806211, 0.0 ], [ 73.339725, 19.6805746, 0.0 ], [ 73.3392458, 19.6807562, 0.0 ], [ 73.3383743, 19.6810866, 0.0 ], [ 73.3366278, 19.6834607, 0.0 ], [ 73.3359528, 19.6873797, 0.0 ], [ 73.3356796, 19.6889664, 0.0 ], [ 73.3355921, 19.689474, 0.0 ], [ 73.3353175, 19.6899892, 0.0 ], [ 73.3345659, 19.6913994, 0.0 ], [ 73.3340392, 19.6923874, 0.0 ], [ 73.3335025, 19.6925318, 0.0 ], [ 73.3326486, 19.6924801, 0.0 ], [ 73.3324806, 19.6924699, 0.0 ], [ 73.3316961, 19.6923461, 0.0 ], [ 73.3311696, 19.6920985, 0.0 ], [ 73.3310043, 19.6918903, 0.0 ], [ 73.3309954, 19.6918791, 0.0 ], [ 73.3306535, 19.6914485, 0.0 ], [ 73.3305813, 19.6909121, 0.0 ], [ 73.3309591, 19.6872793, 0.0 ], [ 73.3312883, 19.6853351, 0.0 ], [ 73.3312883, 19.6841386, 0.0 ], [ 73.3305401, 19.6830318, 0.0 ], [ 73.3298246, 19.6828275, 0.0 ], [ 73.3294927, 19.6827327, 0.0 ], [ 73.3235226, 19.6818862, 0.0 ], [ 73.3232356, 19.6818455, 0.0 ], [ 73.3228964, 19.6814725, 0.0 ], [ 73.3225571, 19.6810995, 0.0 ], [ 73.3225107, 19.6795709, 0.0 ], [ 73.3224892, 19.6788615, 0.0 ], [ 73.3227946, 19.6762165, 0.0 ], [ 73.3227245, 19.6754641, 0.0 ], [ 73.3226589, 19.6747584, 0.0 ], [ 73.3217089, 19.6741819, 0.0 ], [ 73.3206232, 19.674148, 0.0 ], [ 73.3188251, 19.6746227, 0.0 ], [ 73.3177055, 19.675267, 0.0 ], [ 73.3171296, 19.6755331, 0.0 ], [ 73.3141093, 19.6769286, 0.0 ], [ 73.3127497, 19.676902, 0.0 ], [ 73.312379, 19.6768947, 0.0 ], [ 73.3106487, 19.6768608, 0.0 ], [ 73.3056715, 19.6767666, 0.0 ], [ 73.3042307, 19.6779164, 0.0 ], [ 73.3035898, 19.6784279, 0.0 ], [ 73.3029348, 19.6789506, 0.0 ], [ 73.3022553, 19.6795346, 0.0 ], [ 73.3016365, 19.6800664, 0.0 ], [ 73.3007932, 19.6807912, 0.0 ], [ 73.2997729, 19.680758, 0.0 ], [ 73.2963527, 19.6799797, 0.0 ], [ 73.2975614, 19.6731971, 0.0 ], [ 73.2969599, 19.6729461, 0.0 ], [ 73.2965081, 19.6726574, 0.0 ], [ 73.2958582, 19.6722421, 0.0 ], [ 73.2944938, 19.6713701, 0.0 ], [ 73.2902846, 19.6705511, 0.0 ], [ 73.2883828, 19.6702921, 0.0 ], [ 73.2855156, 19.669413, 0.0 ], [ 73.2835686, 19.6691999, 0.0 ], [ 73.2828218, 19.6694796, 0.0 ], [ 73.2823128, 19.6703308, 0.0 ], [ 73.2822084, 19.6705052, 0.0 ], [ 73.2821551, 19.6717439, 0.0 ], [ 73.282388, 19.6728562, 0.0 ], [ 73.2824621, 19.6736706, 0.0 ], [ 73.2825544, 19.6746847, 0.0 ], [ 73.2823178, 19.6758215, 0.0 ], [ 73.2820593, 19.6763445, 0.0 ], [ 73.281602, 19.6766225, 0.0 ], [ 73.2813019, 19.6767668, 0.0 ], [ 73.2812441, 19.6767946, 0.0 ], [ 73.2807669, 19.6768145, 0.0 ], [ 73.2804686, 19.6767152, 0.0 ], [ 73.2801174, 19.6766026, 0.0 ], [ 73.2798138, 19.6763471, 0.0 ], [ 73.2793844, 19.6758845, 0.0 ], [ 73.2792524, 19.6756604, 0.0 ], [ 73.2789564, 19.6751577, 0.0 ], [ 73.2787164, 19.6744504, 0.0 ], [ 73.2786564, 19.6733356, 0.0 ], [ 73.2786624, 19.671409, 0.0 ], [ 73.2788301, 19.6699469, 0.0 ], [ 73.2788041, 19.6693145, 0.0 ], [ 73.2787582, 19.6682003, 0.0 ], [ 73.2781672, 19.666662, 0.0 ], [ 73.2778138, 19.6658881, 0.0 ], [ 73.2761527, 19.6641407, 0.0 ], [ 73.2755807, 19.6638205, 0.0 ], [ 73.27505, 19.6635234, 0.0 ], [ 73.2749364, 19.6635112, 0.0 ], [ 73.2746016, 19.663475, 0.0 ], [ 73.2736807, 19.6637413, 0.0 ], [ 73.2724205, 19.6644916, 0.0 ], [ 73.2713447, 19.6651548, 0.0 ], [ 73.2711956, 19.6652467, 0.0 ], [ 73.2708695, 19.6654477, 0.0 ], [ 73.2698637, 19.6658834, 0.0 ], [ 73.2693593, 19.6659555, 0.0 ], [ 73.2687657, 19.6660403, 0.0 ], [ 73.2686701, 19.6660539, 0.0 ], [ 73.2678097, 19.6659813, 0.0 ], [ 73.2646713, 19.6646621, 0.0 ], [ 73.2636701, 19.6643863, 0.0 ], [ 73.2632657, 19.6642749, 0.0 ], [ 73.2624296, 19.6644201, 0.0 ], [ 73.2609163, 19.6654474, 0.0 ], [ 73.2592065, 19.6668963, 0.0 ], [ 73.2588998, 19.667029, 0.0 ], [ 73.2575312, 19.6676208, 0.0 ], [ 73.2559596, 19.6680348, 0.0 ], [ 73.2549406, 19.6680693, 0.0 ], [ 73.2542152, 19.6677933, 0.0 ], [ 73.2540396, 19.6676471, 0.0 ], [ 73.2532816, 19.6670158, 0.0 ], [ 73.2530238, 19.6668011, 0.0 ], [ 73.2522353, 19.6654849, 0.0 ], [ 73.2511094, 19.6636256, 0.0 ], [ 73.2506563, 19.6629816, 0.0 ], [ 73.2502669, 19.6624281, 0.0 ], [ 73.2498888, 19.6621476, 0.0 ], [ 73.2490766, 19.6619963, 0.0 ], [ 73.2474563, 19.6621366, 0.0 ], [ 73.245566, 19.6622121, 0.0 ], [ 73.2451231, 19.6623523, 0.0 ], [ 73.2446695, 19.6629349, 0.0 ], [ 73.2444426, 19.6636686, 0.0 ], [ 73.2438786, 19.6646729, 0.0 ], [ 73.2432176, 19.6650073, 0.0 ], [ 73.241954, 19.6654105, 0.0 ], [ 73.239894, 19.6655991, 0.0 ], [ 73.2388744, 19.665574, 0.0 ], [ 73.2379232, 19.6655505, 0.0 ], [ 73.236186, 19.6653306, 0.0 ], [ 73.235085, 19.6648052, 0.0 ], [ 73.2340451, 19.6639743, 0.0 ], [ 73.2331681, 19.6628421, 0.0 ], [ 73.2329827, 19.6622322, 0.0 ], [ 73.2329695, 19.6620002, 0.0 ], [ 73.2329391, 19.6614697, 0.0 ], [ 73.2329669, 19.6606446, 0.0 ], [ 73.2330039, 19.6595426, 0.0 ], [ 73.2326575, 19.6581172, 0.0 ], [ 73.2321864, 19.6575083, 0.0 ], [ 73.2317014, 19.6573007, 0.0 ], [ 73.230787, 19.6569824, 0.0 ], [ 73.2299279, 19.6570516, 0.0 ], [ 73.2289718, 19.6573284, 0.0 ], [ 73.2284176, 19.6579788, 0.0 ], [ 73.2281363, 19.6588084, 0.0 ], [ 73.2275707, 19.6604761, 0.0 ], [ 73.2272883, 19.6607935, 0.0 ], [ 73.2267948, 19.661348, 0.0 ], [ 73.226296, 19.6617632, 0.0 ], [ 73.2256309, 19.6618324, 0.0 ], [ 73.2246055, 19.6616663, 0.0 ], [ 73.2231507, 19.6610712, 0.0 ], [ 73.2215877, 19.6603361, 0.0 ], [ 73.2213883, 19.6602936, 0.0 ], [ 73.217243, 19.659409, 0.0 ], [ 73.2159593, 19.6586595, 0.0 ], [ 73.2150508, 19.6576536, 0.0 ], [ 73.2132889, 19.6559105, 0.0 ], [ 73.2106031, 19.6540958, 0.0 ], [ 73.2098207, 19.6534986, 0.0 ], [ 73.2070804, 19.651407, 0.0 ], [ 73.2052833, 19.650263, 0.0 ], [ 73.2035454, 19.6500263, 0.0 ], [ 73.2015705, 19.6498882, 0.0 ], [ 73.1989373, 19.649551, 0.0 ], [ 73.1964094, 19.6493933, 0.0 ], [ 73.1945333, 19.6492355, 0.0 ], [ 73.1914507, 19.6481977, 0.0 ], [ 73.1906139, 19.6479228, 0.0 ], [ 73.1899753, 19.6480218, 0.0 ], [ 73.1885517, 19.6486851, 0.0 ], [ 73.1876427, 19.6490771, 0.0 ], [ 73.1859667, 19.6500487, 0.0 ], [ 73.1827319, 19.652747, 0.0 ], [ 73.1797267, 19.6555946, 0.0 ], [ 73.1789819, 19.6559277, 0.0 ], [ 73.1786151, 19.655961, 0.0 ], [ 73.178226, 19.6558833, 0.0 ], [ 73.1778703, 19.6555613, 0.0 ], [ 73.1768171, 19.654723, 0.0 ], [ 73.1765427, 19.6545046, 0.0 ], [ 73.1752199, 19.6536497, 0.0 ], [ 73.1744781, 19.6534076, 0.0 ], [ 73.1731647, 19.6529105, 0.0 ], [ 73.171951, 19.6528548, 0.0 ], [ 73.1710902, 19.652971, 0.0 ], [ 73.1697918, 19.6532851, 0.0 ], [ 73.1696937, 19.6533242, 0.0 ], [ 73.1689862, 19.6536063, 0.0 ], [ 73.1683934, 19.6536257, 0.0 ], [ 73.1680125, 19.653359, 0.0 ], [ 73.1675669, 19.6525128, 0.0 ], [ 73.1675555, 19.6523678, 0.0 ], [ 73.1677555, 19.6508051, 0.0 ], [ 73.168009, 19.6490011, 0.0 ], [ 73.1681358, 19.6472604, 0.0 ], [ 73.1680724, 19.6466116, 0.0 ], [ 73.167492, 19.6449858, 0.0 ], [ 73.1674246, 19.6448964, 0.0 ], [ 73.1668208, 19.6430933, 0.0 ], [ 73.1661123, 19.641514, 0.0 ], [ 73.1648796, 19.6375816, 0.0 ], [ 73.1640893, 19.6364652, 0.0 ], [ 73.1639932, 19.6363451, 0.0 ], [ 73.1635442, 19.6357844, 0.0 ], [ 73.1627267, 19.6350765, 0.0 ], [ 73.1622361, 19.6347497, 0.0 ], [ 73.1614731, 19.6345863, 0.0 ], [ 73.1606282, 19.6343413, 0.0 ], [ 73.1598379, 19.6340145, 0.0 ], [ 73.1589931, 19.63396, 0.0 ], [ 73.1581352, 19.634113, 0.0 ], [ 73.1559564, 19.6345016, 0.0 ], [ 73.1554386, 19.6345016, 0.0 ], [ 73.1542122, 19.6344743, 0.0 ], [ 73.1524135, 19.6344743, 0.0 ], [ 73.1511327, 19.6344471, 0.0 ], [ 73.1500426, 19.6342565, 0.0 ], [ 73.1489562, 19.6340319, 0.0 ], [ 73.1484619, 19.6339298, 0.0 ], [ 73.1473718, 19.6337664, 0.0 ], [ 73.146418, 19.6333579, 0.0 ], [ 73.1456277, 19.6327589, 0.0 ], [ 73.1442814, 19.6317472, 0.0 ], [ 73.1427825, 19.6311754, 0.0 ], [ 73.1415289, 19.6306853, 0.0 ], [ 73.1408748, 19.6306853, 0.0 ], [ 73.1395939, 19.6308759, 0.0 ], [ 73.136056, 19.6330703, 0.0 ], [ 73.1348972, 19.633789, 0.0 ], [ 73.1339978, 19.6341158, 0.0 ], [ 73.1325807, 19.634143, 0.0 ], [ 73.1322012, 19.633994, 0.0 ], [ 73.1302915, 19.6332444, 0.0 ], [ 73.1293649, 19.6328087, 0.0 ], [ 73.1284383, 19.632727, 0.0 ], [ 73.1271847, 19.6328904, 0.0 ], [ 73.1263671, 19.6331627, 0.0 ], [ 73.1240453, 19.6340023, 0.0 ], [ 73.1228189, 19.6340568, 0.0 ], [ 73.1220831, 19.6340023, 0.0 ], [ 73.1213473, 19.6337573, 0.0 ], [ 73.1196304, 19.6332671, 0.0 ], [ 73.1189491, 19.6328859, 0.0 ], [ 73.1184313, 19.6321507, 0.0 ], [ 73.1179952, 19.6314155, 0.0 ], [ 73.1155907, 19.6278964, 0.0 ], [ 73.1146369, 19.6268072, 0.0 ], [ 73.1141736, 19.6260992, 0.0 ], [ 73.1136013, 19.6250373, 0.0 ], [ 73.1132197, 19.6244382, 0.0 ], [ 73.11292, 19.6239753, 0.0 ], [ 73.1124839, 19.6235669, 0.0 ], [ 73.1114483, 19.6231584, 0.0 ], [ 73.1104127, 19.6231584, 0.0 ], [ 73.1095907, 19.6231157, 0.0 ], [ 73.1070787, 19.6229849, 0.0 ], [ 73.1053618, 19.6224131, 0.0 ], [ 73.1029636, 19.6215417, 0.0 ], [ 73.1022823, 19.6210788, 0.0 ], [ 73.1013285, 19.6202892, 0.0 ], [ 73.1005109, 19.6194723, 0.0 ], [ 73.0995025, 19.6185737, 0.0 ], [ 73.0985487, 19.6181925, 0.0 ], [ 73.0978129, 19.6180836, 0.0 ], [ 73.0970771, 19.6180836, 0.0 ], [ 73.0955677, 19.6201798, 0.0 ], [ 73.094934, 19.6204331, 0.0 ], [ 73.0943927, 19.6206494, 0.0 ], [ 73.0942051, 19.6207244, 0.0 ], [ 73.0929242, 19.6211873, 0.0 ], [ 73.0920249, 19.6215141, 0.0 ], [ 73.0910438, 19.6219225, 0.0 ], [ 73.0903625, 19.6224127, 0.0 ], [ 73.0897902, 19.623039, 0.0 ], [ 73.0895361, 19.6234295, 0.0 ], [ 73.0894359, 19.6235836, 0.0 ], [ 73.0893541, 19.6244277, 0.0 ], [ 73.0895945, 19.627103, 0.0 ], [ 73.0898398, 19.6282194, 0.0 ], [ 73.089976, 19.6290091, 0.0 ], [ 73.0898943, 19.6298804, 0.0 ], [ 73.089758, 19.6306973, 0.0 ], [ 73.0893237, 19.6314604, 0.0 ], [ 73.0883395, 19.6331901, 0.0 ], [ 73.0876855, 19.6338708, 0.0 ], [ 73.0867044, 19.6346332, 0.0 ], [ 73.0855325, 19.6351506, 0.0 ], [ 73.0853967, 19.6352075, 0.0 ], [ 73.0846877, 19.6355046, 0.0 ], [ 73.0838701, 19.6359675, 0.0 ], [ 73.0830525, 19.6364576, 0.0 ], [ 73.0824257, 19.6370567, 0.0 ], [ 73.0822622, 19.6374923, 0.0 ], [ 73.082235, 19.637928, 0.0 ], [ 73.0830468, 19.6395671, 0.0 ], [ 73.0830468, 19.640139, 0.0 ], [ 73.0827197, 19.6408469, 0.0 ], [ 73.0824745, 19.6412554, 0.0 ], [ 73.0821015, 19.6420194, 0.0 ], [ 73.0812266, 19.6415935, 0.0 ], [ 73.0805398, 19.6414188, 0.0 ], [ 73.0797008, 19.6412164, 0.0 ], [ 73.0774051, 19.640834, 0.0 ], [ 73.0762267, 19.6406811, 0.0 ], [ 73.0754145, 19.6406888, 0.0 ], [ 73.0735275, 19.6407067, 0.0 ], [ 73.0724452, 19.6406935, 0.0 ], [ 73.0717325, 19.6404958, 0.0 ], [ 73.0713629, 19.640364, 0.0 ], [ 73.0710197, 19.6399553, 0.0 ], [ 73.0708086, 19.6396389, 0.0 ], [ 73.0705842, 19.6389798, 0.0 ], [ 73.0702776, 19.6380867, 0.0 ], [ 73.070109, 19.6375956, 0.0 ], [ 73.0700157, 19.6365863, 0.0 ], [ 73.0700289, 19.635268, 0.0 ], [ 73.0699554, 19.6303742, 0.0 ], [ 73.06962, 19.6289003, 0.0 ], [ 73.0688384, 19.6274746, 0.0 ], [ 73.0685843, 19.6270714, 0.0 ], [ 73.06691, 19.6262502, 0.0 ], [ 73.0661267, 19.6259942, 0.0 ], [ 73.0652656, 19.6257127, 0.0 ], [ 73.0618657, 19.6242905, 0.0 ], [ 73.0600718, 19.6240367, 0.0 ], [ 73.0579939, 19.6242308, 0.0 ], [ 73.0557011, 19.6241406, 0.0 ], [ 73.0544506, 19.623874, 0.0 ], [ 73.0543707, 19.6238569, 0.0 ], [ 73.0520087, 19.6231104, 0.0 ], [ 73.0512875, 19.6228109, 0.0 ], [ 73.0502883, 19.622396, 0.0 ], [ 73.0497333, 19.6221656, 0.0 ], [ 73.0474891, 19.6209702, 0.0 ], [ 73.0435289, 19.6202456, 0.0 ], [ 73.0418658, 19.6196405, 0.0 ], [ 73.0382071, 19.6190235, 0.0 ], [ 73.0355766, 19.6195113, 0.0 ], [ 73.0333077, 19.6201994, 0.0 ], [ 73.0329601, 19.6202535, 0.0 ], [ 73.0308411, 19.6205833, 0.0 ], [ 73.0303045, 19.6206721, 0.0 ], [ 73.0294964, 19.6208059, 0.0 ], [ 73.0285177, 19.6215111, 0.0 ], [ 73.0267714, 19.6219134, 0.0 ], [ 73.0258167, 19.6229227, 0.0 ], [ 73.0228545, 19.6250197, 0.0 ], [ 73.02107, 19.6262083, 0.0 ], [ 73.0202137, 19.6265798, 0.0 ], [ 73.0191865, 19.6270255, 0.0 ], [ 73.0168004, 19.6281218, 0.0 ], [ 73.0142477, 19.6293104, 0.0 ], [ 73.0130009, 19.6301517, 0.0 ], [ 73.0123393, 19.6305981, 0.0 ], [ 73.0113226, 19.6312141, 0.0 ], [ 73.0093293, 19.6315641, 0.0 ], [ 73.0084548, 19.6312953, 0.0 ], [ 73.0078763, 19.6309997, 0.0 ], [ 73.0075265, 19.6306907, 0.0 ], [ 73.0072036, 19.6299382, 0.0 ], [ 73.0068268, 19.6284735, 0.0 ], [ 73.0058733, 19.6242128, 0.0 ], [ 73.0052667, 19.6228681, 0.0 ], [ 73.0049751, 19.622253, 0.0 ], [ 73.0043494, 19.621297, 0.0 ], [ 73.0035766, 19.6208374, 0.0 ], [ 73.0028406, 19.6205984, 0.0 ], [ 73.0021965, 19.6205249, 0.0 ], [ 73.0012581, 19.6211683, 0.0 ], [ 73.0008165, 19.621867, 0.0 ], [ 73.0007429, 19.6219221, 0.0 ], [ 73.0000167, 19.621879, 0.0 ], [ 72.9976794, 19.6213516, 0.0 ], [ 72.9970759, 19.6208743, 0.0 ], [ 72.9965227, 19.6205729, 0.0 ], [ 72.9960953, 19.6204473, 0.0 ], [ 72.9956427, 19.6204473, 0.0 ], [ 72.9950643, 19.6204976, 0.0 ], [ 72.9947374, 19.6207236, 0.0 ], [ 72.9943854, 19.6210753, 0.0 ], [ 72.9939606, 19.6215526, 0.0 ], [ 72.9927844, 19.6228743, 0.0 ], [ 72.9925749, 19.6231098, 0.0 ], [ 72.9921726, 19.6235619, 0.0 ], [ 72.9918206, 19.6238382, 0.0 ], [ 72.9915337, 19.6240945, 0.0 ], [ 72.9913428, 19.6242652, 0.0 ], [ 72.9908148, 19.6247926, 0.0 ], [ 72.9903408, 19.6260905, 0.0 ], [ 72.9902584, 19.6263159, 0.0 ], [ 72.990007, 19.6265922, 0.0 ], [ 72.9897599, 19.6267019, 0.0 ], [ 72.9891018, 19.626994, 0.0 ], [ 72.9882971, 19.6271196, 0.0 ], [ 72.9869141, 19.6274462, 0.0 ], [ 72.9858115, 19.6278698, 0.0 ], [ 72.9856066, 19.6279485, 0.0 ], [ 72.9846762, 19.628275, 0.0 ], [ 72.9837207, 19.6286769, 0.0 ], [ 72.9829664, 19.6290537, 0.0 ], [ 72.9827583, 19.6292237, 0.0 ], [ 72.9824132, 19.6295058, 0.0 ], [ 72.981684, 19.6302342, 0.0 ], [ 72.9805524, 19.6326956, 0.0 ], [ 72.980125, 19.6332733, 0.0 ], [ 72.9794964, 19.6338761, 0.0 ], [ 72.9788677, 19.634278, 0.0 ], [ 72.9764365, 19.6364806, 0.0 ], [ 72.9753826, 19.6374354, 0.0 ], [ 72.9727501, 19.6398201, 0.0 ], [ 72.9706509, 19.6416452, 0.0 ], [ 72.9686766, 19.6433616, 0.0 ], [ 72.9679998, 19.6445197, 0.0 ], [ 72.9672874, 19.6457386, 0.0 ], [ 72.9668504, 19.6464978, 0.0 ], [ 72.9667091, 19.6467433, 0.0 ], [ 72.9663571, 19.6472707, 0.0 ], [ 72.9658793, 19.6476726, 0.0 ], [ 72.965477, 19.647974, 0.0 ], [ 72.964939, 19.6484372, 0.0 ], [ 72.9647478, 19.6486019, 0.0 ], [ 72.9643203, 19.6490792, 0.0 ], [ 72.9638928, 19.6496317, 0.0 ], [ 72.9636651, 19.6498854, 0.0 ], [ 72.9632391, 19.6503601, 0.0 ], [ 72.9625853, 19.6510885, 0.0 ], [ 72.9587827, 19.6542284, 0.0 ], [ 72.9583586, 19.6545786, 0.0 ], [ 72.9577781, 19.6550579, 0.0 ], [ 72.957274, 19.6554741, 0.0 ], [ 72.9559413, 19.6568053, 0.0 ], [ 72.9554133, 19.6577849, 0.0 ], [ 72.9550864, 19.6582621, 0.0 ], [ 72.9547343, 19.6587896, 0.0 ], [ 72.954332, 19.6594426, 0.0 ], [ 72.9542506, 19.659613, 0.0 ], [ 72.9529421, 19.6623504, 0.0 ], [ 72.9516211, 19.6656687, 0.0 ], [ 72.951541, 19.6658701, 0.0 ], [ 72.9512323, 19.6666455, 0.0 ], [ 72.9505031, 19.668052, 0.0 ], [ 72.9498745, 19.6688306, 0.0 ], [ 72.9491237, 19.6703785, 0.0 ], [ 72.9481125, 19.6724634, 0.0 ], [ 72.9479401, 19.6729033, 0.0 ], [ 72.9457991, 19.678366, 0.0 ], [ 72.9445208, 19.6810888, 0.0 ], [ 72.9440114, 19.6821737, 0.0 ], [ 72.9434331, 19.6833793, 0.0 ], [ 72.9429302, 19.6840072, 0.0 ], [ 72.9426033, 19.6844091, 0.0 ], [ 72.9421255, 19.6848361, 0.0 ], [ 72.9417908, 19.6849865, 0.0 ], [ 72.9416226, 19.6850621, 0.0 ], [ 72.9410946, 19.6853635, 0.0 ], [ 72.9406168, 19.6857152, 0.0 ], [ 72.9401139, 19.6860668, 0.0 ], [ 72.9397116, 19.6864185, 0.0 ], [ 72.9393344, 19.6868706, 0.0 ], [ 72.9386543, 19.6872496, 0.0 ], [ 72.9384998, 19.6873357, 0.0 ], [ 72.9369408, 19.6888176, 0.0 ], [ 72.9364379, 19.6892698, 0.0 ], [ 72.9360859, 19.689546, 0.0 ], [ 72.9359601, 19.6900986, 0.0 ], [ 72.9359756, 19.6904837, 0.0 ], [ 72.9359853, 19.6907266, 0.0 ], [ 72.9360586, 19.6913366, 0.0 ], [ 72.9360607, 19.6913545, 0.0 ], [ 72.9362619, 19.6920075, 0.0 ], [ 72.9366139, 19.6928113, 0.0 ], [ 72.9368402, 19.6932383, 0.0 ], [ 72.9371168, 19.6936653, 0.0 ], [ 72.9374614, 19.694074, 0.0 ], [ 72.9375191, 19.6941425, 0.0 ], [ 72.938198, 19.6963289, 0.0 ], [ 72.9383488, 19.6972582, 0.0 ], [ 72.938374, 19.6985643, 0.0 ], [ 72.9384494, 19.6994685, 0.0 ], [ 72.9384243, 19.7002221, 0.0 ], [ 72.9380974, 19.7015533, 0.0 ], [ 72.9377202, 19.7024073, 0.0 ], [ 72.9372676, 19.7030352, 0.0 ], [ 72.9361864, 19.7042659, 0.0 ], [ 72.9350548, 19.7049441, 0.0 ], [ 72.9349831, 19.7050195, 0.0 ], [ 72.9346807, 19.7053372, 0.0 ], [ 72.9335964, 19.7064762, 0.0 ], [ 72.9330181, 19.7071544, 0.0 ], [ 72.9315793, 19.708958, 0.0 ], [ 72.9298191, 19.7128763, 0.0 ], [ 72.9274806, 19.716041, 0.0 ], [ 72.9262234, 19.7176736, 0.0 ], [ 72.923373, 19.7211384, 0.0 ], [ 72.9227997, 19.7218353, 0.0 ], [ 72.9220202, 19.7223377, 0.0 ], [ 72.9213413, 19.7227647, 0.0 ], [ 72.9205869, 19.7230912, 0.0 ], [ 72.9198326, 19.7233173, 0.0 ], [ 72.9193297, 19.7234177, 0.0 ], [ 72.9184999, 19.7234177, 0.0 ], [ 72.9180976, 19.7231917, 0.0 ], [ 72.9176198, 19.7227144, 0.0 ], [ 72.9172175, 19.7222372, 0.0 ], [ 72.9167048, 19.7218039, 0.0 ], [ 72.9165637, 19.7216846, 0.0 ], [ 72.9161362, 19.7214084, 0.0 ], [ 72.9156599, 19.7211787, 0.0 ], [ 72.915407, 19.7210567, 0.0 ], [ 72.9139624, 19.7199971, 0.0 ], [ 72.9133841, 19.719545, 0.0 ], [ 72.9123783, 19.7189171, 0.0 ], [ 72.9122007, 19.7187043, 0.0 ], [ 72.9118754, 19.7183143, 0.0 ], [ 72.9113222, 19.7178119, 0.0 ], [ 72.9108444, 19.7172845, 0.0 ], [ 72.9104421, 19.7167068, 0.0 ], [ 72.9098889, 19.7161291, 0.0 ], [ 72.9093106, 19.7155765, 0.0 ], [ 72.9057827, 19.7131787, 0.0 ], [ 72.9049278, 19.7124001, 0.0 ], [ 72.90445, 19.7116466, 0.0 ], [ 72.9041483, 19.7105917, 0.0 ], [ 72.9042499, 19.7102872, 0.0 ], [ 72.904274, 19.7102149, 0.0 ], [ 72.9045255, 19.7098633, 0.0 ], [ 72.9049781, 19.7095368, 0.0 ], [ 72.9053553, 19.7092856, 0.0 ], [ 72.9054307, 19.7088335, 0.0 ], [ 72.905481, 19.7076278, 0.0 ], [ 72.9053553, 19.7068994, 0.0 ], [ 72.9057304, 19.7049205, 0.0 ], [ 72.9060321, 19.7031623, 0.0 ], [ 72.9060824, 19.7017809, 0.0 ], [ 72.9059818, 19.7008013, 0.0 ], [ 72.9058561, 19.6995454, 0.0 ], [ 72.9055544, 19.6987417, 0.0 ], [ 72.9040346, 19.6939843, 0.0 ], [ 72.9039686, 19.693778, 0.0 ], [ 72.9033149, 19.6921203, 0.0 ], [ 72.9031192, 19.6913942, 0.0 ], [ 72.9029628, 19.6908142, 0.0 ], [ 72.9028371, 19.6895583, 0.0 ], [ 72.9021432, 19.6845768, 0.0 ], [ 72.9021063, 19.684312, 0.0 ], [ 72.9019619, 19.6835132, 0.0 ], [ 72.9017794, 19.6825036, 0.0 ], [ 72.9015319, 19.6817089, 0.0 ], [ 72.9014274, 19.6813733, 0.0 ], [ 72.9010502, 19.6803686, 0.0 ], [ 72.9006227, 19.6796653, 0.0 ], [ 72.8998295, 19.6786422, 0.0 ], [ 72.8989593, 19.6775197, 0.0 ], [ 72.8979283, 19.6762638, 0.0 ], [ 72.8972494, 19.6757364, 0.0 ], [ 72.8956904, 19.6746814, 0.0 ], [ 72.8947349, 19.6740033, 0.0 ], [ 72.8941063, 19.6732749, 0.0 ], [ 72.8932262, 19.672446, 0.0 ], [ 72.8918123, 19.6699432, 0.0 ], [ 72.8897053, 19.6668433, 0.0 ], [ 72.8867079, 19.6624332, 0.0 ], [ 72.8842143, 19.6584745, 0.0 ], [ 72.8840868, 19.6582569, 0.0 ], [ 72.8836108, 19.6574447, 0.0 ], [ 72.8829822, 19.6564652, 0.0 ], [ 72.8825799, 19.6556865, 0.0 ], [ 72.8821272, 19.6549079, 0.0 ], [ 72.8818022, 19.6545094, 0.0 ], [ 72.8815741, 19.6542297, 0.0 ], [ 72.8801789, 19.6529498, 0.0 ], [ 72.8799087, 19.6527018, 0.0 ], [ 72.8786011, 19.6517725, 0.0 ], [ 72.8782084, 19.651404, 0.0 ], [ 72.8777713, 19.6509939, 0.0 ], [ 72.8766147, 19.6503659, 0.0 ], [ 72.8757094, 19.6500645, 0.0 ], [ 72.8737984, 19.6500394, 0.0 ], [ 72.8726166, 19.6501399, 0.0 ], [ 72.8723481, 19.6501961, 0.0 ], [ 72.8710576, 19.6504664, 0.0 ], [ 72.86887, 19.6508432, 0.0 ], [ 72.8678139, 19.6509185, 0.0 ], [ 72.8669087, 19.6507929, 0.0 ], [ 72.8657269, 19.650391, 0.0 ], [ 72.8647211, 19.6498133, 0.0 ], [ 72.8639918, 19.6495371, 0.0 ], [ 72.8633632, 19.6491101, 0.0 ], [ 72.8619802, 19.6484821, 0.0 ], [ 72.8609493, 19.6479798, 0.0 ], [ 72.8604715, 19.6476533, 0.0 ], [ 72.8595915, 19.6471258, 0.0 ], [ 72.8591389, 19.6466235, 0.0 ], [ 72.8578716, 19.6450191, 0.0 ], [ 72.8575737, 19.6440907, 0.0 ], [ 72.8568461, 19.641823, 0.0 ], [ 72.8566258, 19.6411363, 0.0 ], [ 72.8563766, 19.6401656, 0.0 ], [ 72.8562979, 19.6393405, 0.0 ], [ 72.8562769, 19.6391203, 0.0 ], [ 72.8560608, 19.6373731, 0.0 ], [ 72.8560583, 19.637353, 0.0 ], [ 72.8559027, 19.6360954, 0.0 ], [ 72.8559027, 19.6349754, 0.0 ], [ 72.8559775, 19.6338056, 0.0 ], [ 72.8560273, 19.6329344, 0.0 ], [ 72.857062, 19.6288652, 0.0 ], [ 72.8578724, 19.625678, 0.0 ], [ 72.8586659, 19.6229186, 0.0 ], [ 72.8592941, 19.6207341, 0.0 ], [ 72.8603363, 19.6185803, 0.0 ], [ 72.8614619, 19.616254, 0.0 ], [ 72.8629549, 19.6120826, 0.0 ], [ 72.8635336, 19.6104658, 0.0 ], [ 72.8642299, 19.6086982, 0.0 ], [ 72.8649805, 19.6067929, 0.0 ], [ 72.8658012, 19.6038318, 0.0 ], [ 72.865851, 19.6025873, 0.0 ], [ 72.8659008, 19.6008451, 0.0 ], [ 72.8657546, 19.5996403, 0.0 ], [ 72.8657015, 19.5992023, 0.0 ], [ 72.8653753, 19.5890821, 0.0 ], [ 72.8653523, 19.5883702, 0.0 ], [ 72.8655201, 19.5871966, 0.0 ], [ 72.8657011, 19.585931, 0.0 ], [ 72.8658008, 19.5847861, 0.0 ], [ 72.8664985, 19.5827451, 0.0 ], [ 72.8669172, 19.5818445, 0.0 ], [ 72.868644, 19.5781298, 0.0 ], [ 72.8719331, 19.5720567, 0.0 ], [ 72.8736149, 19.5702017, 0.0 ], [ 72.8743252, 19.5694184, 0.0 ], [ 72.8757678, 19.5682579, 0.0 ], [ 72.8799565, 19.5648885, 0.0 ], [ 72.8834724, 19.5610947, 0.0 ], [ 72.8849852, 19.5594622, 0.0 ], [ 72.8857093, 19.5586808, 0.0 ], [ 72.8868963, 19.5573998, 0.0 ], [ 72.8880924, 19.5558068, 0.0 ], [ 72.8891887, 19.554413, 0.0 ], [ 72.8900083, 19.5532028, 0.0 ], [ 72.8903349, 19.5527205, 0.0 ], [ 72.8911821, 19.5511276, 0.0 ], [ 72.8929255, 19.5472656, 0.0 ], [ 72.893331, 19.5463673, 0.0 ], [ 72.8937798, 19.545015, 0.0 ], [ 72.8939171, 19.5446012, 0.0 ], [ 72.8945268, 19.5427636, 0.0 ], [ 72.8945767, 19.5419173, 0.0 ], [ 72.8945767, 19.540872, 0.0 ], [ 72.8945356, 19.5393961, 0.0 ], [ 72.8945268, 19.5390799, 0.0 ], [ 72.894477, 19.5378354, 0.0 ], [ 72.8946265, 19.5352967, 0.0 ], [ 72.8949434, 19.5328547, 0.0 ], [ 72.8949753, 19.5326086, 0.0 ], [ 72.8949482, 19.5317411, 0.0 ], [ 72.8949255, 19.5310156, 0.0 ], [ 72.8946265, 19.5293231, 0.0 ], [ 72.8936298, 19.5278795, 0.0 ], [ 72.8928506, 19.5271753, 0.0 ], [ 72.8925833, 19.5269337, 0.0 ], [ 72.8912377, 19.5259879, 0.0 ], [ 72.889643, 19.5255897, 0.0 ], [ 72.8877493, 19.5256395, 0.0 ], [ 72.8854071, 19.525739, 0.0 ], [ 72.8829537, 19.5261928, 0.0 ], [ 72.882716, 19.5262368, 0.0 ], [ 72.8783804, 19.5265853, 0.0 ], [ 72.8766249, 19.5262671, 0.0 ], [ 72.8731354, 19.5256347, 0.0 ], [ 72.8722795, 19.5254795, 0.0 ], [ 72.8707845, 19.5246333, 0.0 ], [ 72.866997, 19.5232394, 0.0 ], [ 72.8635086, 19.5230901, 0.0 ], [ 72.8611664, 19.5232394, 0.0 ], [ 72.8550865, 19.5239363, 0.0 ], [ 72.8524951, 19.5243346, 0.0 ], [ 72.8498041, 19.524683, 0.0 ], [ 72.8478605, 19.5247328, 0.0 ], [ 72.8458173, 19.524683, 0.0 ], [ 72.8418803, 19.5240359, 0.0 ], [ 72.8400863, 19.5233888, 0.0 ], [ 72.8384417, 19.5223932, 0.0 ], [ 72.8376351, 19.5215255, 0.0 ], [ 72.837146, 19.5209994, 0.0 ], [ 72.8355433, 19.5187048, 0.0 ], [ 72.8326229, 19.5145235, 0.0 ] ], [ [ 73.5051238, 19.8091724, 0.0 ], [ 73.5051352, 19.8091199, 0.0 ], [ 73.5051536, 19.8090353, 0.0 ], [ 73.5056764, 19.8084575, 0.0 ], [ 73.5062405, 19.8076757, 0.0 ], [ 73.5063794, 19.8074831, 0.0 ], [ 73.50646, 19.8074335, 0.0 ], [ 73.5067384, 19.8072624, 0.0 ], [ 73.5078551, 19.8069576, 0.0 ], [ 73.5083803, 19.8070128, 0.0 ], [ 73.5084106, 19.807016, 0.0 ], [ 73.5088005, 19.8070841, 0.0 ], [ 73.5090734, 19.8073372, 0.0 ], [ 73.5091486, 19.8074835, 0.0 ], [ 73.5096387, 19.8084372, 0.0 ], [ 73.5101358, 19.8094691, 0.0 ], [ 73.5103592, 19.8096751, 0.0 ], [ 73.5111313, 19.810387, 0.0 ], [ 73.5118428, 19.8107861, 0.0 ], [ 73.5122156, 19.8112764, 0.0 ], [ 73.514264, 19.8121316, 0.0 ], [ 73.5168001, 19.8131905, 0.0 ], [ 73.5202677, 19.8154289, 0.0 ], [ 73.5227149, 19.8181514, 0.0 ], [ 73.5227149, 19.8181517, 0.0 ] ], [ [ 73.5227149, 19.8181517, 0.0 ], [ 73.5154263, 19.8201709, 0.0 ], [ 73.5137984, 19.8206219, 0.0 ], [ 73.5098649, 19.8217114, 0.0 ], [ 73.5084894, 19.8222355, 0.0 ], [ 73.5067916, 19.8223181, 0.0 ], [ 73.5066122, 19.8209961, 0.0 ], [ 73.5055489, 19.8183733, 0.0 ], [ 73.505243, 19.8176262, 0.0 ], [ 73.505155, 19.8172946, 0.0 ], [ 73.5049841, 19.8162818, 0.0 ], [ 73.5048206, 19.8157712, 0.0 ], [ 73.5045854, 19.8155363, 0.0 ], [ 73.5041457, 19.8153831, 0.0 ], [ 73.5034737, 19.8149051, 0.0 ], [ 73.5034709, 19.8149032, 0.0 ], [ 73.5031029, 19.8141475, 0.0 ], [ 73.5026277, 19.8135512, 0.0 ], [ 73.5025189, 19.8132842, 0.0 ], [ 73.5024202, 19.813042, 0.0 ], [ 73.5024259, 19.8127995, 0.0 ], [ 73.5025106, 19.8124612, 0.0 ], [ 73.5026856, 19.8122413, 0.0 ], [ 73.5029058, 19.812089, 0.0 ], [ 73.5031881, 19.81201, 0.0 ], [ 73.5037218, 19.8121438, 0.0 ], [ 73.5040344, 19.8123851, 0.0 ], [ 73.5045957, 19.8129173, 0.0 ], [ 73.5047663, 19.8130096, 0.0 ], [ 73.5050652, 19.8130295, 0.0 ], [ 73.505086, 19.8130308, 0.0 ], [ 73.5053844, 19.8128676, 0.0 ], [ 73.5059386, 19.8122289, 0.0 ], [ 73.5061886, 19.8114143, 0.0 ], [ 73.5061886, 19.8109831, 0.0 ], [ 73.5058705, 19.8105066, 0.0 ], [ 73.5054226, 19.8100435, 0.0 ], [ 73.5051676, 19.8094809, 0.0 ], [ 73.5051188, 19.8091954, 0.0 ], [ 73.5051238, 19.8091724, 0.0 ] ], [ [ 73.5486339, 19.9265748, 0.0 ], [ 73.549086, 19.9266819, 0.0 ], [ 73.5497065, 19.926733, 0.0 ], [ 73.550276, 19.9266975, 0.0 ], [ 73.5509933, 19.9266825, 0.0 ], [ 73.5514079, 19.9267528, 0.0 ], [ 73.5519403, 19.9269109, 0.0 ], [ 73.5525248, 19.9270925, 0.0 ], [ 73.5529589, 19.927145, 0.0 ], [ 73.5533975, 19.9272022, 0.0 ], [ 73.5539378, 19.9271977, 0.0 ], [ 73.554246, 19.9270764, 0.0 ], [ 73.5543231, 19.9267883, 0.0 ], [ 73.554305, 19.9264852, 0.0 ], [ 73.5542441, 19.9261631, 0.0 ], [ 73.5542437, 19.9259281, 0.0 ], [ 73.5542471, 19.9257518, 0.0 ], [ 73.5543573, 19.9254824, 0.0 ], [ 73.5545871, 19.9252151, 0.0 ], [ 73.5545466, 19.9248211, 0.0 ], [ 73.5545292, 19.9242286, 0.0 ], [ 73.554619, 19.9235157, 0.0 ], [ 73.5548091, 19.9228183, 0.0 ], [ 73.554773, 19.9221938, 0.0 ], [ 73.5546988, 19.9215784, 0.0 ], [ 73.5547526, 19.9209955, 0.0 ], [ 73.5548098, 19.9204946, 0.0 ], [ 73.5547899, 19.9200286, 0.0 ], [ 73.5547316, 19.9193178, 0.0 ], [ 73.5544706, 19.918459, 0.0 ], [ 73.5542768, 19.9178318, 0.0 ], [ 73.5540337, 19.9172898, 0.0 ], [ 73.5538425, 19.9167847, 0.0 ], [ 73.5536791, 19.9163254, 0.0 ], [ 73.5535053, 19.9161643, 0.0 ], [ 73.5533153, 19.9158446, 0.0 ], [ 73.5532617, 19.9156448, 0.0 ], [ 73.5533159, 19.9155553, 0.0 ], [ 73.5536403, 19.9153392, 0.0 ], [ 73.5538253, 19.9151615, 0.0 ], [ 73.5540157, 19.9149477, 0.0 ], [ 73.5540161, 19.9146765, 0.0 ], [ 73.5539035, 19.9140553, 0.0 ], [ 73.5537323, 19.9132521, 0.0 ], [ 73.5536358, 19.9125318, 0.0 ], [ 73.5534668, 19.912122, 0.0 ], [ 73.5532956, 19.9118163, 0.0 ], [ 73.5530863, 19.9115143, 0.0 ], [ 73.5529933, 19.911124, 0.0 ], [ 73.5529201, 19.9106933, 0.0 ], [ 73.5527872, 19.9103881, 0.0 ], [ 73.5526329, 19.9102092, 0.0 ], [ 73.5524795, 19.9099761, 0.0 ], [ 73.5522955, 19.9098509, 0.0 ], [ 73.5519363, 19.90989, 0.0 ], [ 73.5516311, 19.9098532, 0.0 ], [ 73.5514481, 19.9096739, 0.0 ], [ 73.5511987, 19.9094617, 0.0 ], [ 73.550914, 19.9093529, 0.0 ], [ 73.5507429, 19.9090471, 0.0 ], [ 73.5506475, 19.9087878, 0.0 ], [ 73.550635, 19.9084305, 0.0 ], [ 73.5505457, 19.9080989, 0.0 ], [ 73.5504464, 19.9077853, 0.0 ], [ 73.5503173, 19.907539, 0.0 ], [ 73.5502544, 19.9073254, 0.0 ], [ 73.5503707, 19.9069839, 0.0 ], [ 73.5504948, 19.9067418, 0.0 ], [ 73.5505752, 19.9065352, 0.0 ], [ 73.5505555, 19.9063134, 0.0 ], [ 73.5504649, 19.9060497, 0.0 ], [ 73.5504341, 19.9059089, 0.0 ], [ 73.550448, 19.9056787, 0.0 ], [ 73.5505359, 19.905323, 0.0 ], [ 73.5504217, 19.9050453, 0.0 ], [ 73.549753, 19.9045187, 0.0 ], [ 73.5494938, 19.9043199, 0.0 ], [ 73.5492697, 19.9040358, 0.0 ], [ 73.5492368, 19.9035018, 0.0 ], [ 73.5491972, 19.9030671, 0.0 ], [ 73.549163, 19.902854, 0.0 ], [ 73.5488298, 19.9025274, 0.0 ], [ 73.5486481, 19.9022802, 0.0 ], [ 73.5484961, 19.9019793, 0.0 ], [ 73.5484637, 19.9016668, 0.0 ], [ 73.5484984, 19.9010933, 0.0 ], [ 73.5484371, 19.9005452, 0.0 ], [ 73.5482543, 19.9001035, 0.0 ], [ 73.5480421, 19.8999463, 0.0 ], [ 73.5476345, 19.9000208, 0.0 ], [ 73.5474838, 19.8999052, 0.0 ], [ 73.5473909, 19.899759, 0.0 ], [ 73.547042, 19.8995044, 0.0 ], [ 73.5466227, 19.8989323, 0.0 ], [ 73.5463301, 19.8987329, 0.0 ], [ 73.5461375, 19.8985579, 0.0 ], [ 73.5458654, 19.8982865, 0.0 ], [ 73.5456816, 19.8978992, 0.0 ], [ 73.5455462, 19.8974719, 0.0 ], [ 73.5454846, 19.8969373, 0.0 ], [ 73.5452866, 19.8965407, 0.0 ], [ 73.5449262, 19.8961368, 0.0 ], [ 73.5444689, 19.895808, 0.0 ], [ 73.5442283, 19.8956368, 0.0 ], [ 73.5438053, 19.8952634, 0.0 ], [ 73.5435329, 19.8950101, 0.0 ], [ 73.5430293, 19.8948479, 0.0 ], [ 73.5425483, 19.8947584, 0.0 ], [ 73.5421093, 19.8947193, 0.0 ], [ 73.5417863, 19.8946189, 0.0 ], [ 73.5415426, 19.8943616, 0.0 ], [ 73.5414405, 19.8942017, 0.0 ], [ 73.5412817, 19.8939571, 0.0 ], [ 73.5412093, 19.8936404, 0.0 ], [ 73.5411082, 19.8931023, 0.0 ], [ 73.5411264, 19.8928128, 0.0 ], [ 73.5411897, 19.8924781, 0.0 ], [ 73.5412531, 19.8922519, 0.0 ], [ 73.5411445, 19.8918449, 0.0 ], [ 73.5410539, 19.8918087, 0.0 ], [ 73.5408819, 19.8917996, 0.0 ], [ 73.540737, 19.8917906, 0.0 ], [ 73.5405468, 19.8917454, 0.0 ], [ 73.5402223, 19.8916494, 0.0 ], [ 73.5401756, 19.8915735, 0.0 ], [ 73.5402118, 19.8914378, 0.0 ], [ 73.5404291, 19.8911755, 0.0 ], [ 73.540972, 19.8905566, 0.0 ], [ 73.5409992, 19.8904119, 0.0 ], [ 73.5410716, 19.8900681, 0.0 ], [ 73.5410535, 19.8897606, 0.0 ], [ 73.5410173, 19.8894801, 0.0 ], [ 73.5407003, 19.8892359, 0.0 ], [ 73.5397165, 19.8885801, 0.0 ], [ 73.5395746, 19.8883611, 0.0 ], [ 73.5395656, 19.888153, 0.0 ], [ 73.539629, 19.8879811, 0.0 ], [ 73.5397376, 19.8877731, 0.0 ], [ 73.539792, 19.8875922, 0.0 ], [ 73.5398466, 19.8872577, 0.0 ], [ 73.5394589, 19.8870387, 0.0 ], [ 73.5388202, 19.886951, 0.0 ], [ 73.5379748, 19.8869231, 0.0 ], [ 73.5372466, 19.8867662, 0.0 ], [ 73.536658, 19.8865527, 0.0 ], [ 73.5363755, 19.8863309, 0.0 ], [ 73.5362221, 19.8861023, 0.0 ], [ 73.5361915, 19.8856994, 0.0 ], [ 73.5362763, 19.8852578, 0.0 ], [ 73.5364019, 19.8846858, 0.0 ], [ 73.5364778, 19.8842079, 0.0 ], [ 73.5365101, 19.8837653, 0.0 ], [ 73.5364925, 19.8836836, 0.0 ], [ 73.5363419, 19.8833104, 0.0 ], [ 73.5360535, 19.8828941, 0.0 ], [ 73.535743, 19.8826357, 0.0 ], [ 73.5355755, 19.8823777, 0.0 ], [ 73.5353765, 19.8820517, 0.0 ], [ 73.5353041, 19.8818621, 0.0 ], [ 73.5352834, 19.8818183, 0.0 ], [ 73.5352228, 19.8816905, 0.0 ], [ 73.5352137, 19.8814557, 0.0 ], [ 73.5352228, 19.8809409, 0.0 ], [ 73.5350913, 19.8803845, 0.0 ], [ 73.5350329, 19.8801371, 0.0 ], [ 73.5350329, 19.879812, 0.0 ], [ 73.5350583, 19.8797296, 0.0 ], [ 73.5351052, 19.8795772, 0.0 ], [ 73.5352943, 19.8793199, 0.0 ], [ 73.5355023, 19.8789316, 0.0 ], [ 73.5355064, 19.8789193, 0.0 ], [ 73.5356379, 19.8785252, 0.0 ], [ 73.535656, 19.8781097, 0.0 ], [ 73.535647, 19.8779652, 0.0 ], [ 73.535448, 19.8778478, 0.0 ], [ 73.5350222, 19.8779075, 0.0 ], [ 73.5337924, 19.8780882, 0.0 ], [ 73.533476, 19.8780882, 0.0 ], [ 73.5333856, 19.8780882, 0.0 ], [ 73.5332228, 19.8779708, 0.0 ], [ 73.5332047, 19.8779075, 0.0 ], [ 73.5331595, 19.8776998, 0.0 ], [ 73.5332047, 19.8772754, 0.0 ], [ 73.5333042, 19.8766884, 0.0 ], [ 73.5333132, 19.8763723, 0.0 ], [ 73.533096, 19.8758447, 0.0 ], [ 73.5329062, 19.875348, 0.0 ], [ 73.5329062, 19.8753338, 0.0 ], [ 73.5329062, 19.8751835, 0.0 ], [ 73.5329062, 19.8749597, 0.0 ], [ 73.5329695, 19.87477, 0.0 ], [ 73.5333583, 19.8742733, 0.0 ], [ 73.5340192, 19.8734828, 0.0 ], [ 73.534028, 19.8734722, 0.0 ], [ 73.5341727, 19.8732735, 0.0 ], [ 73.5341863, 19.8731955, 0.0 ], [ 73.5342089, 19.8730658, 0.0 ], [ 73.5341004, 19.8727949, 0.0 ], [ 73.5338834, 19.8724788, 0.0 ], [ 73.5327079, 19.8715576, 0.0 ], [ 73.5326961, 19.8715535, 0.0 ], [ 73.5322467, 19.8713951, 0.0 ], [ 73.5313335, 19.8712777, 0.0 ], [ 73.53083, 19.8712234, 0.0 ], [ 73.5303722, 19.8711742, 0.0 ], [ 73.5302095, 19.8710929, 0.0 ], [ 73.5300377, 19.8709574, 0.0 ], [ 73.5300015, 19.8708761, 0.0 ], [ 73.5299834, 19.8706865, 0.0 ], [ 73.5299834, 19.8704788, 0.0 ], [ 73.5300377, 19.8703433, 0.0 ], [ 73.5304265, 19.8697924, 0.0 ], [ 73.5306706, 19.8694312, 0.0 ], [ 73.5307429, 19.8691873, 0.0 ], [ 73.5306254, 19.8688351, 0.0 ], [ 73.5305531, 19.8685913, 0.0 ], [ 73.530336, 19.8683474, 0.0 ], [ 73.5296036, 19.86823, 0.0 ], [ 73.52917, 19.8682012, 0.0 ], [ 73.5289255, 19.8681849, 0.0 ], [ 73.5284734, 19.8684468, 0.0 ], [ 73.5282112, 19.8689706, 0.0 ], [ 73.5278856, 19.8694582, 0.0 ], [ 73.5273431, 19.869666, 0.0 ], [ 73.5269814, 19.8696569, 0.0 ], [ 73.5262949, 19.8694682, 0.0 ], [ 73.5260516, 19.8693341, 0.0 ], [ 73.5258029, 19.869197, 0.0 ], [ 73.5256106, 19.8690615, 0.0 ], [ 73.5254071, 19.8688129, 0.0 ], [ 73.5252713, 19.8685927, 0.0 ], [ 73.5251865, 19.8682538, 0.0 ], [ 73.5252487, 19.8679318, 0.0 ], [ 73.52529, 19.8676449, 0.0 ], [ 73.5253289, 19.8675318, 0.0 ], [ 73.5254032, 19.8674294, 0.0 ], [ 73.5255376, 19.8673481, 0.0 ], [ 73.5257993, 19.8672633, 0.0 ], [ 73.5260823, 19.8670373, 0.0 ], [ 73.5261955, 19.8668783, 0.0 ], [ 73.5263937, 19.8663779, 0.0 ], [ 73.5265557, 19.8656483, 0.0 ], [ 73.5266847, 19.8641405, 0.0 ], [ 73.5267645, 19.8632105, 0.0 ], [ 73.5267405, 19.8619578, 0.0 ], [ 73.5267114, 19.8609763, 0.0 ], [ 73.5267326, 19.8608681, 0.0 ], [ 73.5267225, 19.8603886, 0.0 ], [ 73.5254486, 19.8603058, 0.0 ], [ 73.5236169, 19.8605439, 0.0 ], [ 73.5235444, 19.8605897, 0.0 ], [ 73.5230472, 19.8609035, 0.0 ], [ 73.5211412, 19.8614377, 0.0 ], [ 73.5205104, 19.8614919, 0.0 ], [ 73.5195793, 19.8615721, 0.0 ], [ 73.5188396, 19.8616357, 0.0 ], [ 73.5175135, 19.8616509, 0.0 ], [ 73.5168428, 19.8613615, 0.0 ], [ 73.515974, 19.8603058, 0.0 ], [ 73.5148793, 19.8579651, 0.0 ], [ 73.515104, 19.8575216, 0.0 ], [ 73.5154047, 19.8550167, 0.0 ], [ 73.515971, 19.8540505, 0.0 ], [ 73.5170057, 19.8522854, 0.0 ], [ 73.5172382, 19.8518887, 0.0 ], [ 73.5184277, 19.8511669, 0.0 ], [ 73.5186525, 19.8505161, 0.0 ], [ 73.5187251, 19.8503058, 0.0 ], [ 73.5169408, 19.8483219, 0.0 ], [ 73.5154114, 19.8469206, 0.0 ], [ 73.5154114, 19.8453495, 0.0 ], [ 73.5168983, 19.8445002, 0.0 ], [ 73.5187594, 19.8428359, 0.0 ], [ 73.5193199, 19.8423346, 0.0 ], [ 73.5194296, 19.8421884, 0.0 ], [ 73.5217729, 19.8390656, 0.0 ], [ 73.5223787, 19.8382582, 0.0 ], [ 73.5224781, 19.8370121, 0.0 ], [ 73.522825, 19.8326592, 0.0 ], [ 73.5229454, 19.8286257, 0.0 ], [ 73.5229932, 19.8238968, 0.0 ], [ 73.5230057, 19.8226657, 0.0 ], [ 73.5227149, 19.8181517, 0.0 ] ] ] } },
{ "type": "Feature", "properties": { "objectid": 27608, "rivname": "Surya", "rilcode": null, "st_length_": 103.174, "bacode": 14, "ba_name": "West flowing rivers from Tapi to Tadri", "sub_basin": "Bhatsol and others", "remarks": "ok" }, "geometry": { "type": "MultiLineString", "coordinates": [ [ [ 73.145335, 19.908326, 0.0 ], [ 73.1456847, 19.9080659, 0.0 ], [ 73.1459677, 19.9077955, 0.0 ], [ 73.1462807, 19.9074624, 0.0 ], [ 73.1464038, 19.9072884, 0.0 ], [ 73.1465068, 19.9069467, 0.0 ], [ 73.1465661, 19.9066269, 0.0 ], [ 73.146568, 19.9063104, 0.0 ], [ 73.1466137, 19.9061892, 0.0 ], [ 73.1466871, 19.9061047, 0.0 ], [ 73.1467933, 19.906057, 0.0 ], [ 73.1470847, 19.9060671, 0.0 ], [ 73.1472845, 19.9061116, 0.0 ], [ 73.147519, 19.9060979, 0.0 ], [ 73.1477492, 19.9060617, 0.0 ], [ 73.1480139, 19.9059763, 0.0 ], [ 73.1483365, 19.9058648, 0.0 ], [ 73.1485769, 19.905797, 0.0 ], [ 73.148807, 19.9057698, 0.0 ], [ 73.1491704, 19.9057586, 0.0 ], [ 73.149477, 19.9057283, 0.0 ], [ 73.1495345, 19.9057248, 0.0 ], [ 73.1496726, 19.9057456, 0.0 ], [ 73.1498864, 19.9058084, 0.0 ], [ 73.1501601, 19.9059764, 0.0 ], [ 73.1503494, 19.9060658, 0.0 ], [ 73.1505304, 19.9060919, 0.0 ], [ 73.1506258, 19.9060982, 0.0 ], [ 73.150766, 19.9060286, 0.0 ], [ 73.1508925, 19.9059224, 0.0 ], [ 73.1510614, 19.9058488, 0.0 ], [ 73.1512912, 19.9058305, 0.0 ], [ 73.1516064, 19.905841, 0.0 ], [ 73.151863, 19.9059137, 0.0 ], [ 73.1521291, 19.9059866, 0.0 ], [ 73.1523332, 19.9060538, 0.0 ], [ 73.1526753, 19.9061507, 0.0 ], [ 73.152803, 19.9062164, 0.0 ], [ 73.1528977, 19.9062543, 0.0 ], [ 73.1529455, 19.9064813, 0.0 ], [ 73.1529811, 19.9068302, 0.0 ], [ 73.1529939, 19.9073548, 0.0 ], [ 73.1530951, 19.9077682, 0.0 ], [ 73.1533335, 19.9080213, 0.0 ], [ 73.153664, 19.9079869, 0.0 ], [ 73.1539692, 19.9080198, 0.0 ], [ 73.1541967, 19.9081146, 0.0 ], [ 73.1543864, 19.9081815, 0.0 ], [ 73.1545289, 19.9082294, 0.0 ], [ 73.1547587, 19.9082111, 0.0 ], [ 73.1549696, 19.9081789, 0.0 ], [ 73.1551156, 19.9080596, 0.0 ], [ 73.1551862, 19.9078846, 0.0 ], [ 73.1552658, 19.9077369, 0.0 ], [ 73.1554113, 19.9076358, 0.0 ], [ 73.1555606, 19.9075844, 0.0 ], [ 73.1557042, 19.9075735, 0.0 ], [ 73.1558879, 19.9074775, 0.0 ], [ 73.1559287, 19.9073562, 0.0 ], [ 73.1559196, 19.9071073, 0.0 ], [ 73.1559183, 19.9069446, 0.0 ], [ 73.1559881, 19.9068103, 0.0 ], [ 73.1561934, 19.9065927, 0.0 ], [ 73.156356, 19.9063652, 0.0 ], [ 73.1564427, 19.9061046, 0.0 ], [ 73.1564525, 19.9058742, 0.0 ], [ 73.1564758, 19.9056712, 0.0 ], [ 73.1565745, 19.9055285, 0.0 ], [ 73.1568389, 19.9052305, 0.0 ], [ 73.1571315, 19.9049557, 0.0 ], [ 73.1574752, 19.9047498, 0.0 ], [ 73.1576959, 19.9047087, 0.0 ], [ 73.1579445, 19.904709, 0.0 ], [ 73.158208, 19.9044562, 0.0 ], [ 73.1583243, 19.9043816, 0.0 ], [ 73.1585865, 19.9044136, 0.0 ], [ 73.1588814, 19.9044825, 0.0 ], [ 73.1592108, 19.9045024, 0.0 ], [ 73.1594893, 19.9044398, 0.0 ], [ 73.1596737, 19.9043123, 0.0 ], [ 73.1597876, 19.9041245, 0.0 ], [ 73.1598562, 19.9038184, 0.0 ], [ 73.1599031, 19.9036339, 0.0 ], [ 73.1599784, 19.9034635, 0.0 ], [ 73.1602256, 19.9033009, 0.0 ], [ 73.1604185, 19.9032186, 0.0 ], [ 73.1608386, 19.9032447, 0.0 ], [ 73.1610091, 19.9033203, 0.0 ], [ 73.1612851, 19.9033752, 0.0 ], [ 73.1616252, 19.9033455, 0.0 ], [ 73.1617836, 19.9033123, 0.0 ], [ 73.1621599, 19.9031477, 0.0 ], [ 73.1625348, 19.9030463, 0.0 ], [ 73.1626021, 19.9030295, 0.0 ], [ 73.1628183, 19.9029793, 0.0 ], [ 73.1630427, 19.9029925, 0.0 ], [ 73.1632812, 19.9030152, 0.0 ], [ 73.1635788, 19.903179, 0.0 ], [ 73.1639538, 19.9033037, 0.0 ], [ 73.1643544, 19.903569, 0.0 ], [ 73.1645655, 19.9039844, 0.0 ], [ 73.1646805, 19.9046511, 0.0 ], [ 73.1648307, 19.9052326, 0.0 ], [ 73.1649952, 19.9055884, 0.0 ], [ 73.1653719, 19.9060838, 0.0 ], [ 73.165815, 19.906377, 0.0 ], [ 73.1663938, 19.9065823, 0.0 ], [ 73.1670316, 19.906938, 0.0 ], [ 73.1677193, 19.9074212, 0.0 ], [ 73.168378, 19.9079174, 0.0 ], [ 73.1687523, 19.9082952, 0.0 ], [ 73.1690019, 19.9087023, 0.0 ], [ 73.1690993, 19.9088443, 0.0 ], [ 73.1692644, 19.9091729, 0.0 ], [ 73.1693314, 19.9093957, 0.0 ], [ 73.1692303, 19.909656, 0.0 ], [ 73.1690515, 19.9099736, 0.0 ], [ 73.1687856, 19.9101178, 0.0 ], [ 73.1683981, 19.9103546, 0.0 ], [ 73.1682403, 19.9105867, 0.0 ], [ 73.1681471, 19.910924, 0.0 ], [ 73.1681451, 19.9112495, 0.0 ], [ 73.1682406, 19.9117034, 0.0 ], [ 73.1685107, 19.9122691, 0.0 ], [ 73.1692317, 19.9132095, 0.0 ], [ 73.1695763, 19.913641, 0.0 ], [ 73.1697309, 19.9140191, 0.0 ], [ 73.1697396, 19.9142816, 0.0 ], [ 73.1696578, 19.9147637, 0.0 ], [ 73.1697072, 19.9151354, 0.0 ], [ 73.1698324, 19.9153231, 0.0 ], [ 73.1699921, 19.9154527, 0.0 ], [ 73.1699922, 19.9159048, 0.0 ], [ 73.1698958, 19.9166219, 0.0 ], [ 73.1696597, 19.9173905, 0.0 ], [ 73.169466, 19.9177349, 0.0 ], [ 73.1691734, 19.9182358, 0.0 ], [ 73.168783, 19.9188387, 0.0 ], [ 73.1683595, 19.9191969, 0.0 ], [ 73.1678548, 19.9195581, 0.0 ], [ 73.1676125, 19.9199378, 0.0 ], [ 73.1675056, 19.9202477, 0.0 ], [ 73.1675045, 19.920528, 0.0 ], [ 73.1675651, 19.9208276, 0.0 ], [ 73.1677575, 19.92122, 0.0 ], [ 73.1678329, 19.9217278, 0.0 ], [ 73.1677003, 19.9218925, 0.0 ], [ 73.1674435, 19.9220549, 0.0 ], [ 73.167171, 19.9220588, 0.0 ], [ 73.1665971, 19.9218446, 0.0 ], [ 73.1661863, 19.9216017, 0.0 ], [ 73.1658662, 19.921365, 0.0 ], [ 73.1654467, 19.9208598, 0.0 ], [ 73.16514, 19.9204471, 0.0 ], [ 73.1646901, 19.9202443, 0.0 ], [ 73.1639203, 19.9202523, 0.0 ], [ 73.1633684, 19.9203548, 0.0 ], [ 73.1627741, 19.92066, 0.0 ], [ 73.1623223, 19.9209951, 0.0 ], [ 73.1622052, 19.9211104, 0.0 ], [ 73.1618099, 19.9212657, 0.0 ], [ 73.1612821, 19.9213597, 0.0 ], [ 73.1608313, 19.921428, 0.0 ], [ 73.1603812, 19.9216907, 0.0 ], [ 73.1602515, 19.9219505, 0.0 ], [ 73.1600865, 19.922291, 0.0 ], [ 73.1600775, 19.9224897, 0.0 ], [ 73.1601214, 19.9226759, 0.0 ], [ 73.1602744, 19.9229003, 0.0 ], [ 73.1604906, 19.9230718, 0.0 ], [ 73.1608567, 19.923169, 0.0 ], [ 73.1612347, 19.9231491, 0.0 ], [ 73.1617189, 19.9230814, 0.0 ], [ 73.162261, 19.9229923, 0.0 ], [ 73.1625178, 19.9230559, 0.0 ], [ 73.162701, 19.9232085, 0.0 ], [ 73.1628541, 19.9234285, 0.0 ], [ 73.1629252, 19.9236829, 0.0 ], [ 73.1629226, 19.924031, 0.0 ], [ 73.1628339, 19.9243865, 0.0 ], [ 73.1627919, 19.9247835, 0.0 ], [ 73.1628536, 19.9250334, 0.0 ], [ 73.1629488, 19.9252792, 0.0 ], [ 73.1629674, 19.9255283, 0.0 ], [ 73.1629168, 19.9258845, 0.0 ], [ 73.1628169, 19.9263121, 0.0 ], [ 73.1628277, 19.9271622, 0.0 ], [ 73.1628696, 19.9276694, 0.0 ], [ 73.1629597, 19.9281503, 0.0 ], [ 73.1632028, 19.9286342, 0.0 ], [ 73.1632921, 19.9289387, 0.0 ], [ 73.1633478, 19.9292382, 0.0 ], [ 73.16325, 19.9295709, 0.0 ], [ 73.1629338, 19.9298316, 0.0 ], [ 73.1625042, 19.9300269, 0.0 ], [ 73.162231, 19.930058, 0.0 ], [ 73.162007, 19.9300266, 0.0 ], [ 73.1616789, 19.9299435, 0.0 ], [ 73.1610458, 19.929814, 0.0 ], [ 73.1605945, 19.9296788, 0.0 ], [ 73.1598381, 19.9295063, 0.0 ], [ 73.1593704, 19.9294703, 0.0 ], [ 73.1589145, 19.9295521, 0.0 ], [ 73.1585077, 19.9297976, 0.0 ], [ 73.1581508, 19.9301705, 0.0 ], [ 73.1579647, 19.9303795, 0.0 ], [ 73.1578988, 19.9305591, 0.0 ], [ 73.1579617, 19.9307501, 0.0 ], [ 73.1580952, 19.9309923, 0.0 ], [ 73.1582638, 19.9313798, 0.0 ], [ 73.1584084, 19.9315498, 0.0 ], [ 73.1586342, 19.9317259, 0.0 ], [ 73.1588879, 19.9321601, 0.0 ], [ 73.159339, 19.9327564, 0.0 ], [ 73.1598599, 19.9332139, 0.0 ], [ 73.1603333, 19.9334398, 0.0 ], [ 73.1606295, 19.93345, 0.0 ], [ 73.1608409, 19.9333952, 0.0 ], [ 73.1610069, 19.9332311, 0.0 ], [ 73.1611545, 19.9330349, 0.0 ], [ 73.1613488, 19.9326634, 0.0 ], [ 73.161602, 19.9324467, 0.0 ], [ 73.1618088, 19.9323918, 0.0 ], [ 73.1620917, 19.9323474, 0.0 ], [ 73.162413, 19.9322993, 0.0 ], [ 73.1629742, 19.9324365, 0.0 ], [ 73.1634056, 19.9326073, 0.0 ], [ 73.1638343, 19.9329093, 0.0 ], [ 73.1644306, 19.9334179, 0.0 ], [ 73.1644513, 19.9334376, 0.0 ], [ 73.1644679, 19.9334638, 0.0 ], [ 73.1647329, 19.9338215, 0.0 ], [ 73.1647504, 19.9341247, 0.0 ], [ 73.164731, 19.9345855, 0.0 ], [ 73.164624, 19.935126, 0.0 ], [ 73.1642845, 19.9358068, 0.0 ], [ 73.1636792, 19.9366226, 0.0 ], [ 73.1635894, 19.9368296, 0.0 ], [ 73.1633036, 19.9378857, 0.0 ], [ 73.1633564, 19.9384924, 0.0 ], [ 73.1638583, 19.9394817, 0.0 ], [ 73.1642016, 19.940062, 0.0 ], [ 73.1641488, 19.9405105, 0.0 ], [ 73.164033, 19.9407033, 0.0 ], [ 73.163744, 19.9411843, 0.0 ], [ 73.1634083, 19.9416177, 0.0 ], [ 73.163088, 19.9418292, 0.0 ], [ 73.1626438, 19.9418808, 0.0 ], [ 73.1623933, 19.9418785, 0.0 ] ], [ [ 73.2245412, 19.9366566, 0.0 ], [ 73.2242597, 19.9363982, 0.0 ], [ 73.2240303, 19.9361634, 0.0 ], [ 73.2238927, 19.935885, 0.0 ], [ 73.2238846, 19.935582, 0.0 ], [ 73.2239242, 19.9352934, 0.0 ], [ 73.2240491, 19.935029, 0.0 ], [ 73.224212, 19.9347834, 0.0 ], [ 73.2244317, 19.9345659, 0.0 ], [ 73.2246549, 19.9344073, 0.0 ], [ 73.2250888, 19.93423, 0.0 ], [ 73.2253975, 19.9340956, 0.0 ], [ 73.2256507, 19.9338788, 0.0 ], [ 73.2259305, 19.9335268, 0.0 ], [ 73.2260883, 19.9332902, 0.0 ], [ 73.2261634, 19.9331288, 0.0 ], [ 73.2262012, 19.9329216, 0.0 ], [ 73.2261673, 19.9325009, 0.0 ], [ 73.2261591, 19.9319923, 0.0 ], [ 73.2260606, 19.9316969, 0.0 ], [ 73.2257569, 19.931377, 0.0 ], [ 73.2253547, 19.9306305, 0.0 ], [ 73.2249936, 19.9299742, 0.0 ], [ 73.2244929, 19.9296789, 0.0 ], [ 73.2234834, 19.9295886, 0.0 ], [ 73.2222274, 19.9297598, 0.0 ], [ 73.2220109, 19.9298281, 0.0 ], [ 73.2218092, 19.9298696, 0.0 ], [ 73.2215615, 19.9298289, 0.0 ], [ 73.2214045, 19.9297897, 0.0 ], [ 73.2212021, 19.9296413, 0.0 ], [ 73.221037, 19.9295343, 0.0 ], [ 73.2209648, 19.9290989, 0.0 ], [ 73.220928, 19.9287999, 0.0 ], [ 73.2208533, 19.9282514, 0.0 ], [ 73.2207579, 19.9280145, 0.0 ], [ 73.2205446, 19.9276986, 0.0 ], [ 73.2204567, 19.9275568, 0.0 ], [ 73.2202455, 19.9273675, 0.0 ], [ 73.2200181, 19.9272683, 0.0 ], [ 73.2196624, 19.9271306, 0.0 ], [ 73.219488, 19.9270143, 0.0 ], [ 73.219272, 19.926825, 0.0 ], [ 73.2191605, 19.9266738, 0.0 ], [ 73.2190507, 19.9264366, 0.0 ], [ 73.2189548, 19.9262223, 0.0 ], [ 73.2187423, 19.9260963, 0.0 ], [ 73.2185016, 19.9259471, 0.0 ], [ 73.2181876, 19.9258735, 0.0 ], [ 73.2178682, 19.9258314, 0.0 ], [ 73.2176122, 19.9257272, 0.0 ], [ 73.2171984, 19.925629, 0.0 ], [ 73.2167676, 19.9256527, 0.0 ], [ 73.2163113, 19.9257616, 0.0 ], [ 73.2157529, 19.9259456, 0.0 ], [ 73.2152618, 19.9261128, 0.0 ], [ 73.2143179, 19.9264478, 0.0 ], [ 73.2128605, 19.9271033, 0.0 ], [ 73.2124404, 19.9273079, 0.0 ], [ 73.2120081, 19.9274083, 0.0 ], [ 73.211654, 19.9274244, 0.0 ], [ 73.2109834, 19.9274842, 0.0 ], [ 73.2106453, 19.9276542, 0.0 ], [ 73.2103314, 19.9278065, 0.0 ], [ 73.2100706, 19.9277067, 0.0 ], [ 73.2098584, 19.9275627, 0.0 ], [ 73.2095858, 19.9273406, 0.0 ], [ 73.2093665, 19.9270833, 0.0 ], [ 73.2092073, 19.9269266, 0.0 ], [ 73.209061, 19.9268334, 0.0 ], [ 73.208871, 19.9267757, 0.0 ], [ 73.2084512, 19.9267316, 0.0 ], [ 73.2081309, 19.9267347, 0.0 ], [ 73.2075649, 19.9268281, 0.0 ], [ 73.2068701, 19.926901, 0.0 ], [ 73.2065455, 19.9268859, 0.0 ], [ 73.206399, 19.9268018, 0.0 ], [ 73.2061991, 19.9267582, 0.0 ], [ 73.2060035, 19.9265141, 0.0 ], [ 73.20577, 19.9262475, 0.0 ], [ 73.2054361, 19.9262142, 0.0 ], [ 73.2050866, 19.9262393, 0.0 ], [ 73.2047176, 19.9262821, 0.0 ], [ 73.2041426, 19.9263437, 0.0 ], [ 73.2035965, 19.9264013, 0.0 ], [ 73.2029674, 19.9265386, 0.0 ], [ 73.2020653, 19.9266981, 0.0 ], [ 73.2007644, 19.9269631, 0.0 ], [ 73.1998304, 19.9270451, 0.0 ], [ 73.1992377, 19.927043, 0.0 ], [ 73.1985165, 19.9270115, 0.0 ], [ 73.1978133, 19.9270344, 0.0 ], [ 73.1965888, 19.9270702, 0.0 ], [ 73.195976, 19.927113, 0.0 ], [ 73.1954415, 19.9272974, 0.0 ], [ 73.1949891, 19.9274471, 0.0 ], [ 73.1946684, 19.9274637, 0.0 ], [ 73.1941349, 19.9273723, 0.0 ], [ 73.1936586, 19.927291, 0.0 ], [ 73.1930956, 19.9272398, 0.0 ], [ 73.1926228, 19.9272174, 0.0 ], [ 73.1922913, 19.927297, 0.0 ], [ 73.1919093, 19.9275023, 0.0 ], [ 73.1914956, 19.9278518, 0.0 ], [ 73.1913344, 19.9282466, 0.0 ], [ 73.1912433, 19.928489, 0.0 ], [ 73.1913622, 19.9289705, 0.0 ], [ 73.1916175, 19.9295629, 0.0 ], [ 73.1918881, 19.9301061, 0.0 ], [ 73.192037, 19.9307554, 0.0 ], [ 73.1921313, 19.931277, 0.0 ], [ 73.1922812, 19.931646, 0.0 ], [ 73.192487, 19.9318624, 0.0 ], [ 73.1926996, 19.9319839, 0.0 ], [ 73.1929223, 19.932083, 0.0 ], [ 73.1931496, 19.9321822, 0.0 ], [ 73.1933199, 19.9322713, 0.0 ], [ 73.1934802, 19.9323783, 0.0 ], [ 73.1936358, 19.9324807, 0.0 ], [ 73.1937484, 19.9325777, 0.0 ], [ 73.193923, 19.93292, 0.0 ], [ 73.1941005, 19.9333439, 0.0 ], [ 73.1942297, 19.9335678, 0.0 ], [ 73.1944641, 19.9337892, 0.0 ], [ 73.1950867, 19.9341897, 0.0 ], [ 73.1955839, 19.9346465, 0.0 ], [ 73.1960481, 19.9350757, 0.0 ], [ 73.1961017, 19.9352576, 0.0 ], [ 73.1961127, 19.935416, 0.0 ], [ 73.1961212, 19.9356919, 0.0 ], [ 73.1959206, 19.9361403, 0.0 ], [ 73.1957154, 19.9363535, 0.0 ], [ 73.1952748, 19.936621, 0.0 ], [ 73.194712, 19.9370127, 0.0 ], [ 73.1941459, 19.9373367, 0.0 ], [ 73.1936201, 19.9373268, 0.0 ], [ 73.1931868, 19.9372464, 0.0 ], [ 73.1926782, 19.9371057, 0.0 ], [ 73.1917761, 19.9368085, 0.0 ], [ 73.1913232, 19.9367502, 0.0 ], [ 73.1910161, 19.9368077, 0.0 ], [ 73.1905743, 19.9368989, 0.0 ], [ 73.1898947, 19.9369359, 0.0 ], [ 73.1892191, 19.9370046, 0.0 ], [ 73.1885463, 19.9369468, 0.0 ], [ 73.188302, 19.9369693, 0.0 ], [ 73.1879312, 19.9370934, 0.0 ], [ 73.1873584, 19.9372815, 0.0 ], [ 73.1870764, 19.9372808, 0.0 ], [ 73.1866581, 19.9371645, 0.0 ], [ 73.1862587, 19.937062, 0.0 ], [ 73.1859523, 19.9370834, 0.0 ], [ 73.1855848, 19.9372799, 0.0 ], [ 73.1854271, 19.937503, 0.0 ], [ 73.1852785, 19.9377533, 0.0 ], [ 73.1851926, 19.9381948, 0.0 ], [ 73.1852819, 19.93873, 0.0 ], [ 73.1852314, 19.9393077, 0.0 ], [ 73.1852033, 19.9397366, 0.0 ], [ 73.1853906, 19.9401516, 0.0 ], [ 73.1854753, 19.9404425, 0.0 ], [ 73.18549, 19.9408768, 0.0 ], [ 73.1853562, 19.9411048, 0.0 ], [ 73.1852001, 19.9412555, 0.0 ], [ 73.184941, 19.941522, 0.0 ], [ 73.1846133, 19.9416469, 0.0 ], [ 73.1841478, 19.9417331, 0.0 ], [ 73.1836943, 19.9416974, 0.0 ], [ 73.1831721, 19.9415249, 0.0 ], [ 73.1827221, 19.9413265, 0.0 ], [ 73.1821005, 19.9411069, 0.0 ], [ 73.1814979, 19.9408876, 0.0 ], [ 73.1812056, 19.9406922, 0.0 ], [ 73.1806087, 19.9402017, 0.0 ], [ 73.1799728, 19.9397512, 0.0 ], [ 73.1794215, 19.9393702, 0.0 ], [ 73.1790511, 19.9392546, 0.0 ], [ 73.1782961, 19.9392359, 0.0 ], [ 73.1777495, 19.9393115, 0.0 ], [ 73.177292, 19.9394702, 0.0 ], [ 73.1770379, 19.9397275, 0.0 ], [ 73.176887, 19.9400819, 0.0 ], [ 73.1767444, 19.9404997, 0.0 ], [ 73.1766462, 19.9408459, 0.0 ], [ 73.176691, 19.9412174, 0.0 ], [ 73.1768432, 19.9417086, 0.0 ], [ 73.1768157, 19.942332, 0.0 ], [ 73.1768193, 19.9423908, 0.0 ], [ 73.1768907, 19.9430839, 0.0 ], [ 73.177075, 19.9434128, 0.0 ], [ 73.1771626, 19.9437942, 0.0 ], [ 73.1771761, 19.9440612, 0.0 ], [ 73.1771365, 19.9443499, 0.0 ], [ 73.1770523, 19.944719, 0.0 ], [ 73.176893, 19.9452449, 0.0 ], [ 73.1768135, 19.9460662, 0.0 ], [ 73.1766877, 19.9468188, 0.0 ], [ 73.1765907, 19.9473369, 0.0 ], [ 73.1762867, 19.9476973, 0.0 ], [ 73.1759923, 19.947832, 0.0 ], [ 73.1757859, 19.9478688, 0.0 ], [ 73.1754821, 19.9477636, 0.0 ], [ 73.175151, 19.9475946, 0.0 ], [ 73.1748314, 19.9473354, 0.0 ], [ 73.174661, 19.9470247, 0.0 ], [ 73.1744781, 19.9466325, 0.0 ], [ 73.1743304, 19.9461505, 0.0 ], [ 73.1742663, 19.9457921, 0.0 ], [ 73.174235, 19.9450049, 0.0 ], [ 73.1742459, 19.9444942, 0.0 ], [ 73.1741734, 19.9440724, 0.0 ], [ 73.1740758, 19.943718, 0.0 ], [ 73.1739987, 19.9435221, 0.0 ], [ 73.1738439, 19.9433219, 0.0 ], [ 73.1734597, 19.9428251, 0.0 ], [ 73.173388, 19.94278, 0.0 ], [ 73.1732877, 19.9427214, 0.0 ], [ 73.1727957, 19.9424595, 0.0 ], [ 73.1721842, 19.9421661, 0.0 ], [ 73.1718355, 19.941981, 0.0 ], [ 73.1715011, 19.9418907, 0.0 ], [ 73.1712861, 19.9417869, 0.0 ], [ 73.1709613, 19.9416334, 0.0 ], [ 73.1707559, 19.9416063, 0.0 ], [ 73.1703547, 19.9415613, 0.0 ], [ 73.1700591, 19.9415298, 0.0 ], [ 73.1700582, 19.9415309, 0.0 ], [ 73.1695801, 19.9417614, 0.0 ], [ 73.1693991, 19.9419524, 0.0 ], [ 73.169275, 19.942167, 0.0 ], [ 73.1691304, 19.9424537, 0.0 ], [ 73.1689237, 19.9427301, 0.0 ], [ 73.1686605, 19.9431953, 0.0 ], [ 73.1685129, 19.943622, 0.0 ], [ 73.1684813, 19.943983, 0.0 ], [ 73.1684478, 19.944213, 0.0 ], [ 73.1683045, 19.9444318, 0.0 ], [ 73.167991, 19.9445615, 0.0 ], [ 73.1676313, 19.9446135, 0.0 ], [ 73.1673549, 19.9445721, 0.0 ], [ 73.1670246, 19.9443624, 0.0 ], [ 73.1667338, 19.9440992, 0.0 ], [ 73.1662807, 19.9438194, 0.0 ], [ 73.1658644, 19.9436127, 0.0 ], [ 73.1651526, 19.9433595, 0.0 ], [ 73.1646785, 19.9431743, 0.0 ], [ 73.1623933, 19.9418785, 0.0 ] ], [ [ 73.1623933, 19.9418785, 0.0 ], [ 73.1620859, 19.9418757, 0.0 ], [ 73.1615407, 19.9417882, 0.0 ], [ 73.1613782, 19.9417622, 0.0 ], [ 73.1608205, 19.9417685, 0.0 ], [ 73.1601653, 19.9420921, 0.0 ], [ 73.1588695, 19.9431289, 0.0 ], [ 73.1580536, 19.9439621, 0.0 ], [ 73.1577702, 19.9444023, 0.0 ], [ 73.1576443, 19.9448739, 0.0 ], [ 73.1577387, 19.9452617, 0.0 ], [ 73.1584628, 19.9457963, 0.0 ], [ 73.1595752, 19.9462365, 0.0 ], [ 73.1605931, 19.94675, 0.0 ], [ 73.1613281, 19.9476174, 0.0 ], [ 73.1615905, 19.9479271, 0.0 ], [ 73.1618318, 19.9485035, 0.0 ], [ 73.1618251, 19.9489385, 0.0 ], [ 73.1618213, 19.9491848, 0.0 ], [ 73.1616266, 19.949909, 0.0 ], [ 73.1612044, 19.9504073, 0.0 ], [ 73.1611761, 19.9504407, 0.0 ], [ 73.1607958, 19.9506511, 0.0 ], [ 73.160515, 19.9507153, 0.0 ], [ 73.1593975, 19.9505459, 0.0 ], [ 73.1580434, 19.9501123, 0.0 ], [ 73.1577157, 19.9500815, 0.0 ], [ 73.1573346, 19.9500457, 0.0 ], [ 73.1568259, 19.9499957, 0.0 ], [ 73.1562338, 19.9495543, 0.0 ], [ 73.1560504, 19.9492961, 0.0 ], [ 73.1559253, 19.9486548, 0.0 ], [ 73.1559316, 19.9469739, 0.0 ], [ 73.1559362, 19.9457659, 0.0 ], [ 73.1560591, 19.9435961, 0.0 ], [ 73.1556714, 19.9414545, 0.0 ], [ 73.1553692, 19.9401528, 0.0 ], [ 73.1550292, 19.9390114, 0.0 ], [ 73.1545117, 19.9384976, 0.0 ], [ 73.1543712, 19.9383581, 0.0 ], [ 73.1540818, 19.9382401, 0.0 ], [ 73.1538455, 19.9382873, 0.0 ], [ 73.1538133, 19.9383003, 0.0 ], [ 73.1535679, 19.9383994, 0.0 ], [ 73.1525933, 19.9390189, 0.0 ], [ 73.151979, 19.9392313, 0.0 ], [ 73.151784, 19.9392431, 0.0 ], [ 73.1516492, 19.9392366, 0.0 ], [ 73.1504156, 19.9400061, 0.0 ], [ 73.1503383, 19.9400543, 0.0 ], [ 73.1493444, 19.940675, 0.0 ], [ 73.1487189, 19.9409041, 0.0 ], [ 73.1479892, 19.940793, 0.0 ], [ 73.1468703, 19.9403141, 0.0 ], [ 73.1467649, 19.9402218, 0.0 ], [ 73.145174, 19.938828, 0.0 ], [ 73.1446991, 19.9385191, 0.0 ], [ 73.143948, 19.9382929, 0.0 ], [ 73.1430626, 19.9381302, 0.0 ], [ 73.1423563, 19.9380003, 0.0 ], [ 73.1415941, 19.9380255, 0.0 ], [ 73.1409989, 19.9380451, 0.0 ], [ 73.1409618, 19.9380528, 0.0 ], [ 73.1404604, 19.9381572, 0.0 ], [ 73.1401911, 19.9388519, 0.0 ], [ 73.1402283, 19.9396552, 0.0 ], [ 73.1403207, 19.940236, 0.0 ], [ 73.1404513, 19.9407612, 0.0 ], [ 73.140692, 19.9414646, 0.0 ], [ 73.1407244, 19.9416312, 0.0 ], [ 73.1408045, 19.9420432, 0.0 ], [ 73.1409101, 19.9425866, 0.0 ], [ 73.1408409, 19.9430214, 0.0 ], [ 73.1408405, 19.9430235, 0.0 ], [ 73.1407212, 19.9432915, 0.0 ], [ 73.1404279, 19.9435886, 0.0 ], [ 73.140398, 19.9436234, 0.0 ], [ 73.1397814, 19.9443386, 0.0 ], [ 73.1396411, 19.9444038, 0.0 ], [ 73.1393825, 19.944524, 0.0 ], [ 73.1390231, 19.9445477, 0.0 ], [ 73.1383991, 19.9444767, 0.0 ], [ 73.137736, 19.9443051, 0.0 ], [ 73.1367597, 19.9440208, 0.0 ], [ 73.1366254, 19.9439817, 0.0 ], [ 73.1355285, 19.9437734, 0.0 ], [ 73.1354862, 19.9437653, 0.0 ], [ 73.1351893, 19.9436451, 0.0 ], [ 73.1350476, 19.9434214, 0.0 ], [ 73.1349673, 19.9430354, 0.0 ], [ 73.1348469, 19.9427097, 0.0 ], [ 73.1345565, 19.942052, 0.0 ], [ 73.1340164, 19.9414951, 0.0 ], [ 73.1333059, 19.9411489, 0.0 ], [ 73.1332365, 19.9410961, 0.0 ], [ 73.1324807, 19.9405217, 0.0 ], [ 73.1321852, 19.940096, 0.0 ], [ 73.1319304, 19.9391163, 0.0 ], [ 73.1317655, 19.9382326, 0.0 ], [ 73.1315549, 19.9379251, 0.0 ], [ 73.1315514, 19.9379235, 0.0 ], [ 73.1311742, 19.9377472, 0.0 ], [ 73.1308178, 19.9377876, 0.0 ], [ 73.1301292, 19.9382002, 0.0 ], [ 73.129384, 19.9385481, 0.0 ], [ 73.1288626, 19.9385783, 0.0 ], [ 73.1288251, 19.9385805, 0.0 ], [ 73.1284282, 19.9383701, 0.0 ], [ 73.1280313, 19.9379009, 0.0 ], [ 73.1269655, 19.936032, 0.0 ], [ 73.1267922, 19.9353036, 0.0 ], [ 73.1268717, 19.9349574, 0.0 ], [ 73.1272111, 19.9345103, 0.0 ], [ 73.1288083, 19.9335201, 0.0 ], [ 73.1292203, 19.9332501, 0.0 ], [ 73.1293639, 19.9330225, 0.0 ], [ 73.1294069, 19.9329544, 0.0 ], [ 73.1294262, 19.9326329, 0.0 ], [ 73.1292653, 19.9322601, 0.0 ], [ 73.128997, 19.9320636, 0.0 ], [ 73.1288791, 19.9319772, 0.0 ], [ 73.1282226, 19.9318293, 0.0 ], [ 73.1263778, 19.9318689, 0.0 ], [ 73.1254053, 19.9320889, 0.0 ], [ 73.1244696, 19.9324371, 0.0 ], [ 73.1227829, 19.9334547, 0.0 ], [ 73.121458, 19.9340836, 0.0 ], [ 73.1214447, 19.9340881, 0.0 ], [ 73.1209569, 19.9342543, 0.0 ], [ 73.1204495, 19.9344271, 0.0 ], [ 73.1193454, 19.9346068, 0.0 ], [ 73.1184949, 19.9346395, 0.0 ], [ 73.1184513, 19.9346237, 0.0 ], [ 73.1180205, 19.9344679, 0.0 ], [ 73.1172391, 19.9338408, 0.0 ], [ 73.1168912, 19.9335615, 0.0 ], [ 73.1163093, 19.9331152, 0.0 ], [ 73.114419, 19.9324867, 0.0 ], [ 73.11381, 19.9322843, 0.0 ], [ 73.1133361, 19.931944, 0.0 ], [ 73.1131139, 19.9317074, 0.0 ], [ 73.1130251, 19.9314115, 0.0 ], [ 73.1130695, 19.9310418, 0.0 ], [ 73.1135879, 19.9304945, 0.0 ], [ 73.1146245, 19.9296957, 0.0 ], [ 73.1158982, 19.9288674, 0.0 ], [ 73.1169701, 19.9278313, 0.0 ], [ 73.1172479, 19.9272855, 0.0 ], [ 73.1172016, 19.9269247, 0.0 ], [ 73.1171738, 19.9264992, 0.0 ], [ 73.1167941, 19.9260736, 0.0 ], [ 73.1161272, 19.9256203, 0.0 ], [ 73.1160775, 19.9256025, 0.0 ], [ 73.1155344, 19.9254075, 0.0 ], [ 73.1150898, 19.9254445, 0.0 ], [ 73.1149045, 19.9255278, 0.0 ], [ 73.1142057, 19.9265992, 0.0 ], [ 73.1137373, 19.9273454, 0.0 ], [ 73.1130738, 19.9282855, 0.0 ], [ 73.112197, 19.9290061, 0.0 ], [ 73.1117791, 19.9292478, 0.0 ], [ 73.1112293, 19.9292478, 0.0 ], [ 73.1108774, 19.9291819, 0.0 ], [ 73.1107545, 19.929109, 0.0 ], [ 73.1101737, 19.9287645, 0.0 ], [ 73.1093599, 19.9288743, 0.0 ], [ 73.108588, 19.9291313, 0.0 ], [ 73.1083043, 19.9292258, 0.0 ], [ 73.1078205, 19.9292478, 0.0 ], [ 73.1071167, 19.9289183, 0.0 ], [ 73.104356, 19.9271183, 0.0 ], [ 73.1042185, 19.9266575, 0.0 ], [ 73.1037508, 19.9250907, 0.0 ], [ 73.1027791, 19.9216782, 0.0 ], [ 73.1025009, 19.9210095, 0.0 ], [ 73.101776, 19.9192675, 0.0 ], [ 73.1013372, 19.9188918, 0.0 ], [ 73.1008357, 19.9187352, 0.0 ], [ 73.0998639, 19.9197371, 0.0 ], [ 73.0973563, 19.9225548, 0.0 ], [ 73.0971057, 19.9226799, 0.0 ], [ 73.0956009, 19.9234314, 0.0 ], [ 73.0945859, 19.9233871, 0.0 ], [ 73.0931342, 19.9233237, 0.0 ], [ 73.0916646, 19.9226768, 0.0 ], [ 73.0907045, 19.9227408, 0.0 ], [ 73.0905438, 19.9227515, 0.0 ], [ 73.0881986, 19.9246307, 0.0 ], [ 73.0876203, 19.9249451, 0.0 ], [ 73.0871015, 19.9252272, 0.0 ], [ 73.08606, 19.9254907, 0.0 ], [ 73.0845046, 19.9249359, 0.0 ], [ 73.0821657, 19.9248221, 0.0 ], [ 73.0708525, 19.9265481, 0.0 ], [ 73.0700931, 19.9205694, 0.0 ], [ 73.0697125, 19.9206806, 0.0 ], [ 73.0633703, 19.9225325, 0.0 ], [ 73.0621474, 19.922802, 0.0 ], [ 73.0616014, 19.922802, 0.0 ], [ 73.0613741, 19.922802, 0.0 ], [ 73.0594498, 19.9227841, 0.0 ], [ 73.0589016, 19.9219437, 0.0 ], [ 73.058707, 19.9217758, 0.0 ], [ 73.0585566, 19.9217139, 0.0 ], [ 73.0583121, 19.9216762, 0.0 ], [ 73.0575439, 19.9235127, 0.0 ], [ 73.0568318, 19.9242188, 0.0 ], [ 73.0559374, 19.9246756, 0.0 ], [ 73.0547953, 19.9248088, 0.0 ], [ 73.0527883, 19.9247006, 0.0 ], [ 73.0521651, 19.924667, 0.0 ], [ 73.0510339, 19.9246208, 0.0 ], [ 73.050198, 19.9245867, 0.0 ], [ 73.0497305, 19.9248404, 0.0 ], [ 73.0495577, 19.9253886, 0.0 ], [ 73.0493283, 19.9257326, 0.0 ], [ 73.0490177, 19.9261983, 0.0 ], [ 73.0485409, 19.9271316, 0.0 ], [ 73.0485021, 19.9272308, 0.0 ], [ 73.0483627, 19.927587, 0.0 ], [ 73.0476843, 19.9282726, 0.0 ], [ 73.0468847, 19.9288292, 0.0 ], [ 73.0464647, 19.9289664, 0.0 ], [ 73.0459074, 19.9288938, 0.0 ], [ 73.0454147, 19.9286276, 0.0 ], [ 73.0448645, 19.9280439, 0.0 ], [ 73.0446498, 19.9278162, 0.0 ], [ 73.0438387, 19.9267057, 0.0 ], [ 73.0438147, 19.9266729, 0.0 ], [ 73.0431739, 19.9259538, 0.0 ], [ 73.0409302, 19.9243247, 0.0 ], [ 73.0400966, 19.9235213, 0.0 ], [ 73.0386633, 19.92301, 0.0 ], [ 73.0367719, 19.9224602, 0.0 ], [ 73.0367035, 19.9224403, 0.0 ], [ 73.0358339, 19.9221245, 0.0 ], [ 73.0341294, 19.9215054, 0.0 ], [ 73.0329301, 19.9211256, 0.0 ], [ 73.0312953, 19.9212121, 0.0 ], [ 73.028856, 19.9220982, 0.0 ], [ 73.0278053, 19.9225721, 0.0 ], [ 73.0274759, 19.9227207, 0.0 ], [ 73.0274603, 19.9227263, 0.0 ], [ 73.0261106, 19.9232099, 0.0 ], [ 73.024686, 19.9233581, 0.0 ], [ 73.0237055, 19.9232284, 0.0 ], [ 73.0227717, 19.9226689, 0.0 ], [ 73.021838, 19.92127, 0.0 ], [ 73.0210623, 19.9200224, 0.0 ], [ 73.0207362, 19.919498, 0.0 ], [ 73.0194348, 19.9184547, 0.0 ], [ 73.0176733, 19.917881, 0.0 ], [ 73.0162157, 19.9178117, 0.0 ], [ 73.0150144, 19.9180733, 0.0 ], [ 73.014618, 19.9181596, 0.0 ], [ 73.0121643, 19.9194104, 0.0 ], [ 73.010776, 19.9199881, 0.0 ], [ 73.0094389, 19.920049, 0.0 ], [ 73.0080879, 19.9201105, 0.0 ], [ 73.0029601, 19.9197551, 0.0 ], [ 73.0021651, 19.9197285, 0.0 ], [ 73.0009617, 19.9204682, 0.0 ], [ 73.0, 19.9209007, 0.0 ], [ 72.9998747, 19.920957, 0.0 ], [ 72.9986791, 19.9217173, 0.0 ], [ 72.9976193, 19.9228035, 0.0 ], [ 72.9968855, 19.923428, 0.0 ], [ 72.9965323, 19.9236996, 0.0 ], [ 72.9955835, 19.9240122, 0.0 ], [ 72.9938826, 19.9240767, 0.0 ], [ 72.9929783, 19.9241197, 0.0 ], [ 72.9911698, 19.9241412, 0.0 ], [ 72.9904808, 19.9241197, 0.0 ], [ 72.989878, 19.9240552, 0.0 ], [ 72.9894258, 19.9237111, 0.0 ], [ 72.9890168, 19.923324, 0.0 ], [ 72.9886723, 19.9228294, 0.0 ], [ 72.9885216, 19.9221412, 0.0 ], [ 72.9883709, 19.9215175, 0.0 ], [ 72.9881556, 19.9208078, 0.0 ], [ 72.9875912, 19.9198289, 0.0 ], [ 72.987096, 19.9194633, 0.0 ], [ 72.9863855, 19.9189687, 0.0 ], [ 72.985675, 19.9187966, 0.0 ], [ 72.9847922, 19.9187321, 0.0 ], [ 72.9842971, 19.9185601, 0.0 ], [ 72.9839095, 19.918302, 0.0 ], [ 72.9833067, 19.9177428, 0.0 ], [ 72.9830052, 19.9172052, 0.0 ], [ 72.9825531, 19.9167105, 0.0 ], [ 72.981778, 19.9163234, 0.0 ], [ 72.9808953, 19.9160008, 0.0 ], [ 72.9805508, 19.9156567, 0.0 ], [ 72.979625, 19.9151191, 0.0 ], [ 72.9781825, 19.9147965, 0.0 ], [ 72.9762152, 19.9139733, 0.0 ], [ 72.9754851, 19.9136681, 0.0 ], [ 72.9752894, 19.9135862, 0.0 ], [ 72.9745573, 19.9134572, 0.0 ], [ 72.9731148, 19.9132636, 0.0 ], [ 72.9724043, 19.9132636, 0.0 ], [ 72.97178, 19.9134142, 0.0 ], [ 72.971457, 19.9136722, 0.0 ], [ 72.9710695, 19.9140163, 0.0 ], [ 72.9704451, 19.9146615, 0.0 ], [ 72.970036, 19.9150701, 0.0 ], [ 72.9693804, 19.9152095, 0.0 ], [ 72.9690241, 19.9152852, 0.0 ], [ 72.9680552, 19.9152852, 0.0 ], [ 72.9673448, 19.9150916, 0.0 ], [ 72.9665481, 19.9148766, 0.0 ], [ 72.9658161, 19.914597, 0.0 ], [ 72.9651702, 19.9141024, 0.0 ], [ 72.9643951, 19.9135002, 0.0 ], [ 72.9638353, 19.9131776, 0.0 ], [ 72.9633832, 19.9127045, 0.0 ], [ 72.9630603, 19.9123173, 0.0 ], [ 72.9628234, 19.9119087, 0.0 ], [ 72.9625435, 19.9115216, 0.0 ], [ 72.9621345, 19.911199, 0.0 ], [ 72.960487, 19.9096584, 0.0 ], [ 72.959944, 19.9090985, 0.0 ], [ 72.9598196, 19.9089702, 0.0 ], [ 72.9594535, 19.9083035, 0.0 ], [ 72.9591521, 19.9076368, 0.0 ], [ 72.9587215, 19.9070131, 0.0 ], [ 72.9574512, 19.9061959, 0.0 ], [ 72.9570206, 19.9058303, 0.0 ], [ 72.9563317, 19.9051206, 0.0 ], [ 72.9557288, 19.9043249, 0.0 ], [ 72.9550136, 19.9029811, 0.0 ], [ 72.9546476, 19.9021208, 0.0 ], [ 72.9542385, 19.9014971, 0.0 ], [ 72.9538509, 19.90111, 0.0 ], [ 72.952839, 19.9005509, 0.0 ], [ 72.9524299, 19.9000777, 0.0 ], [ 72.9519778, 19.8996691, 0.0 ], [ 72.9508152, 19.899368, 0.0 ], [ 72.949997, 19.899196, 0.0 ], [ 72.9493511, 19.8988519, 0.0 ], [ 72.9487052, 19.8984862, 0.0 ], [ 72.9479947, 19.8984217, 0.0 ], [ 72.9457341, 19.8983787, 0.0 ], [ 72.943538, 19.8983787, 0.0 ], [ 72.9422247, 19.8981637, 0.0 ], [ 72.938922, 19.897815, 0.0 ], [ 72.9379747, 19.8977075, 0.0 ], [ 72.937135, 19.8972344, 0.0 ], [ 72.9359724, 19.8966752, 0.0 ], [ 72.9354341, 19.8962666, 0.0 ], [ 72.9352522, 19.8960727, 0.0 ], [ 72.9347379, 19.8955245, 0.0 ], [ 72.9343934, 19.8953955, 0.0 ], [ 72.9338982, 19.895417, 0.0 ], [ 72.9332739, 19.8953955, 0.0 ], [ 72.9328863, 19.8950729, 0.0 ], [ 72.932671, 19.8947288, 0.0 ], [ 72.9325849, 19.8941051, 0.0 ], [ 72.9324988, 19.8933309, 0.0 ], [ 72.932305, 19.8925352, 0.0 ], [ 72.9319821, 19.8919545, 0.0 ], [ 72.9316376, 19.8912448, 0.0 ], [ 72.93125, 19.8905996, 0.0 ], [ 72.9295429, 19.8877247, 0.0 ], [ 72.9265933, 19.8846923, 0.0 ], [ 72.9262777, 19.8845137, 0.0 ], [ 72.9259474, 19.8843267, 0.0 ], [ 72.9248493, 19.883789, 0.0 ], [ 72.9242034, 19.8837245, 0.0 ], [ 72.9234499, 19.883789, 0.0 ], [ 72.9223734, 19.8842407, 0.0 ], [ 72.9215768, 19.8845633, 0.0 ], [ 72.9209093, 19.8848643, 0.0 ], [ 72.9203926, 19.885316, 0.0 ], [ 72.9197467, 19.8856386, 0.0 ], [ 72.9175721, 19.8867999, 0.0 ], [ 72.9158067, 19.8871225, 0.0 ], [ 72.9153728, 19.8871225, 0.0 ], [ 72.9151608, 19.8871225, 0.0 ], [ 72.9145364, 19.8871225, 0.0 ], [ 72.9142565, 19.8869074, 0.0 ], [ 72.9141058, 19.8866924, 0.0 ], [ 72.9138905, 19.8864773, 0.0 ], [ 72.9134599, 19.8864128, 0.0 ], [ 72.9130293, 19.8863483, 0.0 ], [ 72.9127709, 19.8860687, 0.0 ], [ 72.9124264, 19.8855956, 0.0 ], [ 72.9122327, 19.8849719, 0.0 ], [ 72.9119743, 19.8845633, 0.0 ], [ 72.9116514, 19.8841761, 0.0 ], [ 72.9104993, 19.8819531, 0.0 ], [ 72.9101764, 19.8815875, 0.0 ], [ 72.909918, 19.8802111, 0.0 ], [ 72.9097458, 19.8794799, 0.0 ], [ 72.9096082, 19.8791134, 0.0 ], [ 72.9094874, 19.8787917, 0.0 ], [ 72.9093582, 19.8784261, 0.0 ], [ 72.9094013, 19.877953, 0.0 ], [ 72.9095054, 19.8775057, 0.0 ], [ 72.9094838, 19.8773122, 0.0 ], [ 72.909247, 19.8770971, 0.0 ], [ 72.9089886, 19.876925, 0.0 ], [ 72.9086011, 19.8766024, 0.0 ], [ 72.9082655, 19.8761306, 0.0 ], [ 72.9080198, 19.8757852, 0.0 ], [ 72.9076753, 19.8753981, 0.0 ], [ 72.9072878, 19.8749465, 0.0 ], [ 72.9067064, 19.8745378, 0.0 ], [ 72.9060175, 19.8742368, 0.0 ], [ 72.9056515, 19.8740432, 0.0 ], [ 72.9045319, 19.8742798, 0.0 ], [ 72.9042305, 19.8744518, 0.0 ], [ 72.9034985, 19.8743443, 0.0 ], [ 72.9029817, 19.8740647, 0.0 ], [ 72.9026753, 19.8739576, 0.0 ], [ 72.9025511, 19.8739142, 0.0 ], [ 72.9021421, 19.8736346, 0.0 ], [ 72.9017976, 19.8732045, 0.0 ], [ 72.9013454, 19.8727098, 0.0 ], [ 72.9011947, 19.8721937, 0.0 ], [ 72.9011947, 19.871742, 0.0 ], [ 72.9008933, 19.8714624, 0.0 ], [ 72.9005273, 19.8712474, 0.0 ], [ 72.9001182, 19.8709463, 0.0 ], [ 72.8997092, 19.8706022, 0.0 ], [ 72.8990417, 19.8700861, 0.0 ], [ 72.8977624, 19.8687848, 0.0 ], [ 72.8972457, 19.8683977, 0.0 ], [ 72.8967936, 19.8681396, 0.0 ], [ 72.8958893, 19.867774, 0.0 ], [ 72.8948774, 19.8673009, 0.0 ], [ 72.8943391, 19.8668277, 0.0 ], [ 72.893887, 19.8662901, 0.0 ], [ 72.8936717, 19.8657954, 0.0 ], [ 72.8936717, 19.8652578, 0.0 ], [ 72.8934133, 19.8648491, 0.0 ], [ 72.8930688, 19.8643975, 0.0 ], [ 72.892832, 19.8639889, 0.0 ], [ 72.8925091, 19.8635588, 0.0 ], [ 72.8921067, 19.8629259, 0.0 ], [ 72.8918911, 19.8625869, 0.0 ], [ 72.8911487, 19.8614194, 0.0 ], [ 72.8908042, 19.8608173, 0.0 ], [ 72.8904813, 19.8601721, 0.0 ], [ 72.8902014, 19.8595699, 0.0 ], [ 72.8900477, 19.8593235, 0.0 ], [ 72.8897463, 19.8590654, 0.0 ], [ 72.8894664, 19.8588073, 0.0 ], [ 72.8891434, 19.8584847, 0.0 ], [ 72.888799, 19.8580546, 0.0 ], [ 72.8884114, 19.8575599, 0.0 ], [ 72.8881315, 19.8569793, 0.0 ], [ 72.8878732, 19.8565061, 0.0 ], [ 72.8874641, 19.8560115, 0.0 ], [ 72.8870981, 19.8554093, 0.0 ], [ 72.8866459, 19.8549362, 0.0 ], [ 72.8850262, 19.8533365, 0.0 ], [ 72.8842942, 19.8525837, 0.0 ], [ 72.8833038, 19.8521536, 0.0 ], [ 72.8830372, 19.8520552, 0.0 ], [ 72.8823134, 19.851788, 0.0 ], [ 72.880914, 19.8510783, 0.0 ], [ 72.879493, 19.8502611, 0.0 ], [ 72.8786963, 19.8498524, 0.0 ], [ 72.8777705, 19.8493793, 0.0 ], [ 72.8774094, 19.8492688, 0.0 ], [ 72.8764357, 19.8489707, 0.0 ], [ 72.8760266, 19.8487556, 0.0 ], [ 72.8745137, 19.8472611, 0.0 ], [ 72.8740616, 19.846659, 0.0 ], [ 72.8735233, 19.8462933, 0.0 ], [ 72.872619, 19.8462073, 0.0 ], [ 72.8717794, 19.8462073, 0.0 ], [ 72.8710043, 19.8462073, 0.0 ], [ 72.870057, 19.8461213, 0.0 ], [ 72.869002, 19.8461428, 0.0 ], [ 72.8669136, 19.8466159, 0.0 ], [ 72.8667565, 19.8466795, 0.0 ], [ 72.8661169, 19.8469385, 0.0 ], [ 72.8651911, 19.8475407, 0.0 ], [ 72.8638645, 19.8483743, 0.0 ], [ 72.8638563, 19.8483795, 0.0 ], [ 72.8628659, 19.8489171, 0.0 ], [ 72.8614664, 19.8492612, 0.0 ], [ 72.860336, 19.8492177, 0.0 ], [ 72.8600345, 19.8490887, 0.0 ], [ 72.8596901, 19.8489812, 0.0 ], [ 72.8593025, 19.8489812, 0.0 ], [ 72.8588719, 19.8490027, 0.0 ], [ 72.8582691, 19.8490242, 0.0 ], [ 72.8569342, 19.8490242, 0.0 ], [ 72.8562668, 19.8490242, 0.0 ], [ 72.8555347, 19.8490457, 0.0 ], [ 72.8551903, 19.8491102, 0.0 ], [ 72.8548458, 19.8492392, 0.0 ], [ 72.8546951, 19.8494113, 0.0 ], [ 72.8546735, 19.8496909, 0.0 ], [ 72.8547812, 19.850035, 0.0 ], [ 72.8548458, 19.850336, 0.0 ], [ 72.8548673, 19.8506371, 0.0 ], [ 72.8548673, 19.8510673, 0.0 ], [ 72.8547371, 19.8518298, 0.0 ], [ 72.8546725, 19.85226, 0.0 ], [ 72.8545433, 19.8525825, 0.0 ], [ 72.854328, 19.8530127, 0.0 ], [ 72.8541128, 19.8532922, 0.0 ], [ 72.853919, 19.8535073, 0.0 ], [ 72.8536391, 19.8535503, 0.0 ], [ 72.8533592, 19.8535933, 0.0 ], [ 72.8532085, 19.8537224, 0.0 ], [ 72.8529932, 19.8539159, 0.0 ], [ 72.8527779, 19.8542385, 0.0 ], [ 72.8524549, 19.8547762, 0.0 ], [ 72.8521104, 19.8551848, 0.0 ], [ 72.851766, 19.8555719, 0.0 ], [ 72.8515507, 19.8560881, 0.0 ], [ 72.8513138, 19.8566472, 0.0 ], [ 72.8510618, 19.8569409, 0.0 ], [ 72.8506679, 19.8573999, 0.0 ], [ 72.8502804, 19.857658, 0.0 ], [ 72.8489408, 19.8579025, 0.0 ], [ 72.8486609, 19.8579885, 0.0 ], [ 72.8484456, 19.8581176, 0.0 ], [ 72.8481657, 19.8581176, 0.0 ], [ 72.8476705, 19.8579455, 0.0 ], [ 72.8473691, 19.8579025, 0.0 ], [ 72.8470676, 19.857795, 0.0 ], [ 72.8467662, 19.8575799, 0.0 ], [ 72.846594, 19.8573648, 0.0 ], [ 72.8464002, 19.8570207, 0.0 ], [ 72.8464002, 19.8566551, 0.0 ], [ 72.8463356, 19.8564831, 0.0 ], [ 72.8459481, 19.8563971, 0.0 ], [ 72.8458189, 19.8563971, 0.0 ], [ 72.8456251, 19.8563325, 0.0 ], [ 72.8454529, 19.8560315, 0.0 ], [ 72.8454098, 19.8555368, 0.0 ], [ 72.8452376, 19.8551282, 0.0 ], [ 72.8450008, 19.8546981, 0.0 ], [ 72.8446809, 19.8537948, 0.0 ], [ 72.8444083, 19.853077, 0.0 ], [ 72.8443464, 19.8526563, 0.0 ], [ 72.8441977, 19.8523964, 0.0 ], [ 72.8439871, 19.8520746, 0.0 ], [ 72.8437888, 19.8517405, 0.0 ], [ 72.8417679, 19.8485919, 0.0 ], [ 72.8409985, 19.8471256, 0.0 ], [ 72.8407012, 19.8466801, 0.0 ], [ 72.8405153, 19.8463707, 0.0 ], [ 72.8402552, 19.8459995, 0.0 ], [ 72.8399826, 19.8455663, 0.0 ], [ 72.8396605, 19.8452817, 0.0 ], [ 72.8394003, 19.845096, 0.0 ], [ 72.8382954, 19.8439899, 0.0 ], [ 72.8380353, 19.8435567, 0.0 ], [ 72.8378866, 19.8430617, 0.0 ], [ 72.8378742, 19.8425048, 0.0 ], [ 72.8376013, 19.8414716, 0.0 ], [ 72.8374526, 19.8409023, 0.0 ], [ 72.8373948, 19.8408263, 0.0 ], [ 72.8372172, 19.8405929, 0.0 ], [ 72.8370066, 19.8401227, 0.0 ], [ 72.8369323, 19.8397514, 0.0 ], [ 72.8369571, 19.8393059, 0.0 ], [ 72.8368681, 19.8371565, 0.0 ], [ 72.8368327, 19.8363023, 0.0 ], [ 72.8367831, 19.8357825, 0.0 ], [ 72.8365221, 19.83465, 0.0 ], [ 72.8362248, 19.833598, 0.0 ], [ 72.8360761, 19.8333505, 0.0 ], [ 72.8357292, 19.8325832, 0.0 ], [ 72.8355929, 19.8319521, 0.0 ], [ 72.8355434, 19.8316056, 0.0 ], [ 72.8354882, 19.8314454, 0.0 ], [ 72.8349358, 19.829841, 0.0 ], [ 72.8347624, 19.8294079, 0.0 ], [ 72.8341553, 19.8289623, 0.0 ], [ 72.8339695, 19.8287767, 0.0 ], [ 72.8334244, 19.8286777, 0.0 ], [ 72.8329536, 19.8286653, 0.0 ], [ 72.8326067, 19.8286158, 0.0 ], [ 72.8322598, 19.8285663, 0.0 ], [ 72.8318137, 19.8284302, 0.0 ], [ 72.8313801, 19.8283312, 0.0 ], [ 72.8311076, 19.8281827, 0.0 ], [ 72.8309203, 19.8280526, 0.0 ], [ 72.8308226, 19.8279847, 0.0 ], [ 72.8306987, 19.8277991, 0.0 ], [ 72.8306739, 19.8275763, 0.0 ], [ 72.8307084, 19.8271138, 0.0 ], [ 72.8306217, 19.8270025, 0.0 ], [ 72.8304359, 19.8267673, 0.0 ], [ 72.83025, 19.8265198, 0.0 ], [ 72.8301757, 19.8259753, 0.0 ], [ 72.8301757, 19.8256412, 0.0 ], [ 72.8301881, 19.8254308, 0.0 ], [ 72.8301385, 19.8252204, 0.0 ], [ 72.830027, 19.8250348, 0.0 ], [ 72.829915, 19.824733, 0.0 ], [ 72.8298778, 19.8245721, 0.0 ], [ 72.8299521, 19.824238, 0.0 ], [ 72.8300388, 19.8238172, 0.0 ], [ 72.830076, 19.8234088, 0.0 ], [ 72.8301008, 19.822988, 0.0 ], [ 72.8301132, 19.8226292, 0.0 ], [ 72.8302741, 19.8214114, 0.0 ], [ 72.8302741, 19.8209535, 0.0 ], [ 72.8302494, 19.8205451, 0.0 ], [ 72.8302586, 19.8201564, 0.0 ], [ 72.8302618, 19.8200253, 0.0 ], [ 72.830274, 19.8192776, 0.0 ], [ 72.8304227, 19.8186217, 0.0 ], [ 72.8305961, 19.8183123, 0.0 ], [ 72.8308191, 19.8179534, 0.0 ], [ 72.8310174, 19.817644, 0.0 ], [ 72.8313465, 19.8173705, 0.0 ], [ 72.8316628, 19.8171077, 0.0 ], [ 72.8318611, 19.8169096, 0.0 ], [ 72.8320097, 19.8166869, 0.0 ], [ 72.8321088, 19.816526, 0.0 ], [ 72.8322575, 19.8164517, 0.0 ], [ 72.8324681, 19.8164517, 0.0 ], [ 72.8327531, 19.8166621, 0.0 ], [ 72.8334593, 19.8171448, 0.0 ], [ 72.8341159, 19.8175532, 0.0 ], [ 72.8343076, 19.8175744, 0.0 ], [ 72.834351, 19.8175793, 0.0 ], [ 72.8345619, 19.8176027, 0.0 ], [ 72.8347867, 19.81755, 0.0 ], [ 72.8353548, 19.817417, 0.0 ], [ 72.835838, 19.8169344, 0.0 ], [ 72.8362405, 19.8164092, 0.0 ], [ 72.8364451, 19.8161424, 0.0 ], [ 72.8366505, 19.8156564, 0.0 ], [ 72.8371429, 19.8144914, 0.0 ], [ 72.8376757, 19.8125484, 0.0 ], [ 72.8380602, 19.8102398, 0.0 ], [ 72.8380841, 19.8099678, 0.0 ], [ 72.8381593, 19.8091137, 0.0 ], [ 72.8381097, 19.8087919, 0.0 ], [ 72.8380602, 19.808433, 0.0 ], [ 72.8376385, 19.8075974, 0.0 ], [ 72.8374527, 19.8073622, 0.0 ], [ 72.8371306, 19.8067682, 0.0 ], [ 72.83692, 19.8063103, 0.0 ], [ 72.8367341, 19.8059885, 0.0 ], [ 72.8366598, 19.805543, 0.0 ], [ 72.8363374, 19.80477, 0.0 ], [ 72.8363374, 19.804473, 0.0 ], [ 72.8363498, 19.8038913, 0.0 ], [ 72.8364366, 19.8032726, 0.0 ], [ 72.8365357, 19.8027281, 0.0 ], [ 72.8365357, 19.802431, 0.0 ], [ 72.8365357, 19.8021835, 0.0 ], [ 72.8365109, 19.8019113, 0.0 ], [ 72.8364364, 19.8006517, 0.0 ], [ 72.8364364, 19.8003052, 0.0 ], [ 72.8365108, 19.7998473, 0.0 ], [ 72.8366347, 19.7995132, 0.0 ], [ 72.8366347, 19.7992904, 0.0 ], [ 72.8366471, 19.7990058, 0.0 ], [ 72.8365479, 19.7988325, 0.0 ], [ 72.8364364, 19.7986716, 0.0 ], [ 72.8363745, 19.7984984, 0.0 ], [ 72.8363745, 19.7982509, 0.0 ], [ 72.8365108, 19.7979786, 0.0 ], [ 72.8366099, 19.7977187, 0.0 ], [ 72.8381856, 19.7949858, 0.0 ], [ 72.8399555, 19.7922091, 0.0 ], [ 72.840205, 19.7918177, 0.0 ], [ 72.8403499, 19.7916408, 0.0 ], [ 72.840428, 19.7915454, 0.0 ], [ 72.84049, 19.791236, 0.0 ], [ 72.8405772, 19.7903762, 0.0 ], [ 72.8405772, 19.7899925, 0.0 ], [ 72.84054, 19.7896089, 0.0 ], [ 72.8404533, 19.7892376, 0.0 ], [ 72.8403294, 19.7886931, 0.0 ], [ 72.8402179, 19.7883466, 0.0 ], [ 72.8399571, 19.7870619, 0.0 ], [ 72.8399215, 19.7868451, 0.0 ], [ 72.8398332, 19.786307, 0.0 ], [ 72.839858, 19.7849705, 0.0 ], [ 72.8399695, 19.7844136, 0.0 ], [ 72.8399695, 19.78377, 0.0 ], [ 72.8399943, 19.7833369, 0.0 ], [ 72.8401047, 19.7826524, 0.0 ], [ 72.8401307, 19.782491, 0.0 ], [ 72.840267, 19.7819218, 0.0 ], [ 72.8405271, 19.7815876, 0.0 ], [ 72.8410103, 19.7812287, 0.0 ], [ 72.8415307, 19.7808699, 0.0 ], [ 72.8418404, 19.7805728, 0.0 ], [ 72.8433123, 19.7795144, 0.0 ], [ 72.8450148, 19.7782899, 0.0 ], [ 72.8453989, 19.7778939, 0.0 ], [ 72.8456219, 19.7776217, 0.0 ], [ 72.8458697, 19.7773247, 0.0 ], [ 72.8460555, 19.7770153, 0.0 ], [ 72.8461072, 19.7765492, 0.0 ], [ 72.846132, 19.7759305, 0.0 ], [ 72.8461196, 19.775225, 0.0 ], [ 72.8460824, 19.7746186, 0.0 ], [ 72.8460081, 19.7741113, 0.0 ], [ 72.8458842, 19.773839, 0.0 ], [ 72.8457851, 19.7735172, 0.0 ], [ 72.8457479, 19.773047, 0.0 ], [ 72.845413, 19.7715301, 0.0 ], [ 72.8453327, 19.7712795, 0.0 ], [ 72.8452148, 19.7709113, 0.0 ], [ 72.8450413, 19.7703916, 0.0 ], [ 72.8450343, 19.7699891, 0.0 ], [ 72.8450289, 19.7696861, 0.0 ], [ 72.8452134, 19.7676265, 0.0 ], [ 72.8456099, 19.7669088, 0.0 ], [ 72.8458731, 19.766404, 0.0 ], [ 72.8462293, 19.7657207, 0.0 ], [ 72.8463949, 19.7654175, 0.0 ], [ 72.8465267, 19.7651762, 0.0 ], [ 72.8466753, 19.7643842, 0.0 ], [ 72.8468488, 19.7637406, 0.0 ], [ 72.8470475, 19.7624876, 0.0 ], [ 72.8470227, 19.7620173, 0.0 ], [ 72.8468989, 19.7614233, 0.0 ], [ 72.8468245, 19.760953, 0.0 ], [ 72.8465272, 19.7604332, 0.0 ], [ 72.8464342, 19.7602136, 0.0 ], [ 72.8462546, 19.7597897, 0.0 ], [ 72.8460564, 19.7593689, 0.0 ], [ 72.8459077, 19.7586016, 0.0 ], [ 72.8459077, 19.7578344, 0.0 ], [ 72.8459573, 19.7571661, 0.0 ], [ 72.8460316, 19.7565226, 0.0 ], [ 72.8462051, 19.755978, 0.0 ], [ 72.8464529, 19.7554335, 0.0 ], [ 72.8468557, 19.7548568, 0.0 ], [ 72.8470213, 19.7547349, 0.0 ], [ 72.8473292, 19.7545083, 0.0 ], [ 72.8482013, 19.7542345, 0.0 ], [ 72.8486996, 19.7542594, 0.0 ], [ 72.8490734, 19.7542345, 0.0 ], [ 72.8495468, 19.7539856, 0.0 ], [ 72.8499704, 19.7535376, 0.0 ], [ 72.8503691, 19.7528407, 0.0 ], [ 72.8505934, 19.7522434, 0.0 ], [ 72.8505934, 19.7514718, 0.0 ], [ 72.8505435, 19.7502522, 0.0 ], [ 72.8504373, 19.7494335, 0.0 ], [ 72.8500202, 19.74622, 0.0 ], [ 72.849351, 19.7436231, 0.0 ], [ 72.849172, 19.7429288, 0.0 ], [ 72.8483249, 19.7413359, 0.0 ], [ 72.8475169, 19.7397166, 0.0 ], [ 72.8474018, 19.7394859, 0.0 ], [ 72.847352, 19.7388139, 0.0 ], [ 72.8475763, 19.7381916, 0.0 ], [ 72.847651, 19.7377685, 0.0 ], [ 72.8482894, 19.7355522, 0.0 ], [ 72.848872, 19.7335294, 0.0 ], [ 72.8492707, 19.7315015, 0.0 ], [ 72.8493703, 19.7301823, 0.0 ], [ 72.8493703, 19.7294605, 0.0 ], [ 72.8493703, 19.7286641, 0.0 ], [ 72.849171, 19.7276685, 0.0 ], [ 72.8483733, 19.7246686, 0.0 ], [ 72.8480493, 19.7239219, 0.0 ], [ 72.8477005, 19.7234241, 0.0 ], [ 72.8473018, 19.7227023, 0.0 ], [ 72.8456323, 19.7209102, 0.0 ], [ 72.845585, 19.7208743, 0.0 ], [ 72.8450094, 19.7204373, 0.0 ], [ 72.8445858, 19.7200391, 0.0 ], [ 72.8443117, 19.7196658, 0.0 ], [ 72.8441373, 19.719168, 0.0 ], [ 72.8442325, 19.7186294, 0.0 ], [ 72.8446062, 19.7178329, 0.0 ], [ 72.8448803, 19.7176089, 0.0 ], [ 72.8456527, 19.7171858, 0.0 ], [ 72.8463504, 19.7167129, 0.0 ], [ 72.8483438, 19.7150204, 0.0 ], [ 72.8487425, 19.7145724, 0.0 ], [ 72.8490664, 19.7141244, 0.0 ], [ 72.849191, 19.7135768, 0.0 ], [ 72.8492907, 19.7131039, 0.0 ], [ 72.8492907, 19.7123323, 0.0 ], [ 72.8490672, 19.7093547, 0.0 ], [ 72.8492167, 19.7083592, 0.0 ], [ 72.8492416, 19.7074133, 0.0 ], [ 72.8492167, 19.7063929, 0.0 ], [ 72.8491419, 19.7054471, 0.0 ], [ 72.8489862, 19.7045642, 0.0 ], [ 72.8485687, 19.7021981, 0.0 ], [ 72.848494, 19.7013767, 0.0 ], [ 72.8485936, 19.7005554, 0.0 ], [ 72.8488926, 19.6990122, 0.0 ], [ 72.8490172, 19.6985393, 0.0 ], [ 72.849391, 19.6980664, 0.0 ], [ 72.850288, 19.6973944, 0.0 ], [ 72.8508611, 19.6972699, 0.0 ], [ 72.8515588, 19.6971455, 0.0 ], [ 72.8522316, 19.6968717, 0.0 ], [ 72.8531535, 19.696573, 0.0 ], [ 72.8541253, 19.6960752, 0.0 ], [ 72.8548479, 19.6954778, 0.0 ], [ 72.8568021, 19.692592, 0.0 ], [ 72.8585961, 19.6904017, 0.0 ], [ 72.8588951, 19.6899536, 0.0 ], [ 72.8591692, 19.6894061, 0.0 ], [ 72.859244, 19.6888834, 0.0 ], [ 72.8592622, 19.6884092, 0.0 ], [ 72.8592689, 19.6882362, 0.0 ], [ 72.859244, 19.6877136, 0.0 ], [ 72.8590197, 19.687166, 0.0 ], [ 72.8587207, 19.6867678, 0.0 ], [ 72.8583719, 19.6860708, 0.0 ], [ 72.8579981, 19.685349, 0.0 ], [ 72.8575994, 19.6845028, 0.0 ], [ 72.8573004, 19.6838059, 0.0 ], [ 72.8565268, 19.6820263, 0.0 ], [ 72.856452, 19.6812796, 0.0 ], [ 72.8565018, 19.6802592, 0.0 ], [ 72.8565517, 19.6794378, 0.0 ], [ 72.856751, 19.6785169, 0.0 ], [ 72.8569005, 19.6775959, 0.0 ], [ 72.8572161, 19.6763269, 0.0 ], [ 72.857374, 19.6756917, 0.0 ], [ 72.8574238, 19.6752188, 0.0 ], [ 72.8574238, 19.6746961, 0.0 ], [ 72.8574238, 19.6740988, 0.0 ], [ 72.8573242, 19.6735263, 0.0 ], [ 72.857075, 19.6732276, 0.0 ], [ 72.8565766, 19.672705, 0.0 ], [ 72.856178, 19.6720827, 0.0 ], [ 72.8546829, 19.6707387, 0.0 ], [ 72.853459, 19.6698605, 0.0 ], [ 72.8529138, 19.6694693, 0.0 ], [ 72.8515134, 19.6684853, 0.0 ], [ 72.8511894, 19.6681369, 0.0 ], [ 72.8511421, 19.667929, 0.0 ], [ 72.8510648, 19.6675893, 0.0 ], [ 72.8511147, 19.6672657, 0.0 ], [ 72.8512891, 19.6665688, 0.0 ], [ 72.8515134, 19.6654986, 0.0 ], [ 72.8520117, 19.6645776, 0.0 ], [ 72.8528192, 19.6630918, 0.0 ], [ 72.853432, 19.6619642, 0.0 ], [ 72.8559027, 19.6596103, 0.0 ], [ 72.8569745, 19.6585892, 0.0 ], [ 72.857722, 19.6575936, 0.0 ], [ 72.8581705, 19.6569714, 0.0 ], [ 72.8582912, 19.6565751, 0.0 ], [ 72.8583449, 19.6563989, 0.0 ], [ 72.8583948, 19.6556771, 0.0 ], [ 72.8584446, 19.6547562, 0.0 ], [ 72.8578964, 19.6528745, 0.0 ], [ 72.8575227, 19.6518789, 0.0 ], [ 72.8573233, 19.650958, 0.0 ], [ 72.8572984, 19.6499624, 0.0 ], [ 72.8572984, 19.6489668, 0.0 ], [ 72.8573732, 19.6477472, 0.0 ], [ 72.8578716, 19.6450191, 0.0 ] ] ] } },
{ "type": "Feature", "properties": { "objectid": 28438, "rivname": "Ramdari N", "rilcode": null, "st_length_": 23.2382, "bacode": 14, "ba_name": "West flowing rivers from Tapi to Tadri", "sub_basin": "Bhatsol and others", "remarks": null }, "geometry": { "type": "MultiLineString", "coordinates": [ [ [ 73.004974, 19.8457038, 0.0 ], [ 73.0045885, 19.8456373, 0.0 ], [ 73.0041557, 19.8455474, 0.0 ], [ 73.003832, 19.8454913, 0.0 ], [ 73.0034124, 19.8454514, 0.0 ], [ 73.0030393, 19.845471, 0.0 ], [ 73.002895, 19.8455134, 0.0 ], [ 73.0027835, 19.8455836, 0.0 ], [ 73.0026522, 19.8456894, 0.0 ], [ 73.0025526, 19.8458683, 0.0 ], [ 73.0025211, 19.8459989, 0.0 ], [ 73.0025006, 19.8462787, 0.0 ], [ 73.0024655, 19.8465719, 0.0 ], [ 73.0024303, 19.8468652, 0.0 ], [ 73.0023637, 19.8470673, 0.0 ], [ 73.0022633, 19.8472868, 0.0 ], [ 73.00211, 19.8475234, 0.0 ], [ 73.0019971, 19.8476568, 0.0 ] ], [ [ 73.0037985, 19.8496049, 0.0 ], [ 73.0035537, 19.8494373, 0.0 ], [ 73.0033953, 19.8492579, 0.0 ], [ 73.0031102, 19.8487504, 0.0 ], [ 73.0029345, 19.8484802, 0.0 ], [ 73.0027267, 19.848155, 0.0 ], [ 73.0025731, 19.8479712, 0.0 ], [ 73.002375, 19.8478542, 0.0 ], [ 73.0021709, 19.8477914, 0.0 ], [ 73.001975, 19.847792, 0.0 ], [ 73.0018861, 19.8479214, 0.0 ], [ 73.001777, 19.8481046, 0.0 ], [ 73.0016347, 19.8482736, 0.0 ], [ 73.0014682, 19.8484512, 0.0 ], [ 73.0012543, 19.8486187, 0.0 ], [ 73.0011477, 19.8486844, 0.0 ], [ 73.0008863, 19.848842, 0.0 ], [ 73.000615, 19.8490085, 0.0 ], [ 73.0004063, 19.8491536, 0.0 ], [ 73.0003029, 19.8492917, 0.0 ], [ 73.0002947, 19.8494452, 0.0 ], [ 73.0002894, 19.8496847, 0.0 ], [ 73.00038, 19.8501296, 0.0 ], [ 73.0005161, 19.8504533, 0.0 ], [ 73.0006367, 19.8510524, 0.0 ], [ 73.0006636, 19.8513468, 0.0 ], [ 73.0006617, 19.8516498, 0.0 ], [ 73.0005936, 19.8519197, 0.0 ], [ 73.000426, 19.8521515, 0.0 ], [ 72.9975948, 19.8543815, 0.0 ], [ 72.9972036, 19.8549676, 0.0 ], [ 72.9964701, 19.8558142, 0.0 ], [ 72.9961115, 19.8563841, 0.0 ], [ 72.9956792, 19.8573421, 0.0 ], [ 72.9954102, 19.8579383, 0.0 ], [ 72.9952146, 19.8586547, 0.0 ], [ 72.9949864, 19.8590943, 0.0 ], [ 72.9948723, 19.85942, 0.0 ], [ 72.994856, 19.8597293, 0.0 ], [ 72.9949864, 19.8600224, 0.0 ], [ 72.995182, 19.8602666, 0.0 ], [ 72.9952146, 19.8605108, 0.0 ], [ 72.9951494, 19.8607225, 0.0 ], [ 72.9949701, 19.8609504, 0.0 ], [ 72.9942809, 19.8614924, 0.0 ], [ 72.9940477, 19.8616451, 0.0 ], [ 72.9939914, 19.8617736, 0.0 ], [ 72.9939673, 19.8619423, 0.0 ], [ 72.9940155, 19.8620227, 0.0 ], [ 72.9940879, 19.8620628, 0.0 ], [ 72.9943131, 19.8619905, 0.0 ], [ 72.994474, 19.8619102, 0.0 ], [ 72.9946348, 19.8619423, 0.0 ], [ 72.994659, 19.8620146, 0.0 ], [ 72.994667, 19.8621432, 0.0 ], [ 72.9945946, 19.8624645, 0.0 ], [ 72.9944081, 19.8631274, 0.0 ], [ 72.9943695, 19.8634873, 0.0 ], [ 72.9943695, 19.8637957, 0.0 ], [ 72.9943181, 19.8640271, 0.0 ], [ 72.9941637, 19.8642198, 0.0 ], [ 72.9940993, 19.864374, 0.0 ], [ 72.9940736, 19.8645026, 0.0 ], [ 72.9941122, 19.8646439, 0.0 ], [ 72.9942409, 19.8648239, 0.0 ], [ 72.9942666, 19.8649909, 0.0 ], [ 72.9942666, 19.8652094, 0.0 ], [ 72.9942537, 19.8654664, 0.0 ], [ 72.994228, 19.8656592, 0.0 ], [ 72.9940479, 19.8658134, 0.0 ], [ 72.9940093, 19.8658263, 0.0 ], [ 72.9938034, 19.8658263, 0.0 ], [ 72.9936362, 19.865852, 0.0 ], [ 72.9934689, 19.8659163, 0.0 ], [ 72.9932591, 19.8663545, 0.0 ], [ 72.9931868, 19.8664989, 0.0 ], [ 72.9930965, 19.8665621, 0.0 ], [ 72.992997, 19.8665711, 0.0 ], [ 72.9928344, 19.8664809, 0.0 ], [ 72.9926898, 19.8663635, 0.0 ], [ 72.9925813, 19.8663003, 0.0 ], [ 72.9924276, 19.8663274, 0.0 ], [ 72.9923915, 19.8664718, 0.0 ], [ 72.9923373, 19.8666524, 0.0 ], [ 72.9924457, 19.8673421, 0.0 ], [ 72.9924999, 19.8675859, 0.0 ], [ 72.9924909, 19.8677122, 0.0 ], [ 72.9924095, 19.8677935, 0.0 ], [ 72.9923101, 19.8678747, 0.0 ], [ 72.9923074, 19.8678801, 0.0 ], [ 72.9922559, 19.8679831, 0.0 ], [ 72.992283, 19.8681456, 0.0 ], [ 72.9923915, 19.8683081, 0.0 ], [ 72.9926084, 19.8684164, 0.0 ], [ 72.9928162, 19.8684254, 0.0 ], [ 72.9931687, 19.86829, 0.0 ], [ 72.9932862, 19.8681546, 0.0 ], [ 72.9933947, 19.8680914, 0.0 ], [ 72.9935483, 19.8681004, 0.0 ], [ 72.9936839, 19.8682268, 0.0 ], [ 72.9937381, 19.8683984, 0.0 ], [ 72.9937658, 19.8686127, 0.0 ], [ 72.9935072, 19.8688827, 0.0 ], [ 72.9933309, 19.8690471, 0.0 ], [ 72.9931664, 19.8692584, 0.0 ], [ 72.9930606, 19.8693993, 0.0 ], [ 72.9929313, 19.8695284, 0.0 ], [ 72.9928373, 19.8696576, 0.0 ], [ 72.9928373, 19.8698571, 0.0 ], [ 72.9928725, 19.8700098, 0.0 ], [ 72.9928255, 19.8701859, 0.0 ], [ 72.9927432, 19.8703972, 0.0 ], [ 72.992661, 19.8705498, 0.0 ], [ 72.9924612, 19.8706672, 0.0 ], [ 72.9919793, 19.8706555, 0.0 ], [ 72.9915092, 19.8705029, 0.0 ], [ 72.9910978, 19.8704911, 0.0 ], [ 72.9907217, 19.8704676, 0.0 ], [ 72.9904044, 19.8704559, 0.0 ], [ 72.990134, 19.8704559, 0.0 ], [ 72.9899813, 19.8704911, 0.0 ], [ 72.9898637, 19.8706202, 0.0 ], [ 72.9897697, 19.8708668, 0.0 ], [ 72.9897482, 19.8709851, 0.0 ], [ 72.9896992, 19.8712542, 0.0 ], [ 72.9896287, 19.871489, 0.0 ], [ 72.9893231, 19.8716416, 0.0 ], [ 72.9888412, 19.8719234, 0.0 ], [ 72.9885474, 19.8719469, 0.0 ], [ 72.988183, 19.8719469, 0.0 ], [ 72.9879244, 19.8719469, 0.0 ], [ 72.9876776, 19.8719469, 0.0 ], [ 72.9875484, 19.8718882, 0.0 ], [ 72.9874896, 19.8718295, 0.0 ], [ 72.9874896, 19.8715477, 0.0 ], [ 72.9874191, 19.8714538, 0.0 ], [ 72.987278, 19.8713247, 0.0 ], [ 72.987184, 19.8712894, 0.0 ], [ 72.98709, 19.8712307, 0.0 ], [ 72.9870547, 19.8712307, 0.0 ], [ 72.9869842, 19.8712542, 0.0 ], [ 72.9868902, 19.8713481, 0.0 ], [ 72.9867844, 19.8714655, 0.0 ], [ 72.9866904, 19.8715829, 0.0 ], [ 72.9866199, 19.8717238, 0.0 ], [ 72.9865611, 19.8718412, 0.0 ], [ 72.9863143, 19.8720291, 0.0 ], [ 72.9861262, 19.8721817, 0.0 ], [ 72.9858441, 19.8724869, 0.0 ], [ 72.9854283, 19.8728361, 0.0 ], [ 72.9853461, 19.872977, 0.0 ], [ 72.9853578, 19.8732822, 0.0 ], [ 72.9853578, 19.8736109, 0.0 ], [ 72.9853696, 19.873787, 0.0 ], [ 72.9852403, 19.8740923, 0.0 ], [ 72.9851345, 19.8742684, 0.0 ], [ 72.9849464, 19.8744445, 0.0 ], [ 72.9847349, 19.8745854, 0.0 ], [ 72.9843235, 19.8747967, 0.0 ], [ 72.9842177, 19.8748319, 0.0 ], [ 72.9840767, 19.8748319, 0.0 ], [ 72.9838299, 19.8748202, 0.0 ], [ 72.9836418, 19.8748084, 0.0 ], [ 72.9833598, 19.8751137, 0.0 ], [ 72.983301, 19.8752428, 0.0 ], [ 72.9833362, 19.8753368, 0.0 ], [ 72.9834538, 19.875372, 0.0 ], [ 72.9835596, 19.8753837, 0.0 ], [ 72.9836066, 19.8754659, 0.0 ], [ 72.9836183, 19.875595, 0.0 ], [ 72.983489, 19.8758298, 0.0 ], [ 72.9833715, 19.8760059, 0.0 ], [ 72.9831952, 19.8761233, 0.0 ], [ 72.9832305, 19.8763934, 0.0 ], [ 72.9833245, 19.8765812, 0.0 ], [ 72.9834303, 19.8767338, 0.0 ], [ 72.9834773, 19.8768864, 0.0 ], [ 72.9835125, 19.8770625, 0.0 ], [ 72.9834773, 19.877133, 0.0 ], [ 72.983395, 19.8772034, 0.0 ], [ 72.9832775, 19.8772269, 0.0 ], [ 72.9831129, 19.8772504, 0.0 ], [ 72.9829954, 19.8772856, 0.0 ], [ 72.9829131, 19.877356, 0.0 ], [ 72.982807, 19.8775021, 0.0 ] ], [ [ 72.9827964, 19.8772063, 0.0 ], [ 72.982807, 19.8775021, 0.0 ] ], [ [ 72.982807, 19.8775021, 0.0 ], [ 72.9828305, 19.8776664, 0.0 ], [ 72.9829246, 19.877866, 0.0 ], [ 72.9832184, 19.8790635, 0.0 ], [ 72.9832889, 19.8791809, 0.0 ], [ 72.9833829, 19.8792983, 0.0 ], [ 72.9834652, 19.8795331, 0.0 ], [ 72.9835357, 19.8796505, 0.0 ], [ 72.9836298, 19.8796622, 0.0 ], [ 72.983759, 19.8796505, 0.0 ], [ 72.9839118, 19.8796036, 0.0 ], [ 72.9840411, 19.8796036, 0.0 ], [ 72.9841469, 19.8796857, 0.0 ], [ 72.9842292, 19.8798031, 0.0 ], [ 72.9842644, 19.8799323, 0.0 ], [ 72.984088, 19.8801401, 0.0 ], [ 72.9840645, 19.880187, 0.0 ], [ 72.9839822, 19.8801753, 0.0 ], [ 72.9838764, 19.8801401, 0.0 ], [ 72.9837824, 19.8801283, 0.0 ], [ 72.9835708, 19.8802927, 0.0 ], [ 72.9835238, 19.8804218, 0.0 ], [ 72.9834533, 19.8805275, 0.0 ], [ 72.9832888, 19.8805979, 0.0 ], [ 72.9831125, 19.8805979, 0.0 ], [ 72.9829244, 19.8805979, 0.0 ], [ 72.9827246, 19.8806332, 0.0 ], [ 72.9825953, 19.8807036, 0.0 ], [ 72.9825131, 19.8808327, 0.0 ], [ 72.9823838, 19.8809384, 0.0 ], [ 72.9822427, 19.8810206, 0.0 ], [ 72.9820194, 19.8811262, 0.0 ], [ 72.9817021, 19.8812319, 0.0 ], [ 72.9816786, 19.8815137, 0.0 ], [ 72.9816433, 19.8817133, 0.0 ], [ 72.9815375, 19.8819481, 0.0 ], [ 72.9814083, 19.8821946, 0.0 ], [ 72.981232, 19.8824294, 0.0 ], [ 72.9811379, 19.8826642, 0.0 ], [ 72.9811027, 19.8828873, 0.0 ], [ 72.9810322, 19.8833334, 0.0 ], [ 72.9809264, 19.8835565, 0.0 ], [ 72.9808206, 19.8837208, 0.0 ], [ 72.9806326, 19.8839439, 0.0 ], [ 72.980468, 19.8841787, 0.0 ], [ 72.9803152, 19.8844135, 0.0 ], [ 72.9798782, 19.8851719, 0.0 ], [ 72.9795491, 19.8855945, 0.0 ], [ 72.9793493, 19.8857471, 0.0 ], [ 72.9792083, 19.885888, 0.0 ], [ 72.979032, 19.8860406, 0.0 ], [ 72.9788674, 19.8861698, 0.0 ], [ 72.9786441, 19.8862402, 0.0 ], [ 72.9784678, 19.8862402, 0.0 ], [ 72.9782798, 19.8862402, 0.0 ], [ 72.97808, 19.8862167, 0.0 ], [ 72.9778567, 19.8860524, 0.0 ], [ 72.9776804, 19.8859937, 0.0 ], [ 72.9775041, 19.8859937, 0.0 ], [ 72.977222, 19.8859937, 0.0 ], [ 72.9770457, 19.8860759, 0.0 ], [ 72.9767283, 19.8861815, 0.0 ], [ 72.9766578, 19.8862402, 0.0 ], [ 72.9765991, 19.8863928, 0.0 ], [ 72.9766108, 19.8865689, 0.0 ], [ 72.9767989, 19.8869211, 0.0 ], [ 72.9768798, 19.8874193, 0.0 ], [ 72.9768798, 19.8876189, 0.0 ], [ 72.9768328, 19.8877598, 0.0 ], [ 72.9766682, 19.8879242, 0.0 ], [ 72.9764802, 19.8881003, 0.0 ], [ 72.9762922, 19.8883468, 0.0 ], [ 72.9761511, 19.8885934, 0.0 ], [ 72.9759866, 19.8888869, 0.0 ], [ 72.9757515, 19.8891569, 0.0 ], [ 72.9756222, 19.8892978, 0.0 ], [ 72.9754577, 19.8894621, 0.0 ], [ 72.9750228, 19.8896147, 0.0 ], [ 72.9748113, 19.8896147, 0.0 ], [ 72.9745527, 19.8897322, 0.0 ], [ 72.9744234, 19.8898261, 0.0 ], [ 72.9743176, 19.889967, 0.0 ], [ 72.9742588, 19.8901196, 0.0 ], [ 72.9742588, 19.8901725, 0.0 ], [ 72.9742588, 19.8906479, 0.0 ], [ 72.9741033, 19.8909375, 0.0 ], [ 72.9739153, 19.8910197, 0.0 ], [ 72.9738448, 19.8911019, 0.0 ], [ 72.9738095, 19.8913367, 0.0 ], [ 72.9737978, 19.8915832, 0.0 ], [ 72.973786, 19.8919824, 0.0 ], [ 72.973833, 19.8923816, 0.0 ], [ 72.9739388, 19.8927925, 0.0 ], [ 72.9739976, 19.8930625, 0.0 ], [ 72.9739388, 19.8934382, 0.0 ], [ 72.9739505, 19.8937082, 0.0 ], [ 72.9739035, 19.8940252, 0.0 ], [ 72.9737037, 19.8944713, 0.0 ], [ 72.9732678, 19.8953451, 0.0 ], [ 72.9731852, 19.8955722, 0.0 ], [ 72.9731738, 19.8956034, 0.0 ], [ 72.9730798, 19.8957678, 0.0 ], [ 72.972927, 19.8959087, 0.0 ], [ 72.9727742, 19.8960026, 0.0 ], [ 72.9726449, 19.8960143, 0.0 ], [ 72.9724451, 19.8959791, 0.0 ], [ 72.9723393, 19.8958617, 0.0 ], [ 72.9723393, 19.8956856, 0.0 ], [ 72.9723628, 19.8955682, 0.0 ], [ 72.9723276, 19.8954156, 0.0 ], [ 72.9722335, 19.8952512, 0.0 ], [ 72.9721513, 19.8951925, 0.0 ], [ 72.9719985, 19.8951221, 0.0 ], [ 72.9717634, 19.8950047, 0.0 ], [ 72.9716224, 19.894899, 0.0 ], [ 72.9713991, 19.8947699, 0.0 ], [ 72.9711875, 19.894629, 0.0 ], [ 72.9709877, 19.8944411, 0.0 ], [ 72.9707409, 19.8942533, 0.0 ], [ 72.9705999, 19.8941476, 0.0 ], [ 72.9704706, 19.8939598, 0.0 ], [ 72.9702943, 19.8937015, 0.0 ], [ 72.9701415, 19.8935841, 0.0 ], [ 72.9699417, 19.8935606, 0.0 ], [ 72.9696243, 19.8935606, 0.0 ], [ 72.9684084, 19.8938137, 0.0 ], [ 72.9682204, 19.8938724, 0.0 ], [ 72.9678678, 19.8939076, 0.0 ], [ 72.967621, 19.8938607, 0.0 ], [ 72.9672566, 19.8938137, 0.0 ], [ 72.9670568, 19.8936376, 0.0 ], [ 72.966857, 19.893485, 0.0 ], [ 72.9666572, 19.8933676, 0.0 ], [ 72.9665632, 19.8932619, 0.0 ], [ 72.9665044, 19.8929449, 0.0 ], [ 72.9666572, 19.8926514, 0.0 ], [ 72.9667865, 19.8924636, 0.0 ], [ 72.966951, 19.8922405, 0.0 ], [ 72.966962, 19.8916515, 0.0 ], [ 72.9669628, 19.8916066, 0.0 ], [ 72.9669393, 19.8912778, 0.0 ], [ 72.9668335, 19.8908904, 0.0 ], [ 72.9666572, 19.8907143, 0.0 ], [ 72.9663751, 19.8905617, 0.0 ], [ 72.9661988, 19.8905617, 0.0 ], [ 72.9658345, 19.8905969, 0.0 ], [ 72.9647062, 19.8908787, 0.0 ], [ 72.9646004, 19.8908669, 0.0 ], [ 72.9643771, 19.8907848, 0.0 ], [ 72.9641185, 19.8906908, 0.0 ], [ 72.9638717, 19.8906087, 0.0 ], [ 72.9636131, 19.8904208, 0.0 ], [ 72.9634603, 19.890139, 0.0 ], [ 72.9633193, 19.8899629, 0.0 ], [ 72.9631665, 19.889869, 0.0 ], [ 72.962955, 19.8898338, 0.0 ], [ 72.9626684, 19.8898411, 0.0 ], [ 72.9620265, 19.8898573, 0.0 ], [ 72.9618972, 19.8899512, 0.0 ], [ 72.9618031, 19.8900569, 0.0 ], [ 72.9618031, 19.8901977, 0.0 ], [ 72.9618737, 19.8904091, 0.0 ], [ 72.9621205, 19.8906674, 0.0 ], [ 72.9622968, 19.8909609, 0.0 ], [ 72.9623791, 19.8913131, 0.0 ], [ 72.9623438, 19.8915126, 0.0 ], [ 72.9621322, 19.8916418, 0.0 ], [ 72.9617444, 19.8916183, 0.0 ], [ 72.9608212, 19.8913466, 0.0 ], [ 72.9601748, 19.8909357, 0.0 ], [ 72.9598339, 19.8908301, 0.0 ], [ 72.9595518, 19.8907596, 0.0 ], [ 72.9593755, 19.8906657, 0.0 ], [ 72.9592815, 19.8905366, 0.0 ], [ 72.9592463, 19.8902313, 0.0 ], [ 72.9592271, 19.8901278, 0.0 ], [ 72.9591875, 19.8899143, 0.0 ], [ 72.9591052, 19.88975, 0.0 ], [ 72.9590229, 19.8896443, 0.0 ], [ 72.9589172, 19.8895739, 0.0 ], [ 72.9587409, 19.8895739, 0.0 ], [ 72.9585528, 19.8896443, 0.0 ], [ 72.958306, 19.88975, 0.0 ], [ 72.9578476, 19.8899378, 0.0 ], [ 72.957448, 19.8900083, 0.0 ], [ 72.9571072, 19.8898791, 0.0 ], [ 72.9566018, 19.8895386, 0.0 ], [ 72.9563432, 19.8892099, 0.0 ], [ 72.9562492, 19.8889869, 0.0 ], [ 72.9562374, 19.8887168, 0.0 ], [ 72.9561166, 19.8877477, 0.0 ], [ 72.9561283, 19.8874189, 0.0 ], [ 72.9561518, 19.8871841, 0.0 ], [ 72.9561871, 19.8869845, 0.0 ], [ 72.9561518, 19.8868319, 0.0 ], [ 72.9561048, 19.8867145, 0.0 ], [ 72.9557522, 19.8865384, 0.0 ], [ 72.9554466, 19.8863506, 0.0 ], [ 72.9553056, 19.8862684, 0.0 ], [ 72.9551881, 19.8861158, 0.0 ], [ 72.9551528, 19.8859632, 0.0 ], [ 72.955094, 19.8857871, 0.0 ], [ 72.9550353, 19.8856462, 0.0 ], [ 72.954906, 19.885564, 0.0 ], [ 72.9545534, 19.8854583, 0.0 ], [ 72.9538699, 19.8851498, 0.0 ], [ 72.9536113, 19.8850324, 0.0 ], [ 72.9534585, 19.8849502, 0.0 ], [ 72.9532, 19.8849385, 0.0 ], [ 72.9529179, 19.8849267, 0.0 ], [ 72.9527533, 19.884915, 0.0 ], [ 72.9526123, 19.8848915, 0.0 ], [ 72.9524007, 19.8848915, 0.0 ], [ 72.9521892, 19.8849854, 0.0 ], [ 72.9509316, 19.8858777, 0.0 ], [ 72.9500266, 19.8862651, 0.0 ], [ 72.949815, 19.886406, 0.0 ], [ 72.9496388, 19.8864295, 0.0 ], [ 72.9493802, 19.8863943, 0.0 ], [ 72.9491334, 19.8863003, 0.0 ], [ 72.9489101, 19.8861829, 0.0 ], [ 72.9486162, 19.8859599, 0.0 ], [ 72.9484282, 19.8857368, 0.0 ], [ 72.9482871, 19.885549, 0.0 ], [ 72.9480991, 19.8853142, 0.0 ], [ 72.9480051, 19.8850207, 0.0 ], [ 72.9478758, 19.8847272, 0.0 ], [ 72.947723, 19.8845041, 0.0 ], [ 72.9475467, 19.8842458, 0.0 ], [ 72.9471543, 19.8837709, 0.0 ], [ 72.9470367, 19.8835478, 0.0 ], [ 72.9469427, 19.8833013, 0.0 ], [ 72.9469192, 19.8830665, 0.0 ], [ 72.9469074, 19.8828082, 0.0 ], [ 72.9468839, 19.8826203, 0.0 ], [ 72.9468487, 19.8823973, 0.0 ], [ 72.9467429, 19.8822212, 0.0 ], [ 72.9465901, 19.882092, 0.0 ], [ 72.9464608, 19.8819981, 0.0 ], [ 72.9462845, 19.8819746, 0.0 ], [ 72.946073, 19.8820333, 0.0 ], [ 72.9458732, 19.8821977, 0.0 ], [ 72.9456734, 19.8823738, 0.0 ], [ 72.9453208, 19.8825147, 0.0 ], [ 72.9450505, 19.8825382, 0.0 ], [ 72.944404, 19.8826203, 0.0 ], [ 72.9439456, 19.8826321, 0.0 ], [ 72.9437811, 19.8826321, 0.0 ], [ 72.9436048, 19.8825851, 0.0 ], [ 72.9434755, 19.882456, 0.0 ], [ 72.9432875, 19.8822094, 0.0 ], [ 72.9431112, 19.8820568, 0.0 ], [ 72.9426763, 19.8818455, 0.0 ], [ 72.9424765, 19.8814581, 0.0 ], [ 72.9424765, 19.8813524, 0.0 ], [ 72.9425235, 19.8811998, 0.0 ], [ 72.9427116, 19.8808241, 0.0 ], [ 72.9429114, 19.8804836, 0.0 ], [ 72.9430054, 19.8803075, 0.0 ], [ 72.9430962, 19.8799015, 0.0 ], [ 72.9430962, 19.8796314, 0.0 ], [ 72.943061, 19.8793966, 0.0 ], [ 72.9430727, 19.879197, 0.0 ], [ 72.9431197, 19.878974, 0.0 ], [ 72.9431785, 19.8788096, 0.0 ], [ 72.9431432, 19.8785866, 0.0 ], [ 72.9430727, 19.8783165, 0.0 ], [ 72.9429552, 19.8779996, 0.0 ], [ 72.9428494, 19.8775652, 0.0 ], [ 72.9428964, 19.8774712, 0.0 ], [ 72.9429669, 19.8773891, 0.0 ], [ 72.943155, 19.8772717, 0.0 ], [ 72.9433078, 19.8771308, 0.0 ], [ 72.9433313, 19.8769899, 0.0 ], [ 72.943343, 19.8768725, 0.0 ], [ 72.9433539, 19.8761839, 0.0 ], [ 72.9433539, 19.8758669, 0.0 ], [ 72.9433539, 19.8756556, 0.0 ], [ 72.943401, 19.8754442, 0.0 ], [ 72.9435773, 19.8752212, 0.0 ], [ 72.9437183, 19.8748455, 0.0 ], [ 72.9437418, 19.8747164, 0.0 ], [ 72.9436595, 19.8745403, 0.0 ], [ 72.943542, 19.8744111, 0.0 ], [ 72.9428956, 19.8736715, 0.0 ], [ 72.9426605, 19.8733193, 0.0 ], [ 72.9424019, 19.8730023, 0.0 ], [ 72.9418848, 19.8726031, 0.0 ], [ 72.9414251, 19.8722541, 0.0 ], [ 72.9412606, 19.8720075, 0.0 ], [ 72.941096, 19.8717258, 0.0 ], [ 72.940955, 19.8715732, 0.0 ], [ 72.9407905, 19.8714675, 0.0 ], [ 72.9405789, 19.8713736, 0.0 ], [ 72.9402498, 19.8712914, 0.0 ], [ 72.9399207, 19.8712797, 0.0 ], [ 72.9396504, 19.871221, 0.0 ], [ 72.9394036, 19.8711153, 0.0 ], [ 72.9391803, 19.8709627, 0.0 ], [ 72.9389687, 19.8707279, 0.0 ], [ 72.9388512, 19.8704461, 0.0 ], [ 72.9387219, 19.8700352, 0.0 ], [ 72.9385103, 19.8696947, 0.0 ], [ 72.9380872, 19.8684151, 0.0 ], [ 72.9375673, 19.8674468, 0.0 ], [ 72.937438, 19.8671768, 0.0 ], [ 72.9372852, 19.8670007, 0.0 ], [ 72.9370737, 19.8667541, 0.0 ], [ 72.9368504, 19.8666015, 0.0 ], [ 72.936486, 19.8663784, 0.0 ], [ 72.9362039, 19.8662258, 0.0 ], [ 72.9358749, 19.866038, 0.0 ], [ 72.9355575, 19.8659441, 0.0 ], [ 72.9353577, 19.8659323, 0.0 ], [ 72.9350992, 19.8660145, 0.0 ], [ 72.9348993, 19.8662023, 0.0 ], [ 72.934723, 19.8663902, 0.0 ], [ 72.9345232, 19.8665546, 0.0 ], [ 72.9343822, 19.866848, 0.0 ], [ 72.934441, 19.866942, 0.0 ], [ 72.9345115, 19.8672003, 0.0 ], [ 72.9344645, 19.8675877, 0.0 ], [ 72.9344292, 19.8677755, 0.0 ], [ 72.934347, 19.8680338, 0.0 ], [ 72.9341824, 19.8683273, 0.0 ], [ 72.9339826, 19.8685151, 0.0 ], [ 72.9338063, 19.8685504, 0.0 ], [ 72.933583, 19.8685504, 0.0 ], [ 72.9333009, 19.8684682, 0.0 ], [ 72.9330894, 19.8683508, 0.0 ], [ 72.9328543, 19.8682921, 0.0 ], [ 72.9324077, 19.8682451, 0.0 ], [ 72.9321373, 19.8682803, 0.0 ], [ 72.9314909, 19.8682803, 0.0 ], [ 72.9311736, 19.8682216, 0.0 ], [ 72.930915, 19.8680338, 0.0 ], [ 72.9306917, 19.8678577, 0.0 ], [ 72.9303039, 19.867799, 0.0 ], [ 72.929916, 19.867846, 0.0 ], [ 72.9289713, 19.8682921, 0.0 ], [ 72.928654, 19.8685504, 0.0 ], [ 72.9284777, 19.8687265, 0.0 ], [ 72.9282897, 19.8687852, 0.0 ], [ 72.9281016, 19.868797, 0.0 ], [ 72.9280193, 19.86875, 0.0 ], [ 72.9278783, 19.8686561, 0.0 ], [ 72.9277608, 19.8684683, 0.0 ], [ 72.927702, 19.8681513, 0.0 ], [ 72.9274787, 19.8674469, 0.0 ], [ 72.9273024, 19.8669186, 0.0 ], [ 72.9270556, 19.8666603, 0.0 ], [ 72.926891, 19.8665546, 0.0 ], [ 72.9265972, 19.8664959, 0.0 ], [ 72.9261388, 19.8664724, 0.0 ], [ 72.924846, 19.8663668, 0.0 ], [ 72.9240703, 19.8661672, 0.0 ], [ 72.9235414, 19.8660498, 0.0 ], [ 72.9232711, 19.8659793, 0.0 ], [ 72.9229537, 19.8658854, 0.0 ], [ 72.9220668, 19.8654938, 0.0 ], [ 72.9218814, 19.8653986, 0.0 ], [ 72.9216555, 19.8652825, 0.0 ], [ 72.9214204, 19.8651299, 0.0 ], [ 72.9212676, 19.864989, 0.0 ], [ 72.9211383, 19.8648012, 0.0 ], [ 72.9210678, 19.8645429, 0.0 ], [ 72.9210678, 19.8642024, 0.0 ], [ 72.9210443, 19.8639207, 0.0 ], [ 72.9210325, 19.8636389, 0.0 ], [ 72.921009, 19.8633924, 0.0 ], [ 72.9209738, 19.8631928, 0.0 ], [ 72.9208562, 19.8630049, 0.0 ], [ 72.9206917, 19.8628406, 0.0 ], [ 72.9205171, 19.862752, 0.0 ], [ 72.9202658, 19.8626247, 0.0 ], [ 72.9200896, 19.8626129, 0.0 ], [ 72.9198192, 19.8626129, 0.0 ], [ 72.9195607, 19.8626716, 0.0 ], [ 72.9192786, 19.8627421, 0.0 ], [ 72.9187027, 19.8627538, 0.0 ], [ 72.9184911, 19.8627421, 0.0 ], [ 72.9182443, 19.8626716, 0.0 ], [ 72.9180563, 19.8625777, 0.0 ], [ 72.9176919, 19.8623899, 0.0 ], [ 72.9174921, 19.862249, 0.0 ], [ 72.9173746, 19.862249, 0.0 ], [ 72.9172453, 19.8623194, 0.0 ], [ 72.9170925, 19.8624251, 0.0 ], [ 72.9169397, 19.8626129, 0.0 ], [ 72.9168339, 19.8630003, 0.0 ], [ 72.9166576, 19.86401, 0.0 ], [ 72.9165566, 19.8642498, 0.0 ], [ 72.9164696, 19.8644561, 0.0 ], [ 72.9160465, 19.8651957, 0.0 ], [ 72.9155763, 19.8658297, 0.0 ], [ 72.9148097, 19.8665391, 0.0 ], [ 72.9143396, 19.8668209, 0.0 ], [ 72.9140458, 19.8669265, 0.0 ], [ 72.9137754, 19.8669735, 0.0 ], [ 72.9137347, 19.8669735, 0.0 ], [ 72.9135639, 19.8669735, 0.0 ], [ 72.9131878, 19.8668678, 0.0 ], [ 72.9126589, 19.8667152, 0.0 ], [ 72.9122828, 19.8665391, 0.0 ], [ 72.9122475, 19.866524, 0.0 ], [ 72.9119537, 19.8663982, 0.0 ], [ 72.9116599, 19.8663161, 0.0 ], [ 72.9112015, 19.8663043, 0.0 ], [ 72.9108959, 19.866363, 0.0 ], [ 72.9102965, 19.8664804, 0.0 ], [ 72.9092387, 19.866633, 0.0 ], [ 72.908604, 19.866633, 0.0 ], [ 72.9083102, 19.8665861, 0.0 ], [ 72.9080751, 19.8665274, 0.0 ], [ 72.9076353, 19.8662926, 0.0 ], [ 72.9074002, 19.8660226, 0.0 ], [ 72.9071769, 19.865823, 0.0 ], [ 72.9068478, 19.8654943, 0.0 ], [ 72.9067186, 19.8653182, 0.0 ], [ 72.9065657, 19.8651186, 0.0 ], [ 72.9064012, 19.8648955, 0.0 ], [ 72.9061544, 19.8645903, 0.0 ], [ 72.9058841, 19.864332, 0.0 ], [ 72.9057548, 19.8640972, 0.0 ], [ 72.9055315, 19.8638859, 0.0 ], [ 72.9053787, 19.8636863, 0.0 ], [ 72.9052612, 19.8634045, 0.0 ], [ 72.9051906, 19.8630523, 0.0 ], [ 72.9052217, 19.8626335, 0.0 ], [ 72.9052334, 19.8625043, 0.0 ], [ 72.9051982, 19.8623047, 0.0 ], [ 72.9050689, 19.8620817, 0.0 ], [ 72.9048454, 19.8618048, 0.0 ], [ 72.9047751, 19.8617177, 0.0 ], [ 72.904634, 19.8615181, 0.0 ], [ 72.904493, 19.8613303, 0.0 ], [ 72.9043049, 19.8612012, 0.0 ], [ 72.9041522, 19.8611894, 0.0 ], [ 72.903682, 19.8612599, 0.0 ], [ 72.903088, 19.861218, 0.0 ], [ 72.902683, 19.8611894, 0.0 ], [ 72.9019543, 19.8611659, 0.0 ], [ 72.9015782, 19.8611659, 0.0 ], [ 72.9010493, 19.8611777, 0.0 ], [ 72.9008378, 19.8610251, 0.0 ], [ 72.9005792, 19.8609076, 0.0 ], [ 72.9003324, 19.8609194, 0.0 ], [ 72.8999445, 19.8609664, 0.0 ], [ 72.89978, 19.8611072, 0.0 ], [ 72.8994861, 19.8614242, 0.0 ], [ 72.8988044, 19.8621051, 0.0 ], [ 72.8977819, 19.8625982, 0.0 ], [ 72.897253, 19.8628448, 0.0 ], [ 72.8968182, 19.8628917, 0.0 ], [ 72.8962658, 19.8629152, 0.0 ], [ 72.8954259, 19.8629506, 0.0 ], [ 72.8946855, 19.8626806, 0.0 ], [ 72.8944269, 19.8625866, 0.0 ], [ 72.8940038, 19.8625514, 0.0 ], [ 72.8937452, 19.8625749, 0.0 ], [ 72.8935219, 19.8626688, 0.0 ], [ 72.8933104, 19.8627745, 0.0 ], [ 72.8931576, 19.8629036, 0.0 ], [ 72.892899, 19.8629975, 0.0 ], [ 72.8927697, 19.8630093, 0.0 ], [ 72.8926169, 19.8629858, 0.0 ], [ 72.8921067, 19.8629259, 0.0 ] ] ] } },
{ "type": "Feature", "properties": { "objectid": 28451, "rivname": "Surya R", "rilcode": null, "st_length_": 12.0004, "bacode": 14, "ba_name": "West flowing rivers from Tapi to Tadri", "sub_basin": "Bhatsol and others", "remarks": null }, "geometry": { "type": "MultiLineString", "coordinates": [ [ [ 72.9809844, 19.9882027, 0.0 ], [ 72.981107, 19.9878479, 0.0 ], [ 72.9812299, 19.9874842, 0.0 ], [ 72.9813577, 19.987116, 0.0 ], [ 72.9814235, 19.9867376, 0.0 ], [ 72.981558, 19.9862792, 0.0 ], [ 72.9817337, 19.9859029, 0.0 ], [ 72.9819478, 19.9855228, 0.0 ], [ 72.9820413, 19.9851901, 0.0 ], [ 72.9821466, 19.9849661, 0.0 ], [ 72.982165, 19.9849251, 0.0 ], [ 72.9823228, 19.9845718, 0.0 ], [ 72.9823906, 19.98432, 0.0 ], [ 72.9824044, 19.9841304, 0.0 ], [ 72.9823467, 19.9837134, 0.0 ], [ 72.9823381, 19.9832384, 0.0 ], [ 72.9822558, 19.9828525, 0.0 ], [ 72.9821357, 19.9824523, 0.0 ], [ 72.9819482, 19.9820598, 0.0 ], [ 72.9818013, 19.9817901, 0.0 ], [ 72.9817482, 19.9815947, 0.0 ], [ 72.9816642, 19.9812857, 0.0 ], [ 72.9816113, 19.9810856, 0.0 ], [ 72.9815567, 19.980958, 0.0 ], [ 72.9815178, 19.9807764, 0.0 ], [ 72.9814882, 19.9805994, 0.0 ], [ 72.9814876, 19.9804096, 0.0 ], [ 72.9814661, 19.9800881, 0.0 ], [ 72.9813973, 19.9797432, 0.0 ], [ 72.9812865, 19.9795647, 0.0 ], [ 72.9809795, 19.9791743, 0.0 ], [ 72.9807658, 19.9788943, 0.0 ], [ 72.980566, 19.9786326, 0.0 ], [ 72.980396, 19.9783218, 0.0 ], [ 72.9803421, 19.9781625, 0.0 ], [ 72.9803137, 19.9779359, 0.0 ], [ 72.9803003, 19.9774654, 0.0 ], [ 72.9803095, 19.9770497, 0.0 ], [ 72.9803239, 19.976833, 0.0 ], [ 72.9803028, 19.976706, 0.0 ], [ 72.9801913, 19.9765591, 0.0 ], [ 72.9799683, 19.9762653, 0.0 ], [ 72.9798412, 19.9759599, 0.0 ], [ 72.9797221, 19.9757224, 0.0 ], [ 72.9795646, 19.9752808, 0.0 ], [ 72.9795505, 19.9750544, 0.0 ], [ 72.9795377, 19.9745569, 0.0 ], [ 72.9795221, 19.9741813, 0.0 ], [ 72.9794689, 19.9739904, 0.0 ], [ 72.9793715, 19.9738573, 0.0 ], [ 72.9792681, 19.9737785, 0.0 ], [ 72.9791581, 19.9737807, 0.0 ], [ 72.97876, 19.9738317, 0.0 ], [ 72.978177, 19.9738155, 0.0 ], [ 72.9779967, 19.9737531, 0.0 ], [ 72.9778512, 19.9736282, 0.0 ], [ 72.9777069, 19.9734535, 0.0 ], [ 72.9775972, 19.9732252, 0.0 ], [ 72.9775809, 19.9730983, 0.0 ], [ 72.9775314, 19.9727448, 0.0 ], [ 72.9773936, 19.9724889, 0.0 ], [ 72.9775475, 19.9722342, 0.0 ], [ 72.9775274, 19.9720665, 0.0 ], [ 72.9774986, 19.9718535, 0.0 ], [ 72.9774408, 19.9716579, 0.0 ], [ 72.9773266, 19.971416, 0.0 ], [ 72.9772684, 19.9712385, 0.0 ], [ 72.977272, 19.9710759, 0.0 ], [ 72.9773141, 19.9709049, 0.0 ], [ 72.9774138, 19.9707215, 0.0 ], [ 72.9776044, 19.9705355, 0.0 ], [ 72.9779154, 19.9703156, 0.0 ], [ 72.9782302, 19.970132, 0.0 ], [ 72.9785495, 19.9699666, 0.0 ], [ 72.9787346, 19.9698165, 0.0 ], [ 72.9788916, 19.9696388, 0.0 ], [ 72.9790206, 19.9694244, 0.0 ], [ 72.9791163, 19.9692092, 0.0 ], [ 72.9791492, 19.96902, 0.0 ], [ 72.9791886, 19.968754, 0.0 ], [ 72.9792673, 19.9684391, 0.0 ], [ 72.9793498, 19.9681696, 0.0 ], [ 72.9794652, 19.9679277, 0.0 ], [ 72.9795944, 19.9677087, 0.0 ], [ 72.9797863, 19.9674639, 0.0 ], [ 72.9799719, 19.9672868, 0.0 ], [ 72.9803234, 19.9669637, 0.0 ], [ 72.9808761, 19.9660403, 0.0 ], [ 72.9809448, 19.9658292, 0.0 ], [ 72.9809048, 19.9656426, 0.0 ], [ 72.9807448, 19.9653362, 0.0 ], [ 72.980558, 19.9649765, 0.0 ], [ 72.9804486, 19.9646685, 0.0 ], [ 72.9804113, 19.9645634, 0.0 ], [ 72.9803713, 19.9640039, 0.0 ], [ 72.9803713, 19.9630979, 0.0 ], [ 72.980398, 19.9626848, 0.0 ], [ 72.9805047, 19.9623118, 0.0 ], [ 72.9806247, 19.9621519, 0.0 ], [ 72.9808114, 19.9620986, 0.0 ], [ 72.9811049, 19.9621253, 0.0 ], [ 72.9813583, 19.9622052, 0.0 ], [ 72.9815584, 19.9621919, 0.0 ], [ 72.9816517, 19.9621519, 0.0 ], [ 72.9816517, 19.961992, 0.0 ], [ 72.9815317, 19.9617789, 0.0 ], [ 72.9814517, 19.961579, 0.0 ], [ 72.9815584, 19.9614191, 0.0 ], [ 72.9817451, 19.9613792, 0.0 ], [ 72.9819985, 19.9614858, 0.0 ], [ 72.9822386, 19.961659, 0.0 ], [ 72.982532, 19.9616723, 0.0 ], [ 72.9826921, 19.961659, 0.0 ], [ 72.9827988, 19.9615657, 0.0 ], [ 72.9827988, 19.9614591, 0.0 ], [ 72.982532, 19.9608128, 0.0 ], [ 72.9825187, 19.9605996, 0.0 ], [ 72.9827721, 19.9605197, 0.0 ], [ 72.9830922, 19.9604264, 0.0 ], [ 72.9835057, 19.9603065, 0.0 ], [ 72.9837191, 19.9602532, 0.0 ], [ 72.9837591, 19.9601067, 0.0 ], [ 72.9836791, 19.9598535, 0.0 ], [ 72.9835057, 19.959627, 0.0 ], [ 72.9833457, 19.9594805, 0.0 ], [ 72.9833857, 19.9592407, 0.0 ], [ 72.9835591, 19.9590674, 0.0 ], [ 72.9837191, 19.9588543, 0.0 ], [ 72.9837058, 19.9586011, 0.0 ], [ 72.9836924, 19.958308, 0.0 ], [ 72.9837191, 19.9581082, 0.0 ], [ 72.9838792, 19.9578683, 0.0 ], [ 72.9840926, 19.9577484, 0.0 ], [ 72.9846271, 19.9576631, 0.0 ], [ 72.9848539, 19.9574233, 0.0 ], [ 72.9849472, 19.9571302, 0.0 ], [ 72.9850673, 19.9568637, 0.0 ], [ 72.9852673, 19.9566506, 0.0 ], [ 72.9855474, 19.9562376, 0.0 ], [ 72.9857475, 19.9559711, 0.0 ], [ 72.9858942, 19.9558112, 0.0 ], [ 72.9861343, 19.9558778, 0.0 ], [ 72.9863611, 19.9559844, 0.0 ], [ 72.9866412, 19.9559977, 0.0 ], [ 72.9868813, 19.9559578, 0.0 ], [ 72.9869613, 19.9557979, 0.0 ], [ 72.9869746, 19.9555048, 0.0 ], [ 72.9869746, 19.9552916, 0.0 ], [ 72.9868813, 19.9550651, 0.0 ], [ 72.9867212, 19.9547853, 0.0 ], [ 72.9866286, 19.9539647, 0.0 ], [ 72.9866275, 19.9539577, 0.0 ], [ 72.9865886, 19.9537115, 0.0 ], [ 72.9866286, 19.953525, 0.0 ], [ 72.986682, 19.9533118, 0.0 ], [ 72.986642, 19.9531253, 0.0 ], [ 72.9864686, 19.9530454, 0.0 ], [ 72.9862151, 19.953032, 0.0 ], [ 72.985855, 19.953032, 0.0 ], [ 72.9856816, 19.9528588, 0.0 ], [ 72.985695, 19.9524591, 0.0 ], [ 72.9857623, 19.9522521, 0.0 ], [ 72.9858684, 19.9519262, 0.0 ], [ 72.9859484, 19.9514466, 0.0 ], [ 72.9859884, 19.9509003, 0.0 ], [ 72.9860339, 19.9508589, 0.0 ], [ 72.98619, 19.9507167, 0.0 ], [ 72.98627, 19.9504502, 0.0 ], [ 72.9862834, 19.9503436, 0.0 ], [ 72.9862834, 19.9500505, 0.0 ], [ 72.9862834, 19.9497574, 0.0 ], [ 72.9862033, 19.9496108, 0.0 ], [ 72.9860833, 19.9495442, 0.0 ], [ 72.9859366, 19.949451, 0.0 ], [ 72.9858832, 19.9492778, 0.0 ], [ 72.9859499, 19.9491312, 0.0 ], [ 72.9860326, 19.9490261, 0.0 ], [ 72.9860966, 19.9489447, 0.0 ], [ 72.9862567, 19.9486915, 0.0 ], [ 72.9862567, 19.9483851, 0.0 ], [ 72.9862567, 19.9480254, 0.0 ], [ 72.9862434, 19.9478255, 0.0 ], [ 72.9862567, 19.9475857, 0.0 ], [ 72.9862967, 19.9473192, 0.0 ], [ 72.9863501, 19.9471061, 0.0 ], [ 72.9863634, 19.9469462, 0.0 ], [ 72.9862567, 19.9467197, 0.0 ], [ 72.9860566, 19.9464799, 0.0 ], [ 72.9858832, 19.9462933, 0.0 ], [ 72.9856831, 19.9460668, 0.0 ], [ 72.9855364, 19.945867, 0.0 ], [ 72.9854964, 19.9456671, 0.0 ], [ 72.9854964, 19.945414, 0.0 ], [ 72.9854564, 19.9451609, 0.0 ], [ 72.985283, 19.9449344, 0.0 ], [ 72.9848678, 19.9443554, 0.0 ], [ 72.9846544, 19.9441688, 0.0 ], [ 72.9844544, 19.9441022, 0.0 ], [ 72.9841476, 19.9440223, 0.0 ], [ 72.9840542, 19.9438357, 0.0 ], [ 72.9840809, 19.943516, 0.0 ], [ 72.9840809, 19.9435064, 0.0 ], [ 72.9840809, 19.9431429, 0.0 ], [ 72.9839875, 19.9427432, 0.0 ], [ 72.9839875, 19.9424768, 0.0 ], [ 72.9840005, 19.9421499, 0.0 ], [ 72.9842005, 19.9418302, 0.0 ], [ 72.9844406, 19.941697, 0.0 ], [ 72.984534, 19.9416037, 0.0 ], [ 72.9846007, 19.9411907, 0.0 ], [ 72.9845874, 19.9409642, 0.0 ], [ 72.9846807, 19.9408176, 0.0 ], [ 72.9848808, 19.9407377, 0.0 ], [ 72.9852809, 19.9406844, 0.0 ], [ 72.985561, 19.9406844, 0.0 ], [ 72.9858545, 19.9406577, 0.0 ], [ 72.9861612, 19.940711, 0.0 ], [ 72.986388, 19.9407643, 0.0 ], [ 72.9866414, 19.9407643, 0.0 ], [ 72.9869349, 19.940751, 0.0 ], [ 72.9872283, 19.9405378, 0.0 ], [ 72.9884687, 19.9396185, 0.0 ], [ 72.9885286, 19.9395702, 0.0 ] ], [ [ 72.9885632, 19.9396442, 0.0 ], [ 72.9885286, 19.9395702, 0.0 ] ], [ [ 72.9885286, 19.9395702, 0.0 ], [ 72.9888155, 19.9393387, 0.0 ], [ 72.9889889, 19.9391922, 0.0 ], [ 72.9890823, 19.9390589, 0.0 ], [ 72.9891623, 19.9388857, 0.0 ], [ 72.9891756, 19.9387259, 0.0 ], [ 72.989149, 19.9385793, 0.0 ], [ 72.9891223, 19.938486, 0.0 ], [ 72.9890423, 19.938486, 0.0 ], [ 72.9889489, 19.9385393, 0.0 ], [ 72.9888555, 19.9385793, 0.0 ], [ 72.9887222, 19.9385926, 0.0 ], [ 72.9886155, 19.938566, 0.0 ], [ 72.9885621, 19.938526, 0.0 ], [ 72.9885221, 19.9383795, 0.0 ], [ 72.9885221, 19.9381396, 0.0 ], [ 72.9885944, 19.9378123, 0.0 ], [ 72.9887011, 19.9375858, 0.0 ], [ 72.9887411, 19.9374658, 0.0 ], [ 72.9887811, 19.9370928, 0.0 ], [ 72.9888878, 19.9367197, 0.0 ], [ 72.9888611, 19.9364133, 0.0 ], [ 72.9888211, 19.9362801, 0.0 ], [ 72.9886877, 19.9361069, 0.0 ], [ 72.988541, 19.935987, 0.0 ], [ 72.9883676, 19.9358138, 0.0 ], [ 72.9881142, 19.9356139, 0.0 ], [ 72.9878207, 19.9354807, 0.0 ], [ 72.987594, 19.9352941, 0.0 ], [ 72.9872605, 19.9351476, 0.0 ], [ 72.9870471, 19.9349344, 0.0 ], [ 72.9868604, 19.9347479, 0.0 ], [ 72.986727, 19.9345214, 0.0 ], [ 72.9866203, 19.9343082, 0.0 ], [ 72.9865641, 19.9338492, 0.0 ], [ 72.9864307, 19.9334096, 0.0 ], [ 72.9864307, 19.9331298, 0.0 ], [ 72.9864538, 19.9328522, 0.0 ], [ 72.9864574, 19.93281, 0.0 ], [ 72.9865107, 19.9324769, 0.0 ], [ 72.9865107, 19.9320506, 0.0 ], [ 72.986484, 19.9317974, 0.0 ], [ 72.9862973, 19.9316775, 0.0 ], [ 72.9860172, 19.9315176, 0.0 ], [ 72.9857371, 19.9312911, 0.0 ], [ 72.9854837, 19.9310247, 0.0 ], [ 72.9852703, 19.9308382, 0.0 ], [ 72.9849902, 19.9307049, 0.0 ], [ 72.9846567, 19.9306916, 0.0 ], [ 72.9838139, 19.9306167, 0.0 ], [ 72.9837072, 19.9305634, 0.0 ], [ 72.9836005, 19.9304701, 0.0 ], [ 72.9834938, 19.9303236, 0.0 ], [ 72.9834137, 19.9300438, 0.0 ], [ 72.9834271, 19.9298439, 0.0 ], [ 72.983446, 19.9296644, 0.0 ], [ 72.9834538, 19.9295908, 0.0 ], [ 72.9835871, 19.9293243, 0.0 ], [ 72.9836005, 19.9290445, 0.0 ], [ 72.9835471, 19.9287647, 0.0 ], [ 72.9834671, 19.9285382, 0.0 ], [ 72.9833337, 19.9282984, 0.0 ], [ 72.9832403, 19.9280053, 0.0 ], [ 72.9830803, 19.9276456, 0.0 ], [ 72.9829602, 19.9273391, 0.0 ], [ 72.9828268, 19.927046, 0.0 ], [ 72.9825316, 19.9262688, 0.0 ], [ 72.9824916, 19.926029, 0.0 ], [ 72.9824916, 19.9257892, 0.0 ], [ 72.9824783, 19.925616, 0.0 ], [ 72.9824116, 19.9255094, 0.0 ], [ 72.9823182, 19.9254694, 0.0 ], [ 72.9820648, 19.9254428, 0.0 ], [ 72.9819047, 19.9254561, 0.0 ], [ 72.9817847, 19.9255894, 0.0 ], [ 72.9816646, 19.9258425, 0.0 ], [ 72.9815313, 19.9260423, 0.0 ], [ 72.9814112, 19.9261889, 0.0 ], [ 72.9812378, 19.9263088, 0.0 ], [ 72.9810778, 19.9263355, 0.0 ], [ 72.9807977, 19.9263088, 0.0 ], [ 72.9806243, 19.9262688, 0.0 ], [ 72.9804776, 19.9261889, 0.0 ], [ 72.9803175, 19.9259491, 0.0 ], [ 72.9801441, 19.9257359, 0.0 ], [ 72.9798773, 19.9254028, 0.0 ], [ 72.9791437, 19.924337, 0.0 ], [ 72.9789837, 19.9241638, 0.0 ], [ 72.978837, 19.9240172, 0.0 ], [ 72.9786636, 19.9239373, 0.0 ], [ 72.9784368, 19.9239106, 0.0 ], [ 72.9782101, 19.9239239, 0.0 ], [ 72.9779967, 19.9239906, 0.0 ], [ 72.9778366, 19.9240971, 0.0 ], [ 72.9776632, 19.9241904, 0.0 ], [ 72.9774765, 19.9242037, 0.0 ], [ 72.9773431, 19.9241904, 0.0 ], [ 72.977143, 19.9241371, 0.0 ], [ 72.9765914, 19.9236653, 0.0 ], [ 72.9763646, 19.9235187, 0.0 ], [ 72.9762045, 19.9233988, 0.0 ], [ 72.9760178, 19.9231857, 0.0 ], [ 72.9756844, 19.922786, 0.0 ], [ 72.9756444, 19.9225595, 0.0 ], [ 72.9756043, 19.9223463, 0.0 ], [ 72.9754576, 19.9221864, 0.0 ], [ 72.9752709, 19.9221331, 0.0 ], [ 72.9751242, 19.9219732, 0.0 ], [ 72.9749774, 19.9217467, 0.0 ], [ 72.9749641, 19.9215336, 0.0 ], [ 72.9750041, 19.9212671, 0.0 ], [ 72.9754038, 19.9205405, 0.0 ], [ 72.9754571, 19.920354, 0.0 ], [ 72.9754705, 19.9202474, 0.0 ], [ 72.9754571, 19.9200742, 0.0 ], [ 72.9753771, 19.919861, 0.0 ], [ 72.9752437, 19.9196611, 0.0 ], [ 72.9751504, 19.9193147, 0.0 ], [ 72.9751104, 19.9191016, 0.0 ], [ 72.9749236, 19.9188351, 0.0 ], [ 72.9747902, 19.9187019, 0.0 ], [ 72.9746569, 19.9185287, 0.0 ], [ 72.9745101, 19.9183555, 0.0 ], [ 72.9743901, 19.9181956, 0.0 ], [ 72.9743101, 19.9179824, 0.0 ], [ 72.97423, 19.9177692, 0.0 ], [ 72.9739619, 19.9174168, 0.0 ], [ 72.9738152, 19.9172436, 0.0 ], [ 72.9736951, 19.9170704, 0.0 ], [ 72.9735084, 19.9169105, 0.0 ], [ 72.973335, 19.9166973, 0.0 ], [ 72.9731616, 19.9164575, 0.0 ], [ 72.9729615, 19.916311, 0.0 ], [ 72.9727081, 19.9161911, 0.0 ], [ 72.9724413, 19.9161244, 0.0 ], [ 72.9722546, 19.9160179, 0.0 ], [ 72.9720145, 19.9158447, 0.0 ], [ 72.9717744, 19.9156182, 0.0 ], [ 72.9715477, 19.915445, 0.0 ], [ 72.9712276, 19.9153517, 0.0 ], [ 72.9709341, 19.9153917, 0.0 ], [ 72.9707474, 19.9154183, 0.0 ], [ 72.9704939, 19.9154183, 0.0 ], [ 72.9702405, 19.915405, 0.0 ], [ 72.9693804, 19.9152095, 0.0 ] ] ] } },
{ "type": "Feature", "properties": { "objectid": 28960, "rivname": "Kengri N", "rilcode": null, "st_length_": 26.8566, "bacode": 14, "ba_name": "West flowing rivers from Tapi to Tadri", "sub_basin": "Bhatsol and others", "remarks": null }, "geometry": { "type": "LineString", "coordinates": [ [ 73.4432587, 19.6748438, 0.0 ], [ 73.4433066, 19.6743427, 0.0 ], [ 73.4435221, 19.6735734, 0.0 ], [ 73.4436709, 19.6732821, 0.0 ], [ 73.4438328, 19.6728102, 0.0 ], [ 73.4439707, 19.6723514, 0.0 ], [ 73.444071, 19.6713674, 0.0 ], [ 73.4440905, 19.6708524, 0.0 ], [ 73.4440652, 19.6704359, 0.0 ], [ 73.4440701, 19.670427, 0.0 ], [ 73.4440598, 19.6702234, 0.0 ], [ 73.4439983, 19.669951, 0.0 ], [ 73.4439938, 19.6699374, 0.0 ], [ 73.4439892, 19.6699283, 0.0 ], [ 73.4437753, 19.6693956, 0.0 ], [ 73.4435266, 19.66893, 0.0 ], [ 73.4431312, 19.6683986, 0.0 ], [ 73.442703, 19.6678395, 0.0 ], [ 73.4423422, 19.6674941, 0.0 ], [ 73.4419446, 19.6670803, 0.0 ], [ 73.4415968, 19.6667983, 0.0 ], [ 73.4413475, 19.6666131, 0.0 ], [ 73.4411927, 19.6664748, 0.0 ], [ 73.4408834, 19.6661755, 0.0 ], [ 73.4407384, 19.6660283, 0.0 ], [ 73.4401946, 19.6657656, 0.0 ], [ 73.4394651, 19.665486, 0.0 ], [ 73.4389539, 19.6652646, 0.0 ], [ 73.4386882, 19.6651831, 0.0 ], [ 73.4383122, 19.6651267, 0.0 ], [ 73.4379253, 19.6651426, 0.0 ], [ 73.4374945, 19.6652074, 0.0 ], [ 73.4371637, 19.665283, 0.0 ], [ 73.4369333, 19.6653468, 0.0 ], [ 73.4363361, 19.6653816, 0.0 ], [ 73.4356952, 19.6654427, 0.0 ], [ 73.4351136, 19.6654144, 0.0 ], [ 73.4347709, 19.6653632, 0.0 ], [ 73.4345564, 19.6653504, 0.0 ], [ 73.4342518, 19.6653043, 0.0 ], [ 73.4341651, 19.6653435, 0.0 ], [ 73.4341024, 19.6653786, 0.0 ], [ 73.4338633, 19.665397, 0.0 ], [ 73.4335551, 19.6655408, 0.0 ], [ 73.4330397, 19.6657805, 0.0 ], [ 73.4324454, 19.6661544, 0.0 ], [ 73.4319848, 19.6662775, 0.0 ], [ 73.4319124, 19.6663168, 0.0 ], [ 73.4315534, 19.6663694, 0.0 ], [ 73.431153, 19.6663397, 0.0 ], [ 73.4307351, 19.6662329, 0.0 ], [ 73.4302177, 19.6660882, 0.0 ], [ 73.4297746, 19.6658046, 0.0 ], [ 73.4293491, 19.6653495, 0.0 ], [ 73.4291785, 19.6650436, 0.0 ], [ 73.4289448, 19.6643025, 0.0 ], [ 73.4287651, 19.6639784, 0.0 ], [ 73.4284896, 19.6636615, 0.0 ], [ 73.4281574, 19.6633256, 0.0 ], [ 73.4278433, 19.6632749, 0.0 ], [ 73.4276086, 19.6633205, 0.0 ], [ 73.4273155, 19.6634148, 0.0 ], [ 73.4271131, 19.6635198, 0.0 ], [ 73.4269215, 19.6635526, 0.0 ], [ 73.4265027, 19.663491, 0.0 ], [ 73.4261096, 19.6633349, 0.0 ], [ 73.4258015, 19.6632255, 0.0 ], [ 73.4255208, 19.6631799, 0.0 ], [ 73.42521, 19.6632106, 0.0 ], [ 73.4248264, 19.6632988, 0.0 ], [ 73.4245998, 19.6634124, 0.0 ], [ 73.424186, 19.6635859, 0.0 ], [ 73.4237713, 19.6638047, 0.0 ], [ 73.4234595, 19.6638807, 0.0 ], [ 73.423196, 19.6639303, 0.0 ], [ 73.4229679, 19.663881, 0.0 ], [ 73.4227686, 19.6638233, 0.0 ], [ 73.422562, 19.6636523, 0.0 ], [ 73.4222512, 19.6633968, 0.0 ], [ 73.4220314, 19.6632938, 0.0 ], [ 73.4214351, 19.6627626, 0.0 ], [ 73.4206222, 19.662285, 0.0 ], [ 73.4200167, 19.6619293, 0.0 ], [ 73.4199444, 19.6618868, 0.0 ], [ 73.419286, 19.6614945, 0.0 ], [ 73.4188429, 19.6607731, 0.0 ], [ 73.4185459, 19.6590914, 0.0 ], [ 73.418539, 19.659052, 0.0 ], [ 73.4180103, 19.6574162, 0.0 ], [ 73.4177582, 19.6571765, 0.0 ], [ 73.4176857, 19.6571076, 0.0 ], [ 73.417084, 19.6566881, 0.0 ], [ 73.416272, 19.6565471, 0.0 ], [ 73.4162568, 19.6565479, 0.0 ], [ 73.4161088, 19.6565498, 0.0 ], [ 73.4158769, 19.6564507, 0.0 ], [ 73.415664, 19.6563566, 0.0 ], [ 73.4153302, 19.6563462, 0.0 ], [ 73.4149666, 19.6563895, 0.0 ], [ 73.4145911, 19.6565502, 0.0 ], [ 73.4141772, 19.6569679, 0.0 ], [ 73.4138982, 19.6575643, 0.0 ], [ 73.4137335, 19.6581764, 0.0 ], [ 73.4135355, 19.6585346, 0.0 ], [ 73.4133518, 19.658658, 0.0 ], [ 73.4132211, 19.6587506, 0.0 ], [ 73.4129577, 19.6587957, 0.0 ], [ 73.4126957, 19.6587685, 0.0 ], [ 73.4121308, 19.6586138, 0.0 ], [ 73.41162, 19.6583787, 0.0 ], [ 73.4112285, 19.6581413, 0.0 ], [ 73.4108116, 19.6579847, 0.0 ], [ 73.4103844, 19.6578641, 0.0 ], [ 73.4099717, 19.6577347, 0.0 ], [ 73.4097973, 19.6576277, 0.0 ], [ 73.4096141, 19.6574753, 0.0 ], [ 73.4095176, 19.6572836, 0.0 ], [ 73.4093869, 19.656897, 0.0 ], [ 73.4094334, 19.6564728, 0.0 ], [ 73.4094681, 19.6561615, 0.0 ], [ 73.4094724, 19.6560757, 0.0 ], [ 73.4094838, 19.6558497, 0.0 ], [ 73.4094312, 19.6556137, 0.0 ], [ 73.4092052, 19.655456, 0.0 ], [ 73.4090234, 19.6554754, 0.0 ], [ 73.4089387, 19.6556593, 0.0 ], [ 73.4087431, 19.6561441, 0.0 ], [ 73.4085934, 19.6564716, 0.0 ], [ 73.408345, 19.6567249, 0.0 ], [ 73.4081984, 19.6568986, 0.0 ], [ 73.4081116, 19.6569423, 0.0 ], [ 73.4080159, 19.6569542, 0.0 ], [ 73.4080016, 19.656954, 0.0 ], [ 73.4078962, 19.6569747, 0.0 ], [ 73.4077502, 19.6568771, 0.0 ], [ 73.4076566, 19.6567851, 0.0 ], [ 73.4074559, 19.6565509, 0.0 ], [ 73.4071608, 19.65627, 0.0 ], [ 73.40671, 19.6558958, 0.0 ], [ 73.4061205, 19.6555327, 0.0 ], [ 73.4058606, 19.6553254, 0.0 ], [ 73.4054768, 19.6550194, 0.0 ], [ 73.4050632, 19.6546956, 0.0 ], [ 73.4047329, 19.6545181, 0.0 ], [ 73.4047326, 19.6545179, 0.0 ], [ 73.4045178, 19.6545187, 0.0 ], [ 73.4042048, 19.6546623, 0.0 ], [ 73.4038384, 19.6548458, 0.0 ], [ 73.403647, 19.6551137, 0.0 ], [ 73.4034452, 19.6554266, 0.0 ], [ 73.4032538, 19.65569, 0.0 ], [ 73.4030414, 19.6558173, 0.0 ], [ 73.4028008, 19.6558686, 0.0 ], [ 73.4025909, 19.6559133, 0.0 ], [ 73.4022962, 19.6558494, 0.0 ], [ 73.4019664, 19.6556311, 0.0 ], [ 73.4016357, 19.6554579, 0.0 ], [ 73.4016106, 19.6554516, 0.0 ], [ 73.4011913, 19.6557355, 0.0 ], [ 73.4006442, 19.6561282, 0.0 ], [ 73.4003393, 19.6563444, 0.0 ], [ 73.3996076, 19.6566615, 0.0 ], [ 73.3991333, 19.6567526, 0.0 ], [ 73.3987709, 19.6567371, 0.0 ], [ 73.3985039, 19.6567233, 0.0 ], [ 73.398311, 19.6566415, 0.0 ], [ 73.398059, 19.6565346, 0.0 ], [ 73.3976668, 19.6563333, 0.0 ], [ 73.397336, 19.6561646, 0.0 ], [ 73.3967594, 19.6558831, 0.0 ], [ 73.3960804, 19.6557038, 0.0 ], [ 73.3952346, 19.6555712, 0.0 ], [ 73.395105, 19.6555509, 0.0 ], [ 73.3947763, 19.6555224, 0.0 ], [ 73.3945476, 19.6555003, 0.0 ], [ 73.3943632, 19.6554111, 0.0 ], [ 73.3942785, 19.6553508, 0.0 ], [ 73.3940258, 19.6550932, 0.0 ], [ 73.3938778, 19.6548554, 0.0 ], [ 73.3938769, 19.6548485, 0.0 ], [ 73.3938237, 19.654452, 0.0 ], [ 73.393858, 19.6541678, 0.0 ], [ 73.3940383, 19.6534973, 0.0 ], [ 73.3941731, 19.6531967, 0.0 ], [ 73.394254, 19.6529676, 0.0 ], [ 73.3942426, 19.6528227, 0.0 ], [ 73.3941605, 19.6526223, 0.0 ], [ 73.3939919, 19.6524656, 0.0 ], [ 73.3936625, 19.6524688, 0.0 ], [ 73.3927044, 19.6526508, 0.0 ], [ 73.3916983, 19.6528409, 0.0 ], [ 73.3914932, 19.6528326, 0.0 ], [ 73.3913026, 19.6528248, 0.0 ], [ 73.3910076, 19.6527789, 0.0 ], [ 73.3905585, 19.6525629, 0.0 ], [ 73.3905139, 19.6524039, 0.0 ], [ 73.3904918, 19.6520735, 0.0 ], [ 73.3906133, 19.6517184, 0.0 ], [ 73.3908095, 19.6514551, 0.0 ], [ 73.3910681, 19.6511703, 0.0 ], [ 73.3914858, 19.650798, 0.0 ], [ 73.3917829, 19.6504957, 0.0 ], [ 73.391916, 19.6502811, 0.0 ], [ 73.3919621, 19.6501237, 0.0 ], [ 73.3921266, 19.6497649, 0.0 ], [ 73.3921567, 19.649693, 0.0 ], [ 73.3920761, 19.6494249, 0.0 ], [ 73.3915751, 19.6491763, 0.0 ], [ 73.3912805, 19.6491123, 0.0 ], [ 73.3906493, 19.6491735, 0.0 ], [ 73.3894243, 19.6495812, 0.0 ], [ 73.3884336, 19.6499616, 0.0 ], [ 73.3879031, 19.6502416, 0.0 ], [ 73.3876018, 19.6502724, 0.0 ], [ 73.3870752, 19.6501138, 0.0 ], [ 73.3866452, 19.6498982, 0.0 ], [ 73.3862796, 19.6498012, 0.0 ], [ 73.3860172, 19.6498011, 0.0 ], [ 73.3855814, 19.6501143, 0.0 ], [ 73.3850206, 19.6509635, 0.0 ], [ 73.384794, 19.6513121, 0.0 ], [ 73.3843892, 19.6519966, 0.0 ], [ 73.3842565, 19.6521888, 0.0 ], [ 73.3840439, 19.6523206, 0.0 ], [ 73.3838852, 19.652381, 0.0 ], [ 73.3838243, 19.6523212, 0.0 ], [ 73.3836609, 19.6521374, 0.0 ], [ 73.3836103, 19.6515623, 0.0 ], [ 73.3835603, 19.6504718, 0.0 ], [ 73.3836939, 19.648548, 0.0 ], [ 73.3838403, 19.6479041, 0.0 ], [ 73.3839916, 19.6472512, 0.0 ], [ 73.383992, 19.6467492, 0.0 ], [ 73.3839565, 19.6463734, 0.0 ], [ 73.3839757, 19.6461914, 0.0 ], [ 73.3838535, 19.6461493, 0.0 ], [ 73.3834617, 19.6460742, 0.0 ], [ 73.3832814, 19.6460396, 0.0 ], [ 73.3829701, 19.645955, 0.0 ], [ 73.3824318, 19.6458087, 0.0 ], [ 73.381863, 19.645653, 0.0 ], [ 73.3813323, 19.6453185, 0.0 ], [ 73.3807501, 19.6445312, 0.0 ], [ 73.380744, 19.6445213, 0.0 ], [ 73.3803525, 19.6438858, 0.0 ], [ 73.3802891, 19.6438312, 0.0 ], [ 73.3801395, 19.6437024, 0.0 ], [ 73.3798164, 19.6436511, 0.0 ], [ 73.3791556, 19.6436951, 0.0 ], [ 73.3776865, 19.6438759, 0.0 ], [ 73.3763067, 19.6440457, 0.0 ], [ 73.3757643, 19.6440079, 0.0 ], [ 73.3757438, 19.6440065, 0.0 ], [ 73.3754689, 19.643928, 0.0 ], [ 73.375338, 19.6438169, 0.0 ], [ 73.3752594, 19.6436796, 0.0 ], [ 73.3753052, 19.6432742, 0.0 ], [ 73.3754296, 19.6430977, 0.0 ], [ 73.3757866, 19.6427435, 0.0 ], [ 73.3766318, 19.6421289, 0.0 ], [ 73.3766318, 19.6418772, 0.0 ], [ 73.3765072, 19.6417601, 0.0 ], [ 73.3765058, 19.6417587, 0.0 ], [ 73.3762982, 19.6416994, 0.0 ], [ 73.3752158, 19.642003, 0.0 ], [ 73.3728858, 19.6426014, 0.0 ], [ 73.3718949, 19.6428559, 0.0 ], [ 73.3709758, 19.6429658, 0.0 ], [ 73.3703945, 19.6430353, 0.0 ], [ 73.3700141, 19.6430353, 0.0 ], [ 73.3696231, 19.6429614, 0.0 ], [ 73.3693378, 19.6427292, 0.0 ], [ 73.3690631, 19.6421277, 0.0 ], [ 73.3689417, 19.6413889, 0.0 ], [ 73.3688412, 19.6407768, 0.0 ], [ 73.3688059, 19.6398808, 0.0 ], [ 73.3689943, 19.6395139, 0.0 ], [ 73.3698326, 19.6389682, 0.0 ], [ 73.3702094, 19.6386201, 0.0 ], [ 73.3703507, 19.6381497, 0.0 ], [ 73.3702882, 19.6369454, 0.0 ], [ 73.3701539, 19.6359531, 0.0 ], [ 73.3699348, 19.635573, 0.0 ], [ 73.3693887, 19.6346256, 0.0 ], [ 73.368534, 19.6337285, 0.0 ], [ 73.3679139, 19.6330777, 0.0 ], [ 73.3676438, 19.6328904, 0.0 ], [ 73.3675299, 19.6328114, 0.0 ], [ 73.3671565, 19.6327261, 0.0 ], [ 73.3666657, 19.6327368, 0.0 ], [ 73.3659403, 19.633131, 0.0 ], [ 73.3654689, 19.6334673, 0.0 ], [ 73.3651188, 19.6337171, 0.0 ], [ 73.3647881, 19.633781, 0.0 ], [ 73.3644681, 19.633781, 0.0 ], [ 73.364308, 19.6337064, 0.0 ], [ 73.3642227, 19.6335039, 0.0 ], [ 73.364308, 19.6329392, 0.0 ], [ 73.3644254, 19.6319802, 0.0 ], [ 73.3644467, 19.6312024, 0.0 ], [ 73.363906, 19.6300408, 0.0 ], [ 73.3638805, 19.6294142, 0.0 ], [ 73.3641094, 19.6290078, 0.0 ], [ 73.3645163, 19.6286945, 0.0 ], [ 73.3656655, 19.6283871, 0.0 ], [ 73.3664336, 19.6280418, 0.0 ], [ 73.3665145, 19.6279505, 0.0 ], [ 73.3668753, 19.6275432, 0.0 ], [ 73.3670577, 19.6270733, 0.0 ], [ 73.3671648, 19.6260883, 0.0 ], [ 73.3670961, 19.6257454, 0.0 ], [ 73.3668825, 19.6254177, 0.0 ], [ 73.3658364, 19.6246593, 0.0 ], [ 73.3649895, 19.624081, 0.0 ], [ 73.364657, 19.6237082, 0.0 ], [ 73.364497, 19.6235287, 0.0 ], [ 73.3637884, 19.6232784, 0.0 ], [ 73.3633823, 19.6233129, 0.0 ], [ 73.363123, 19.6234596, 0.0 ], [ 73.3618185, 19.6252686, 0.0 ], [ 73.3615095, 19.6257418, 0.0 ], [ 73.360616, 19.6262724, 0.0 ], [ 73.3597254, 19.6266829, 0.0 ], [ 73.3593927, 19.6269859, 0.0 ], [ 73.3591972, 19.6273501, 0.0 ], [ 73.3588837, 19.6279341, 0.0 ], [ 73.3579757, 19.6293797, 0.0 ], [ 73.3572643, 19.6309401, 0.0 ], [ 73.3565669, 19.6322776, 0.0 ], [ 73.3555655, 19.6330553, 0.0 ], [ 73.3545288, 19.6334422, 0.0 ], [ 73.3541032, 19.6336766, 0.0 ], [ 73.3538304, 19.6340941, 0.0 ], [ 73.3540083, 19.6344922, 0.0 ], [ 73.3540083, 19.6349901, 0.0 ], [ 73.3540066, 19.6350229, 0.0 ], [ 73.3539834, 19.6354943, 0.0 ], [ 73.3536226, 19.6359303, 0.0 ], [ 73.3523407, 19.6363274, 0.0 ], [ 73.3508963, 19.6370672, 0.0 ], [ 73.3500296, 19.637356, 0.0 ], [ 73.3500269, 19.6373595, 0.0 ], [ 73.3488103, 19.6388998, 0.0 ], [ 73.3487324, 19.6389984, 0.0 ], [ 73.3485483, 19.6392315, 0.0 ], [ 73.3481259, 19.640306, 0.0 ], [ 73.3478928, 19.6406281, 0.0 ], [ 73.3476907, 19.6409073, 0.0 ], [ 73.3468332, 19.6410736, 0.0 ], [ 73.3458989, 19.641112, 0.0 ], [ 73.3453019, 19.6411354, 0.0 ], [ 73.3452461, 19.6411376, 0.0 ], [ 73.3445569, 19.6417787, 0.0 ], [ 73.3424884, 19.6437028, 0.0 ], [ 73.3423752, 19.6438189, 0.0 ], [ 73.3408157, 19.6454167, 0.0 ], [ 73.3405594, 19.6456794, 0.0 ], [ 73.3388869, 19.6473929, 0.0 ], [ 73.3385134, 19.6477756, 0.0 ], [ 73.3372533, 19.6490666, 0.0 ], [ 73.336218, 19.6511686, 0.0 ], [ 73.3355878, 19.652448, 0.0 ], [ 73.3353579, 19.6533001, 0.0 ], [ 73.3349632, 19.654763, 0.0 ], [ 73.3342866, 19.6556734, 0.0 ], [ 73.3317949, 19.6588388, 0.0 ], [ 73.3315656, 19.6590655, 0.0 ], [ 73.3306403, 19.6599801, 0.0 ], [ 73.3279713, 19.6626183, 0.0 ], [ 73.3259092, 19.6646565, 0.0 ], [ 73.3258669, 19.6646984, 0.0 ], [ 73.3241114, 19.6658094, 0.0 ], [ 73.3206052, 19.6680284, 0.0 ], [ 73.3194795, 19.6687408, 0.0 ], [ 73.315232, 19.6716825, 0.0 ], [ 73.3146298, 19.6716593, 0.0 ], [ 73.3134929, 19.6716156, 0.0 ], [ 73.3116534, 19.6711142, 0.0 ], [ 73.3102792, 19.6710043, 0.0 ], [ 73.3099811, 19.6709805, 0.0 ], [ 73.3092061, 19.6712129, 0.0 ], [ 73.30764, 19.6716825, 0.0 ], [ 73.3045917, 19.6725731, 0.0 ], [ 73.299022, 19.6736596, 0.0 ], [ 73.2981628, 19.6734482, 0.0 ], [ 73.2975614, 19.6731971, 0.0 ] ] } },
{ "type": "Feature", "properties": { "objectid": 29015, "rivname": "Dumda N", "rilcode": null, "st_length_": 23.475, "bacode": 14, "ba_name": "West flowing rivers from Tapi to Tadri", "sub_basin": "Bhatsol and others", "remarks": null }, "geometry": { "type": "LineString", "coordinates": [ [ 73.2600985, 19.497105, 0.0 ], [ 73.2599802, 19.4974615, 0.0 ], [ 73.2598887, 19.4977356, 0.0 ], [ 73.2598339, 19.4978477, 0.0 ], [ 73.2597839, 19.4979644, 0.0 ], [ 73.2596933, 19.4981978, 0.0 ], [ 73.2596289, 19.4983097, 0.0 ], [ 73.2595694, 19.4984261, 0.0 ], [ 73.259524, 19.4985428, 0.0 ], [ 73.2594788, 19.4986551, 0.0 ], [ 73.2594288, 19.4987717, 0.0 ], [ 73.2593876, 19.4989201, 0.0 ], [ 73.2593424, 19.4990324, 0.0 ], [ 73.259297, 19.4991491, 0.0 ], [ 73.2592232, 19.4992608, 0.0 ], [ 73.2591302, 19.4993766, 0.0 ], [ 73.2590563, 19.4994929, 0.0 ], [ 73.2589776, 19.4996089, 0.0 ], [ 73.2589037, 19.4997251, 0.0 ], [ 73.2586364, 19.5000008, 0.0 ], [ 73.2585676, 19.5000717, 0.0 ], [ 73.2583699, 19.5001811, 0.0 ], [ 73.2582494, 19.500242, 0.0 ], [ 73.2581386, 19.5002988, 0.0 ], [ 73.2581049, 19.5003118, 0.0 ], [ 73.2579603, 19.500386, 0.0 ], [ 73.2577655, 19.5005858, 0.0 ], [ 73.257662, 19.5007512, 0.0 ], [ 73.2575562, 19.5010251, 0.0 ], [ 73.2575199, 19.5016304, 0.0 ], [ 73.2575196, 19.5016485, 0.0 ], [ 73.2572724, 19.5020735, 0.0 ], [ 73.2570193, 19.5023265, 0.0 ], [ 73.2567673, 19.5027514, 0.0 ], [ 73.2566474, 19.5030205, 0.0 ], [ 73.256397, 19.5033686, 0.0 ], [ 73.2560124, 19.5042161, 0.0 ], [ 73.2557355, 19.5049923, 0.0 ], [ 73.2555516, 19.5052928, 0.0 ], [ 73.2554531, 19.5055521, 0.0 ], [ 73.2554177, 19.5057933, 0.0 ], [ 73.2553973, 19.5059466, 0.0 ], [ 73.255386, 19.5060298, 0.0 ], [ 73.2553385, 19.5061273, 0.0 ], [ 73.2552124, 19.5063271, 0.0 ], [ 73.2550396, 19.5065362, 0.0 ], [ 73.2550328, 19.5066979, 0.0 ], [ 73.2548578, 19.5070299, 0.0 ], [ 73.2547911, 19.5077205, 0.0 ], [ 73.2547793, 19.5078333, 0.0 ], [ 73.2546998, 19.5084513, 0.0 ], [ 73.2545446, 19.5088147, 0.0 ], [ 73.2543126, 19.5089642, 0.0 ], [ 73.2539274, 19.5091469, 0.0 ], [ 73.2532735, 19.5094016, 0.0 ], [ 73.2528145, 19.5096916, 0.0 ], [ 73.2523452, 19.5100266, 0.0 ], [ 73.2516929, 19.5109008, 0.0 ], [ 73.2507986, 19.5114901, 0.0 ], [ 73.2506789, 19.5115105, 0.0 ], [ 73.2500278, 19.5116341, 0.0 ], [ 73.2500002, 19.5116353, 0.0 ], [ 73.2493119, 19.5116661, 0.0 ], [ 73.2489564, 19.5117906, 0.0 ], [ 73.248613, 19.5120284, 0.0 ], [ 73.2483855, 19.5121915, 0.0 ], [ 73.2481833, 19.5122827, 0.0 ], [ 73.2480017, 19.512302, 0.0 ], [ 73.2476155, 19.5122993, 0.0 ], [ 73.2471474, 19.5123359, 0.0 ], [ 73.2469034, 19.5123766, 0.0 ], [ 73.2466687, 19.5124265, 0.0 ], [ 73.2464637, 19.5124227, 0.0 ], [ 73.2461802, 19.5122954, 0.0 ], [ 73.2460388, 19.5122113, 0.0 ], [ 73.2458354, 19.5121308, 0.0 ], [ 73.2454938, 19.512052, 0.0 ], [ 73.2451649, 19.5120414, 0.0 ], [ 73.2447772, 19.5121111, 0.0 ], [ 73.2441637, 19.5122625, 0.0 ], [ 73.2436956, 19.5122991, 0.0 ], [ 73.2432948, 19.5123097, 0.0 ], [ 73.2430137, 19.5123, 0.0 ], [ 73.2427236, 19.5122584, 0.0 ], [ 73.2426428, 19.5122478, 0.0 ], [ 73.2425909, 19.5122198, 0.0 ], [ 73.2425022, 19.5121277, 0.0 ], [ 73.2423436, 19.5119575, 0.0 ], [ 73.2421987, 19.5118146, 0.0 ], [ 73.2419756, 19.5117653, 0.0 ], [ 73.2416422, 19.51175, 0.0 ], [ 73.2414279, 19.511728, 0.0 ], [ 73.2412707, 19.511725, 0.0 ], [ 73.2410715, 19.5116716, 0.0 ], [ 73.2408911, 19.511632, 0.0 ], [ 73.2407404, 19.5115388, 0.0 ], [ 73.2406012, 19.5113509, 0.0 ], [ 73.2404393, 19.5111127, 0.0 ], [ 73.2402984, 19.5110061, 0.0 ], [ 73.2401515, 19.5109581, 0.0 ], [ 73.2399887, 19.5109913, 0.0 ], [ 73.2399382, 19.5111305, 0.0 ], [ 73.2399462, 19.5114337, 0.0 ], [ 73.2399454, 19.511705, 0.0 ], [ 73.239919, 19.5118266, 0.0 ], [ 73.2398286, 19.5118158, 0.0 ], [ 73.2395817, 19.511766, 0.0 ], [ 73.2392535, 19.5117238, 0.0 ], [ 73.2387906, 19.5117423, 0.0 ], [ 73.2383688, 19.511843, 0.0 ], [ 73.2382031, 19.5117902, 0.0 ], [ 73.2379339, 19.5116631, 0.0 ], [ 73.2374347, 19.5113554, 0.0 ], [ 73.2367558, 19.510981, 0.0 ], [ 73.2365144, 19.5108951, 0.0 ], [ 73.2362961, 19.5108414, 0.0 ], [ 73.2359664, 19.5108714, 0.0 ], [ 73.2356022, 19.5109641, 0.0 ], [ 73.2352648, 19.5111341, 0.0 ], [ 73.2348709, 19.5112716, 0.0 ], [ 73.234526, 19.5113465, 0.0 ], [ 73.2343537, 19.5113794, 0.0 ], [ 73.2341057, 19.5113749, 0.0 ], [ 73.2339011, 19.511362, 0.0 ], [ 73.2337398, 19.5113183, 0.0 ], [ 73.233555, 19.5112606, 0.0 ], [ 73.2335175, 19.5112283, 0.0 ], [ 73.2333379, 19.5111481, 0.0 ], [ 73.2331399, 19.5110404, 0.0 ], [ 73.2329677, 19.5108337, 0.0 ], [ 73.2327962, 19.5105954, 0.0 ], [ 73.2326587, 19.5103261, 0.0 ], [ 73.2324988, 19.5099885, 0.0 ], [ 73.2323605, 19.5095292, 0.0 ], [ 73.2322563, 19.509265, 0.0 ], [ 73.2320366, 19.5088223, 0.0 ], [ 73.2318372, 19.5085472, 0.0 ], [ 73.2312817, 19.5079672, 0.0 ], [ 73.2305571, 19.5072664, 0.0 ], [ 73.2301896, 19.5068209, 0.0 ], [ 73.2299922, 19.5066816, 0.0 ], [ 73.2297972, 19.5066554, 0.0 ], [ 73.2296538, 19.5066753, 0.0 ], [ 73.2294834, 19.5068439, 0.0 ], [ 73.2293742, 19.5070499, 0.0 ], [ 73.2293038, 19.5072249, 0.0 ], [ 73.2291446, 19.507317, 0.0 ], [ 73.2290155, 19.5073327, 0.0 ], [ 73.2288248, 19.5073336, 0.0 ], [ 73.2287195, 19.5073497, 0.0 ], [ 73.2287167, 19.5072548, 0.0 ], [ 73.2286889, 19.5069875, 0.0 ], [ 73.2286352, 19.5068191, 0.0 ], [ 73.2286009, 19.506398, 0.0 ], [ 73.2285847, 19.5060269, 0.0 ], [ 73.228537, 19.5055693, 0.0 ], [ 73.2284542, 19.5051924, 0.0 ], [ 73.2283808, 19.5048248, 0.0 ], [ 73.228335, 19.5047335, 0.0 ], [ 73.228296, 19.5045429, 0.0 ], [ 73.228186, 19.5043283, 0.0 ], [ 73.2280517, 19.5041404, 0.0 ], [ 73.2279415, 19.5039303, 0.0 ], [ 73.2278998, 19.5036447, 0.0 ], [ 73.2278783, 19.5032962, 0.0 ], [ 73.227856, 19.5029973, 0.0 ], [ 73.2278445, 19.5026308, 0.0 ], [ 73.2274973, 19.5025836, 0.0 ], [ 73.2270865, 19.5026212, 0.0 ], [ 73.2265665, 19.5028602, 0.0 ], [ 73.2263396, 19.5029962, 0.0 ], [ 73.2260985, 19.5031273, 0.0 ], [ 73.2257542, 19.5031706, 0.0 ], [ 73.2256259, 19.5031547, 0.0 ], [ 73.225484, 19.5030932, 0.0 ], [ 73.2253253, 19.5029275, 0.0 ], [ 73.2251834, 19.5026445, 0.0 ], [ 73.2250794, 19.5023712, 0.0 ], [ 73.2248896, 19.5020964, 0.0 ], [ 73.2245941, 19.5018558, 0.0 ], [ 73.2243288, 19.5016757, 0.0 ], [ 73.2241897, 19.5015814, 0.0 ], [ 73.2237829, 19.5011986, 0.0 ], [ 73.2233912, 19.5007708, 0.0 ], [ 73.222875, 19.5001371, 0.0 ], [ 73.2227605, 19.500001, 0.0 ], [ 73.2225168, 19.4997053, 0.0 ], [ 73.2220012, 19.4995058, 0.0 ], [ 73.2217497, 19.4994514, 0.0 ], [ 73.221463, 19.4994777, 0.0 ], [ 73.2210866, 19.4996922, 0.0 ], [ 73.2206889, 19.4997843, 0.0 ], [ 73.2202729, 19.4998398, 0.0 ], [ 73.2199384, 19.4996436, 0.0 ], [ 73.2198942, 19.4994801, 0.0 ], [ 73.2198628, 19.4991539, 0.0 ], [ 73.2192907, 19.4984559, 0.0 ], [ 73.2189633, 19.4981513, 0.0 ], [ 73.2187004, 19.4977259, 0.0 ], [ 73.2185861, 19.4974886, 0.0 ], [ 73.2185131, 19.497329, 0.0 ], [ 73.2184687, 19.4969393, 0.0 ], [ 73.21824, 19.4964738, 0.0 ], [ 73.2181359, 19.4962051, 0.0 ], [ 73.2180175, 19.4959361, 0.0 ], [ 73.217444, 19.4953104, 0.0 ], [ 73.2171405, 19.4950017, 0.0 ], [ 73.2167947, 19.4946653, 0.0 ], [ 73.2166124, 19.4944855, 0.0 ], [ 73.2163918, 19.4943185, 0.0 ], [ 73.2159999, 19.4941304, 0.0 ], [ 73.2156038, 19.4939194, 0.0 ], [ 73.2153671, 19.4938381, 0.0 ], [ 73.2148796, 19.4934312, 0.0 ], [ 73.2144716, 19.4931025, 0.0 ], [ 73.2141429, 19.4928612, 0.0 ], [ 73.213613, 19.4926614, 0.0 ], [ 73.2132183, 19.4928394, 0.0 ], [ 73.2129021, 19.4931409, 0.0 ], [ 73.2126131, 19.4935064, 0.0 ], [ 73.2122509, 19.4937302, 0.0 ], [ 73.2117581, 19.4938114, 0.0 ], [ 73.2114445, 19.4937557, 0.0 ], [ 73.2110943, 19.4936316, 0.0 ], [ 73.2108106, 19.4932872, 0.0 ], [ 73.2106955, 19.49286, 0.0 ], [ 73.2105814, 19.4926182, 0.0 ], [ 73.2103514, 19.492442, 0.0 ], [ 73.2097259, 19.4924846, 0.0 ], [ 73.2091606, 19.4926097, 0.0 ], [ 73.2086529, 19.4927178, 0.0 ], [ 73.2082398, 19.4928637, 0.0 ], [ 73.2074531, 19.4928625, 0.0 ], [ 73.2068767, 19.4928337, 0.0 ], [ 73.2062388, 19.4927855, 0.0 ], [ 73.2058058, 19.4927412, 0.0 ], [ 73.2053706, 19.4925749, 0.0 ], [ 73.2050765, 19.4922754, 0.0 ], [ 73.2049635, 19.4919749, 0.0 ], [ 73.2047343, 19.4915319, 0.0 ], [ 73.2044972, 19.4912426, 0.0 ], [ 73.2041647, 19.490956, 0.0 ], [ 73.203634, 19.4905662, 0.0 ], [ 73.2031631, 19.4905121, 0.0 ], [ 73.2025906, 19.4907546, 0.0 ], [ 73.2019878, 19.4910824, 0.0 ], [ 73.2015522, 19.4911602, 0.0 ], [ 73.2010957, 19.4911019, 0.0 ], [ 73.2008565, 19.490912, 0.0 ], [ 73.2007437, 19.4906069, 0.0 ], [ 73.2007218, 19.4902855, 0.0 ], [ 73.2008717, 19.4899537, 0.0 ], [ 73.2008175, 19.4895819, 0.0 ], [ 73.2006815, 19.4892447, 0.0 ], [ 73.2003631, 19.4889629, 0.0 ], [ 73.2001253, 19.4887052, 0.0 ], [ 73.2001212, 19.4884474, 0.0 ], [ 73.2002239, 19.4880966, 0.0 ], [ 73.2002271, 19.4877169, 0.0 ], [ 73.2002304, 19.487328, 0.0 ], [ 73.2001883, 19.4870604, 0.0 ], [ 73.1999582, 19.4868888, 0.0 ], [ 73.1997968, 19.4868586, 0.0 ], [ 73.1996353, 19.4868285, 0.0 ], [ 73.1991072, 19.487004, 0.0 ], [ 73.1987756, 19.4871289, 0.0 ], [ 73.1985696, 19.4871747, 0.0 ], [ 73.1981766, 19.4870452, 0.0 ], [ 73.1979418, 19.4868735, 0.0 ], [ 73.1976475, 19.4868092, 0.0 ], [ 73.1969806, 19.4870092, 0.0 ], [ 73.1965615, 19.4872139, 0.0 ], [ 73.1960921, 19.4873135, 0.0 ], [ 73.1954851, 19.487379, 0.0 ], [ 73.1950563, 19.4873665, 0.0 ], [ 73.1947234, 19.487324, 0.0 ], [ 73.1943401, 19.4871857, 0.0 ], [ 73.1937063, 19.4871692, 0.0 ], [ 73.1931788, 19.487313, 0.0 ], [ 73.1928655, 19.4874744, 0.0 ], [ 73.1924041, 19.4876512, 0.0 ], [ 73.1921086, 19.4880978, 0.0 ], [ 73.1920815, 19.4887122, 0.0 ], [ 73.1920692, 19.4892998, 0.0 ], [ 73.192018, 19.4896923, 0.0 ], [ 73.1918579, 19.490051, 0.0 ], [ 73.1916475, 19.4903093, 0.0 ], [ 73.1913468, 19.4905524, 0.0 ], [ 73.1910042, 19.4907494, 0.0 ], [ 73.1906328, 19.4909504, 0.0 ], [ 73.1902832, 19.4910252, 0.0 ], [ 73.1900352, 19.4910251, 0.0 ], [ 73.1899333, 19.490883, 0.0 ], [ 73.1898483, 19.4906145, 0.0 ], [ 73.1900008, 19.4903959, 0.0 ], [ 73.1902855, 19.4902294, 0.0 ], [ 73.1905663, 19.4900267, 0.0 ], [ 73.1907979, 19.4898999, 0.0 ], [ 73.191171, 19.489613, 0.0 ], [ 73.1912549, 19.4892483, 0.0 ], [ 73.1912133, 19.4889581, 0.0 ], [ 73.1911091, 19.4886985, 0.0 ], [ 73.1908372, 19.4884763, 0.0 ], [ 73.1903132, 19.4879962, 0.0 ], [ 73.1898348, 19.4878424, 0.0 ], [ 73.1892218, 19.4875189, 0.0 ], [ 73.188657, 19.4871691, 0.0 ], [ 73.1883384, 19.4868964, 0.0 ], [ 73.1878779, 19.4865802, 0.0 ], [ 73.1877544, 19.4865552, 0.0 ], [ 73.1874455, 19.4865042, 0.0 ], [ 73.1866874, 19.4867296, 0.0 ], [ 73.1860133, 19.487273, 0.0 ], [ 73.1855344, 19.4878247, 0.0 ], [ 73.1852988, 19.4883764, 0.0 ], [ 73.1850464, 19.4890455, 0.0 ], [ 73.1849166, 19.4895494, 0.0 ], [ 73.184772, 19.4898542, 0.0 ], [ 73.184565, 19.4899453, 0.0 ], [ 73.1843485, 19.4900407, 0.0 ], [ 73.1837267, 19.4901284, 0.0 ], [ 73.1832194, 19.4899922, 0.0 ], [ 73.1823919, 19.48966, 0.0 ], [ 73.1819598, 19.4893534, 0.0 ], [ 73.1815124, 19.4890828, 0.0 ], [ 73.1809116, 19.4888589, 0.0 ], [ 73.1801715, 19.4886776, 0.0 ], [ 73.1794316, 19.4887224, 0.0 ], [ 73.1791935, 19.4887089, 0.0 ], [ 73.1789507, 19.4886907, 0.0 ], [ 73.1787577, 19.4885696, 0.0 ], [ 73.1785647, 19.4884483, 0.0 ], [ 73.1782013, 19.4875913, 0.0 ], [ 73.1780001, 19.4871851, 0.0 ], [ 73.1776956, 19.4869261, 0.0 ], [ 73.177542, 19.4868535, 0.0 ], [ 73.1772471, 19.4867141, 0.0 ], [ 73.1761228, 19.4866658, 0.0 ], [ 73.1755754, 19.4866237, 0.0 ], [ 73.1753046, 19.4865779, 0.0 ], [ 73.1747607, 19.4863642, 0.0 ], [ 73.174289, 19.4861247, 0.0 ], [ 73.1738095, 19.4860297, 0.0 ], [ 73.1729248, 19.4861531, 0.0 ], [ 73.172235, 19.4860768, 0.0 ], [ 73.1714648, 19.4859717, 0.0 ], [ 73.1703337, 19.4857921, 0.0 ], [ 73.1699914, 19.4857494, 0.0 ], [ 73.1696444, 19.4857021, 0.0 ], [ 73.1691019, 19.4856512, 0.0 ], [ 73.1689072, 19.4856112, 0.0 ], [ 73.1680401, 19.4853507, 0.0 ], [ 73.1676965, 19.4851407, 0.0 ], [ 73.1675364, 19.4848211, 0.0 ], [ 73.1672169, 19.4845935, 0.0 ], [ 73.1666219, 19.484546, 0.0 ], [ 73.1665395, 19.4845738, 0.0 ], [ 73.1661273, 19.484713, 0.0 ], [ 73.1654031, 19.4849118, 0.0 ], [ 73.1649385, 19.485016, 0.0 ], [ 73.1646975, 19.484912, 0.0 ], [ 73.164461, 19.4845955, 0.0 ], [ 73.1644029, 19.4841875, 0.0 ], [ 73.1646852, 19.4836863, 0.0 ], [ 73.1651189, 19.4832424, 0.0 ], [ 73.1653443, 19.4829527, 0.0 ], [ 73.165354, 19.4824963, 0.0 ], [ 73.1653667, 19.4821166, 0.0 ], [ 73.1652708, 19.4816942, 0.0 ], [ 73.1648625, 19.4809314, 0.0 ], [ 73.164301, 19.4799757, 0.0 ], [ 73.1640076, 19.4796445, 0.0 ], [ 73.1637054, 19.4792771, 0.0 ], [ 73.1633498, 19.4787322, 0.0 ], [ 73.1628012, 19.4782922, 0.0 ], [ 73.162225, 19.4782632, 0.0 ], [ 73.1615304, 19.4784128, 0.0 ], [ 73.1609694, 19.4785649, 0.0 ], [ 73.1606689, 19.4785645, 0.0 ], [ 73.1604545, 19.4785642, 0.0 ], [ 73.1599613, 19.4784418, 0.0 ], [ 73.158574, 19.4777598, 0.0 ], [ 73.1578985, 19.4774575, 0.0 ], [ 73.1573112, 19.4772745, 0.0 ], [ 73.1570764, 19.4773288, 0.0 ], [ 73.1566643, 19.477425, 0.0 ], [ 73.1563554, 19.4776045, 0.0 ], [ 73.1560642, 19.4780738, 0.0 ], [ 73.1559065, 19.4785411, 0.0 ], [ 73.1558057, 19.479023, 0.0 ], [ 73.1556623, 19.4794905, 0.0 ], [ 73.1553845, 19.4797792, 0.0 ], [ 73.1551124, 19.4800182, 0.0 ], [ 73.1547223, 19.4802052, 0.0 ], [ 73.1543313, 19.4802023, 0.0 ], [ 73.1539424, 19.480109, 0.0 ], [ 73.1535946, 19.4798717, 0.0 ], [ 73.1531455, 19.4794653, 0.0 ], [ 73.152793, 19.4792234, 0.0 ], [ 73.1522864, 19.4792771, 0.0 ], [ 73.1518201, 19.4796843, 0.0 ], [ 73.151737, 19.4797821, 0.0 ], [ 73.1513467, 19.4802043, 0.0 ], [ 73.1505261, 19.4813507, 0.0 ], [ 73.1501177, 19.4817228, 0.0 ], [ 73.1495739, 19.4819612, 0.0 ], [ 73.1490427, 19.4820551, 0.0 ], [ 73.1483752, 19.4820559, 0.0 ], [ 73.1478674, 19.4821683, 0.0 ], [ 73.1473844, 19.4824621, 0.0 ], [ 73.1471688, 19.4829599, 0.0 ], [ 73.1471908, 19.48372, 0.0 ], [ 73.1473449, 19.4843288, 0.0 ], [ 73.1472993, 19.4846807, 0.0 ], [ 73.1472054, 19.4848372, 0.0 ], [ 73.1471209, 19.4849984, 0.0 ], [ 73.1467705, 19.4848831, 0.0 ], [ 73.1460887, 19.4848837, 0.0 ], [ 73.1455089, 19.4850173, 0.0 ], [ 73.1451546, 19.485309, 0.0 ], [ 73.1449048, 19.4856253, 0.0 ], [ 73.1449221, 19.4863853, 0.0 ], [ 73.1449408, 19.486847, 0.0 ], [ 73.1448312, 19.4875231, 0.0 ], [ 73.1447981, 19.487735, 0.0 ], [ 73.1447545, 19.4879919, 0.0 ], [ 73.1443096, 19.4887341, 0.0 ], [ 73.1438408, 19.4890281, 0.0 ], [ 73.1432744, 19.4894332, 0.0 ], [ 73.1428947, 19.4898013, 0.0 ], [ 73.1427409, 19.4903048, 0.0 ], [ 73.142603, 19.4914101, 0.0 ], [ 73.1424254, 19.4916916, 0.0 ], [ 73.1420834, 19.4918569, 0.0 ], [ 73.1417336, 19.4919361, 0.0 ], [ 73.1413252, 19.4918605, 0.0 ], [ 73.1407414, 19.4917317, 0.0 ], [ 73.1399642, 19.4915089, 0.0 ], [ 73.1393792, 19.4914344, 0.0 ], [ 73.1387598, 19.491418, 0.0 ], [ 73.1383633, 19.4916728, 0.0 ], [ 73.1380033, 19.4920095, 0.0 ], [ 73.1377858, 19.4923762, 0.0 ], [ 73.1374952, 19.4925832, 0.0 ], [ 73.1371461, 19.4926352, 0.0 ], [ 73.1368142, 19.4925475, 0.0 ], [ 73.1365642, 19.4921946, 0.0 ], [ 73.1360745, 19.4919004, 0.0 ], [ 73.1357066, 19.4917125, 0.0 ], [ 73.1354735, 19.4910116, 0.0 ], [ 73.1354346, 19.4906039, 0.0 ], [ 73.1351587, 19.4903454, 0.0 ], [ 73.1346172, 19.4902491, 0.0 ], [ 73.1341868, 19.4903087, 0.0 ], [ 73.1332656, 19.4901283, 0.0 ], [ 73.1327806, 19.4901338, 0.0 ], [ 73.1319752, 19.4903058, 0.0 ], [ 73.1310343, 19.4905969, 0.0 ], [ 73.1307347, 19.4906013, 0.0 ], [ 73.1296582, 19.4904736, 0.0 ], [ 73.1288961, 19.4904163, 0.0 ], [ 73.1285744, 19.4903899, 0.0 ], [ 73.1280016, 19.4900417, 0.0 ], [ 73.1272983, 19.4896725, 0.0 ], [ 73.1271412, 19.4896609, 0.0 ], [ 73.127111, 19.4896587, 0.0 ], [ 73.1268989, 19.4896614, 0.0 ], [ 73.1267666, 19.489733, 0.0 ], [ 73.1264917, 19.4900056, 0.0 ], [ 73.126217, 19.4905547, 0.0 ], [ 73.1258249, 19.4921039, 0.0 ], [ 73.1254485, 19.4930096, 0.0 ], [ 73.1250788, 19.4932944, 0.0 ], [ 73.1248072, 19.4934057, 0.0 ], [ 73.1244036, 19.4943012, 0.0 ], [ 73.1243273, 19.4948503, 0.0 ], [ 73.124129, 19.4950838, 0.0 ], [ 73.1239485, 19.4951475, 0.0 ], [ 73.1237183, 19.4951511, 0.0 ], [ 73.1229378, 19.4950133, 0.0 ], [ 73.1220947, 19.4947559, 0.0 ], [ 73.1203735, 19.4942318, 0.0 ], [ 73.1199537, 19.4941687, 0.0 ], [ 73.1197516, 19.4941687, 0.0 ], [ 73.1195591, 19.4942034, 0.0 ], [ 73.1190833, 19.4946196, 0.0 ], [ 73.1184936, 19.495236, 0.0 ], [ 73.1180223, 19.4960631, 0.0 ] ] } },
{ "type": "Feature", "properties": { "objectid": 29131, "rivname": "Murumba N", "rilcode": null, "st_length_": 17.9607, "bacode": 14, "ba_name": "West flowing rivers from Tapi to Tadri", "sub_basin": "Bhatsol and others", "remarks": null }, "geometry": { "type": "MultiLineString", "coordinates": [ [ [ 72.9982803, 19.5199287, 0.0 ], [ 72.9983141, 19.5196308, 0.0 ], [ 72.9983614, 19.5194282, 0.0 ], [ 72.9983993, 19.5192255, 0.0 ], [ 72.9984896, 19.5188068, 0.0 ], [ 72.9985276, 19.518595, 0.0 ], [ 72.998589, 19.5184108, 0.0 ], [ 72.9987301, 19.5176359, 0.0 ], [ 72.9987956, 19.5170448, 0.0 ], [ 72.9987986, 19.5167984, 0.0 ], [ 72.9988016, 19.516552, 0.0 ], [ 72.9988144, 19.5164076, 0.0 ], [ 72.9988202, 19.5161455, 0.0 ], [ 72.9988521, 19.5159923, 0.0 ], [ 72.9988619, 19.5157664, 0.0 ], [ 72.9989027, 19.5156451, 0.0 ], [ 72.9990309, 19.5155662, 0.0 ], [ 72.9991175, 19.515488, 0.0 ], [ 72.9992052, 19.5154324, 0.0 ], [ 72.9992929, 19.5153768, 0.0 ], [ 72.9995619, 19.5148475, 0.0 ], [ 72.9996593, 19.5147179, 0.0 ], [ 72.9997261, 19.514567, 0.0 ], [ 72.9997631, 19.5144835, 0.0 ], [ 72.9999819, 19.5141752, 0.0 ], [ 73.0004556, 19.5139481, 0.0 ], [ 73.000908, 19.5136612, 0.0 ], [ 73.0012239, 19.513403, 0.0 ], [ 73.0014322, 19.5129296, 0.0 ], [ 73.0015264, 19.5125032, 0.0 ], [ 73.0016341, 19.5122808, 0.0 ], [ 73.0018208, 19.5119652, 0.0 ], [ 73.0020075, 19.5114489, 0.0 ], [ 73.0021259, 19.5108558, 0.0 ], [ 73.0021658, 19.5106557, 0.0 ], [ 73.0023382, 19.5102684, 0.0 ], [ 73.0026469, 19.5097377, 0.0 ], [ 73.0028987, 19.508752, 0.0 ], [ 73.0030566, 19.5075327, 0.0 ], [ 73.003042, 19.5069698, 0.0 ], [ 73.0029271, 19.5067116, 0.0 ], [ 73.0027117, 19.5064032, 0.0 ], [ 73.002686, 19.5063056, 0.0 ], [ 73.0026327, 19.506102, 0.0 ], [ 73.0027117, 19.5058008, 0.0 ], [ 73.0028916, 19.5052949, 0.0 ], [ 73.0032578, 19.5045849, 0.0 ], [ 73.0034517, 19.5039538, 0.0 ], [ 73.0036273, 19.5030518, 0.0 ] ], [ [ 72.9641837, 19.5617317, 0.0 ], [ 72.9648457, 19.5619981, 0.0 ], [ 72.9657703, 19.5622473, 0.0 ], [ 72.9665081, 19.5625333, 0.0 ], [ 72.9667908, 19.5626927, 0.0 ], [ 72.9669705, 19.5627642, 0.0 ], [ 72.9674503, 19.5630677, 0.0 ], [ 72.9677804, 19.563237, 0.0 ], [ 72.9681226, 19.5632936, 0.0 ], [ 72.9684845, 19.5633189, 0.0 ], [ 72.9690046, 19.5633158, 0.0 ], [ 72.9697783, 19.5632724, 0.0 ], [ 72.9700598, 19.563269, 0.0 ], [ 72.9703379, 19.5632113, 0.0 ], [ 72.9707483, 19.5632014, 0.0 ], [ 72.9710911, 19.5632309, 0.0 ], [ 72.9714186, 19.5633053, 0.0 ], [ 72.9721979, 19.5634384, 0.0 ], [ 72.9727324, 19.5634309, 0.0 ], [ 72.9731867, 19.5635938, 0.0 ], [ 72.9738842, 19.5633319, 0.0 ], [ 72.9744368, 19.563153, 0.0 ], [ 72.9746826, 19.5630403, 0.0 ], [ 72.9748172, 19.5629932, 0.0 ], [ 72.9748947, 19.5629405, 0.0 ], [ 72.9750294, 19.562889, 0.0 ], [ 72.9755463, 19.5625964, 0.0 ], [ 72.9759685, 19.5622747, 0.0 ], [ 72.976275, 19.562005, 0.0 ], [ 72.9765024, 19.5618603, 0.0 ], [ 72.9767444, 19.5617023, 0.0 ], [ 72.9773002, 19.5611663, 0.0 ], [ 72.9774312, 19.5610649, 0.0 ], [ 72.9775671, 19.5609591, 0.0 ], [ 72.9778929, 19.5606807, 0.0 ], [ 72.9783888, 19.5602611, 0.0 ], [ 72.9785474, 19.5599928, 0.0 ], [ 72.9788395, 19.5597229, 0.0 ], [ 72.9787975, 19.5594689, 0.0 ], [ 72.9788018, 19.5592744, 0.0 ], [ 72.9788482, 19.5591171, 0.0 ], [ 72.9788406, 19.5590311, 0.0 ], [ 72.9788467, 19.5589724, 0.0 ], [ 72.9789557, 19.5587892, 0.0 ], [ 72.9789865, 19.5586903, 0.0 ], [ 72.9790786, 19.5586243, 0.0 ], [ 72.9792834, 19.558425, 0.0 ], [ 72.9793327, 19.558349, 0.0 ], [ 72.9794546, 19.5582339, 0.0 ], [ 72.9796362, 19.5580024, 0.0 ], [ 72.9799773, 19.5576791, 0.0 ], [ 72.980305, 19.5573148, 0.0 ], [ 72.9805215, 19.5570116, 0.0 ], [ 72.9806182, 19.5567423, 0.0 ], [ 72.980699, 19.5565404, 0.0 ], [ 72.9807547, 19.5561798, 0.0 ], [ 72.9808103, 19.5560362, 0.0 ], [ 72.9810293, 19.5556291, 0.0 ], [ 72.9810879, 19.5555624, 0.0 ], [ 72.9811375, 19.5554775, 0.0 ], [ 72.9813254, 19.5551782, 0.0 ], [ 72.9813597, 19.5551382, 0.0 ], [ 72.981528, 19.5548613, 0.0 ], [ 72.9816182, 19.5544516, 0.0 ], [ 72.9816478, 19.5541945, 0.0 ], [ 72.9816607, 19.554041, 0.0 ], [ 72.9818095, 19.5535691, 0.0 ], [ 72.9820415, 19.5532165, 0.0 ], [ 72.9822554, 19.5528229, 0.0 ], [ 72.9823149, 19.55272, 0.0 ], [ 72.9824464, 19.552596, 0.0 ], [ 72.9826792, 19.5524198, 0.0 ], [ 72.9833143, 19.5519577, 0.0 ], [ 72.9836746, 19.5514132, 0.0 ], [ 72.9839215, 19.5508212, 0.0 ], [ 72.9839529, 19.5506953, 0.0 ], [ 72.9840139, 19.5505246, 0.0 ], [ 72.9840171, 19.55038, 0.0 ], [ 72.9840528, 19.5502812, 0.0 ], [ 72.9840723, 19.5500419, 0.0 ], [ 72.9841523, 19.5496592, 0.0 ], [ 72.9841627, 19.5494107, 0.0 ], [ 72.9842224, 19.5490818, 0.0 ], [ 72.9842499, 19.54849, 0.0 ], [ 72.9842817, 19.5483414, 0.0 ], [ 72.9842781, 19.5480745, 0.0 ], [ 72.9843341, 19.5479128, 0.0 ], [ 72.9843959, 19.5477106, 0.0 ], [ 72.9844368, 19.5475848, 0.0 ], [ 72.9844431, 19.5475171, 0.0 ], [ 72.9845257, 19.5472294, 0.0 ], [ 72.9847257, 19.5470343, 0.0 ], [ 72.985212, 19.54661, 0.0 ], [ 72.9855177, 19.5463764, 0.0 ], [ 72.9858106, 19.5460748, 0.0 ], [ 72.9859413, 19.5459869, 0.0 ], [ 72.9859664, 19.5459332, 0.0 ], [ 72.9861135, 19.5457506, 0.0 ], [ 72.9861381, 19.5454979, 0.0 ], [ 72.986278, 19.5452113, 0.0 ], [ 72.9864063, 19.5450194, 0.0 ], [ 72.9864914, 19.5448403, 0.0 ], [ 72.9866021, 19.5443631, 0.0 ], [ 72.9865695, 19.5443309, 0.0 ], [ 72.986587, 19.5441865, 0.0 ], [ 72.9865758, 19.5438291, 0.0 ], [ 72.9865981, 19.5436803, 0.0 ], [ 72.9867006, 19.5433612, 0.0 ], [ 72.9868212, 19.5430833, 0.0 ], [ 72.9873056, 19.5423152, 0.0 ], [ 72.9874525, 19.5421463, 0.0 ], [ 72.9877199, 19.5419165, 0.0 ], [ 72.9880827, 19.5416841, 0.0 ], [ 72.9888089, 19.541201, 0.0 ], [ 72.9890075, 19.5410649, 0.0 ], [ 72.989047, 19.5410069, 0.0 ], [ 72.9891199, 19.5409405, 0.0 ], [ 72.9895756, 19.5406104, 0.0 ], [ 72.9896282, 19.5403854, 0.0 ], [ 72.9897079, 19.5400207, 0.0 ], [ 72.9897035, 19.5393558, 0.0 ], [ 72.9896786, 19.5389756, 0.0 ], [ 72.9895108, 19.5383663, 0.0 ], [ 72.9892746, 19.5376155, 0.0 ], [ 72.9892363, 19.5371896, 0.0 ], [ 72.9894286, 19.5366915, 0.0 ], [ 72.9895275, 19.5365353, 0.0 ], [ 72.9895822, 19.5364324, 0.0 ], [ 72.9897686, 19.536201, 0.0 ], [ 72.9901255, 19.5358056, 0.0 ], [ 72.990321, 19.5355879, 0.0 ], [ 72.990394, 19.535526, 0.0 ], [ 72.9906023, 19.5353809, 0.0 ], [ 72.990689, 19.535342, 0.0 ], [ 72.9911004, 19.5350743, 0.0 ], [ 72.9916454, 19.5347957, 0.0 ], [ 72.9917568, 19.5347211, 0.0 ], [ 72.9920697, 19.5345917, 0.0 ], [ 72.9928167, 19.5346698, 0.0 ], [ 72.9929353, 19.5346993, 0.0 ], [ 72.9929729, 19.5347272, 0.0 ], [ 72.9934731, 19.5347507, 0.0 ], [ 72.9938029, 19.5347211, 0.0 ], [ 72.9939995, 19.5346753, 0.0 ], [ 72.9941725, 19.5346153, 0.0 ], [ 72.9942749, 19.5345134, 0.0 ], [ 72.994367, 19.5344429, 0.0 ], [ 72.994509, 19.5340614, 0.0 ], [ 72.9945652, 19.5336781, 0.0 ], [ 72.9945756, 19.5332081, 0.0 ], [ 72.9946318, 19.5328248, 0.0 ], [ 72.9946943, 19.5325864, 0.0 ], [ 72.9947551, 19.5324248, 0.0 ], [ 72.9949297, 19.5320756, 0.0 ], [ 72.9952255, 19.5316428, 0.0 ], [ 72.995381, 19.5312932, 0.0 ], [ 72.9954225, 19.5311403, 0.0 ], [ 72.9954637, 19.5307884, 0.0 ], [ 72.9954561, 19.5302683, 0.0 ], [ 72.9955756, 19.5293934, 0.0 ], [ 72.9956654, 19.5289972, 0.0 ], [ 72.9957006, 19.528912, 0.0 ], [ 72.9958191, 19.5287335, 0.0 ], [ 72.9961581, 19.5280665, 0.0 ], [ 72.9962345, 19.5278464, 0.0 ], [ 72.9963282, 19.5277081, 0.0 ], [ 72.9963534, 19.5276453, 0.0 ], [ 72.9964287, 19.5272579, 0.0 ], [ 72.9964144, 19.5270451, 0.0 ], [ 72.9963463, 19.5266684, 0.0 ], [ 72.9962351, 19.526309, 0.0 ], [ 72.9961403, 19.5260674, 0.0 ], [ 72.9960021, 19.5258477, 0.0 ], [ 72.9959408, 19.5256604, 0.0 ], [ 72.9958993, 19.5255336, 0.0 ], [ 72.9957858, 19.5252736, 0.0 ], [ 72.9957603, 19.5251329, 0.0 ], [ 72.9957545, 19.524961, 0.0 ], [ 72.9957757, 19.5246539, 0.0 ], [ 72.9957678, 19.5243644, 0.0 ], [ 72.9957598, 19.5240748, 0.0 ], [ 72.9958114, 19.5236825, 0.0 ], [ 72.995908, 19.523413, 0.0 ], [ 72.9960375, 19.5231624, 0.0 ], [ 72.9961723, 19.5229977, 0.0 ], [ 72.996307, 19.5228331, 0.0 ], [ 72.9963947, 19.5227535, 0.0 ], [ 72.9966079, 19.5226039, 0.0 ], [ 72.9970182, 19.522377, 0.0 ], [ 72.9972154, 19.5222995, 0.0 ], [ 72.9973656, 19.5221984, 0.0 ], [ 72.9974294, 19.5221138, 0.0 ], [ 72.9974774, 19.5220967, 0.0 ], [ 72.9977085, 19.5217847, 0.0 ], [ 72.9978132, 19.5215788, 0.0 ], [ 72.9979017, 19.521246, 0.0 ], [ 72.9979017, 19.5212459, 0.0 ], [ 72.9980126, 19.5209723, 0.0 ], [ 72.9981697, 19.5205504, 0.0 ], [ 72.9981976, 19.5203655, 0.0 ], [ 72.9982547, 19.5201541, 0.0 ], [ 72.9982803, 19.5199287, 0.0 ] ], [ [ 73.0056235, 19.5681908, 0.0 ], [ 73.0061546, 19.5681199, 0.0 ], [ 73.0068263, 19.5679478, 0.0 ], [ 73.0076549, 19.5677969, 0.0 ], [ 73.008142, 19.5677703, 0.0 ], [ 73.0087503, 19.5678729, 0.0 ], [ 73.0092579, 19.5680049, 0.0 ], [ 73.0096132, 19.5681205, 0.0 ], [ 73.0100239, 19.5680969, 0.0 ], [ 73.0103402, 19.5680354, 0.0 ], [ 73.0105987, 19.5679908, 0.0 ], [ 73.0113996, 19.567577, 0.0 ], [ 73.0117611, 19.5674124, 0.0 ], [ 73.0120876, 19.567211, 0.0 ], [ 73.0122235, 19.5672135, 0.0 ], [ 73.0125726, 19.5671706, 0.0 ], [ 73.0127881, 19.5671343, 0.0 ], [ 73.0131288, 19.5670414, 0.0 ], [ 73.0133361, 19.5669461, 0.0 ], [ 73.013559, 19.5667878, 0.0 ], [ 73.0137398, 19.5665924, 0.0 ], [ 73.013961, 19.5662937, 0.0 ], [ 73.0142049, 19.5660453, 0.0 ], [ 73.0143948, 19.5658727, 0.0 ], [ 73.0145204, 19.5658029, 0.0 ], [ 73.0146553, 19.5657422, 0.0 ], [ 73.0147854, 19.5656815, 0.0 ], [ 73.0149064, 19.565598, 0.0 ], [ 73.015066, 19.5655016, 0.0 ], [ 73.0152798, 19.565325, 0.0 ], [ 73.0153974, 19.5651826, 0.0 ], [ 73.0155268, 19.5649364, 0.0 ], [ 73.0155873, 19.5647884, 0.0 ], [ 73.0156389, 19.5646131, 0.0 ], [ 73.0157297, 19.5643888, 0.0 ], [ 73.0157541, 19.5641451, 0.0 ], [ 73.015762, 19.5640051, 0.0 ], [ 73.0157743, 19.5638788, 0.0 ], [ 73.0157573, 19.5635664, 0.0 ], [ 73.0157597, 19.563458, 0.0 ], [ 73.0157186, 19.5633758, 0.0 ], [ 73.0156219, 19.5632201, 0.0 ], [ 73.0155572, 19.5631239, 0.0 ], [ 73.0154843, 19.5629642, 0.0 ], [ 73.0154175, 19.5627503, 0.0 ], [ 73.0153779, 19.5625958, 0.0 ], [ 73.0153281, 19.5624772, 0.0 ], [ 73.0152873, 19.5623815, 0.0 ], [ 73.0152833, 19.5623452, 0.0 ], [ 73.0152894, 19.562282, 0.0 ], [ 73.0152763, 19.5622275, 0.0 ], [ 73.0152544, 19.5621412, 0.0 ], [ 73.0152202, 19.5619596, 0.0 ], [ 73.0151821, 19.5617373, 0.0 ], [ 73.0151789, 19.5616694, 0.0 ], [ 73.0151949, 19.5615929, 0.0 ], [ 73.0152058, 19.5615298, 0.0 ], [ 73.0152329, 19.5613811, 0.0 ], [ 73.0153876, 19.5610722, 0.0 ], [ 73.015651, 19.560589, 0.0 ], [ 73.0157884, 19.5601983, 0.0 ], [ 73.0159145, 19.5596717, 0.0 ], [ 73.016008, 19.5593209, 0.0 ], [ 73.0160833, 19.5591551, 0.0 ], [ 73.0162805, 19.558856, 0.0 ], [ 73.0165197, 19.558612, 0.0 ], [ 73.016863, 19.5584017, 0.0 ], [ 73.0172295, 19.558219, 0.0 ], [ 73.0173177, 19.5581123, 0.0 ], [ 73.0173394, 19.5579952, 0.0 ], [ 73.0173181, 19.5578771, 0.0 ], [ 73.017277, 19.5577949, 0.0 ], [ 73.0171593, 19.5577248, 0.0 ], [ 73.0168703, 19.5576332, 0.0 ], [ 73.0162585, 19.5574719, 0.0 ], [ 73.0160787, 19.557405, 0.0 ], [ 73.0159708, 19.557326, 0.0 ], [ 73.0159205, 19.5572256, 0.0 ], [ 73.0158848, 19.5571118, 0.0 ], [ 73.0158637, 19.5569893, 0.0 ], [ 73.0159243, 19.5568322, 0.0 ], [ 73.0161574, 19.5566469, 0.0 ], [ 73.0163321, 19.5565102, 0.0 ], [ 73.0164196, 19.5564351, 0.0 ], [ 73.0164333, 19.5562455, 0.0 ], [ 73.0163889, 19.5560998, 0.0 ], [ 73.0162926, 19.5559216, 0.0 ], [ 73.0161462, 19.5556339, 0.0 ], [ 73.0159921, 19.555269, 0.0 ], [ 73.0159698, 19.5541475, 0.0 ], [ 73.0159694, 19.5541291, 0.0 ], [ 73.0158864, 19.5533497, 0.0 ], [ 73.0158466, 19.5529917, 0.0 ], [ 73.0157509, 19.5527863, 0.0 ], [ 73.0156051, 19.552693, 0.0 ], [ 73.0153763, 19.552684, 0.0 ], [ 73.0149644, 19.5527618, 0.0 ], [ 73.0147808, 19.5528712, 0.0 ], [ 73.0146248, 19.5528048, 0.0 ], [ 73.0145025, 19.5527255, 0.0 ], [ 73.0144006, 19.5525878, 0.0 ], [ 73.0142568, 19.5524041, 0.0 ], [ 73.0141949, 19.5521768, 0.0 ], [ 73.0141368, 19.5520038, 0.0 ], [ 73.0139875, 19.5518517, 0.0 ], [ 73.0137083, 19.5517512, 0.0 ], [ 73.0134804, 19.551706, 0.0 ], [ 73.0134246, 19.5516561, 0.0 ], [ 73.0133493, 19.5515904, 0.0 ], [ 73.0132769, 19.551408, 0.0 ], [ 73.0132727, 19.5511684, 0.0 ], [ 73.0132844, 19.5508566, 0.0 ], [ 73.0132788, 19.5506756, 0.0 ], [ 73.0132032, 19.5504254, 0.0 ], [ 73.0131044, 19.550262, 0.0 ], [ 73.0131024, 19.5502586, 0.0 ], [ 73.0130911, 19.5502399, 0.0 ], [ 73.0130709, 19.5502108, 0.0 ], [ 73.0130006, 19.5500958, 0.0 ], [ 73.0128083, 19.5499473, 0.0 ], [ 73.0124667, 19.5498592, 0.0 ], [ 73.0120876, 19.5497522, 0.0 ], [ 73.0117711, 19.5496103, 0.0 ], [ 73.0116258, 19.5494943, 0.0 ], [ 73.0115137, 19.5493836, 0.0 ], [ 73.011483, 19.5492655, 0.0 ], [ 73.0114908, 19.5491255, 0.0 ], [ 73.0115375, 19.5489545, 0.0 ], [ 73.0117841, 19.5485841, 0.0 ], [ 73.0119188, 19.548358, 0.0 ], [ 73.0119277, 19.5483428, 0.0 ], [ 73.0120078, 19.5481725, 0.0 ], [ 73.0120853, 19.5476857, 0.0 ], [ 73.0121254, 19.5473835, 0.0 ], [ 73.0121497, 19.5468432, 0.0 ], [ 73.0121497, 19.546843, 0.0 ], [ 73.0121497, 19.5468417, 0.0 ], [ 73.0121532, 19.5467646, 0.0 ], [ 73.0121534, 19.546543, 0.0 ], [ 73.0120213, 19.546043, 0.0 ], [ 73.0119873, 19.5458524, 0.0 ], [ 73.0119586, 19.5456393, 0.0 ], [ 73.0119872, 19.5454228, 0.0 ], [ 73.0120376, 19.5450847, 0.0 ], [ 73.012092, 19.5447783, 0.0 ], [ 73.0120864, 19.5446018, 0.0 ], [ 73.0120063, 19.544338, 0.0 ], [ 73.0118874, 19.544105, 0.0 ], [ 73.011834, 19.5439322, 0.0 ], [ 73.011826, 19.5436426, 0.0 ], [ 73.0118611, 19.5431323, 0.0 ], [ 73.0118551, 19.5429694, 0.0 ], [ 73.0117793, 19.5427328, 0.0 ], [ 73.0115563, 19.5422446, 0.0 ], [ 73.0114981, 19.5420716, 0.0 ], [ 73.0114443, 19.5419167, 0.0 ], [ 73.0113614, 19.5415624, 0.0 ], [ 73.0113318, 19.5413945, 0.0 ], [ 73.0113253, 19.5413794, 0.0 ], [ 73.0112699, 19.5411717, 0.0 ], [ 73.0111527, 19.5408574, 0.0 ], [ 73.0111239, 19.5406534, 0.0 ], [ 73.0111001, 19.5404313, 0.0 ], [ 73.011107, 19.5399024, 0.0 ], [ 73.01111, 19.5397718, 0.0 ], [ 73.0111106, 19.5397396, 0.0 ], [ 73.011074, 19.5394495, 0.0 ], [ 73.0109387, 19.5390941, 0.0 ], [ 73.0107207, 19.5388186, 0.0 ], [ 73.010479, 19.5385289, 0.0 ], [ 73.010267, 19.5381946, 0.0 ], [ 73.0101358, 19.537871, 0.0 ], [ 73.0100587, 19.5376044, 0.0 ], [ 73.0099625, 19.5372887, 0.0 ], [ 73.0099415, 19.5369447, 0.0 ], [ 73.0099625, 19.536208, 0.0 ], [ 73.0099926, 19.5357067, 0.0 ], [ 73.0100351, 19.5352915, 0.0 ], [ 73.0099672, 19.5351274, 0.0 ], [ 73.0098398, 19.534849, 0.0 ], [ 73.0097469, 19.5347342, 0.0 ], [ 73.0095635, 19.5346175, 0.0 ], [ 73.0091127, 19.5345091, 0.0 ], [ 73.0087468, 19.5344521, 0.0 ], [ 73.0084189, 19.5343959, 0.0 ], [ 73.0083722, 19.5343928, 0.0 ], [ 73.0083718, 19.5343928, 0.0 ], [ 73.0077568, 19.5343556, 0.0 ], [ 73.0074658, 19.5343589, 0.0 ], [ 73.0071206, 19.5344426, 0.0 ], [ 73.0067254, 19.5346292, 0.0 ], [ 73.0064157, 19.5348311, 0.0 ], [ 73.0060335, 19.5350767, 0.0 ], [ 73.005648, 19.5352545, 0.0 ], [ 73.0051761, 19.5354576, 0.0 ], [ 73.0047153, 19.5355932, 0.0 ], [ 73.0046014, 19.5355683, 0.0 ], [ 73.0044937, 19.5354757, 0.0 ], [ 73.0043596, 19.5352832, 0.0 ], [ 73.0042648, 19.5350416, 0.0 ], [ 73.0041281, 19.534537, 0.0 ], [ 73.0040092, 19.5343041, 0.0 ], [ 73.0036751, 19.5338814, 0.0 ], [ 73.0033613, 19.533622, 0.0 ], [ 73.0030889, 19.5334312, 0.0 ], [ 73.0029111, 19.5332739, 0.0 ], [ 73.0027861, 19.5331042, 0.0 ], [ 73.0027411, 19.5329812, 0.0 ], [ 73.0027312, 19.5327775, 0.0 ], [ 73.0027731, 19.532611, 0.0 ], [ 73.0028384, 19.5324631, 0.0 ], [ 73.002861, 19.5323007, 0.0 ], [ 73.0028202, 19.5319879, 0.0 ], [ 73.0026925, 19.5317231, 0.0 ], [ 73.00262, 19.5315499, 0.0 ], [ 73.00253, 19.5313039, 0.0 ], [ 73.0025026, 19.5310321, 0.0 ], [ 73.002487, 19.5306609, 0.0 ], [ 73.0024465, 19.53033, 0.0 ], [ 73.0021479, 19.5300302, 0.0 ], [ 73.0019383, 19.5298045, 0.0 ], [ 73.0017518, 19.5293938, 0.0 ], [ 73.0017204, 19.5290857, 0.0 ], [ 73.0016039, 19.5285318, 0.0 ], [ 73.0015403, 19.5281733, 0.0 ], [ 73.0015091, 19.5278561, 0.0 ], [ 73.0014277, 19.5272214, 0.0 ], [ 73.0013072, 19.5266312, 0.0 ], [ 73.0012757, 19.5263322, 0.0 ], [ 73.0013846, 19.5259318, 0.0 ], [ 73.0015335, 19.525668, 0.0 ], [ 73.0018492, 19.5251949, 0.0 ], [ 73.0019182, 19.5250923, 0.0 ], [ 73.0019929, 19.5249491, 0.0 ], [ 73.002109, 19.5246575, 0.0 ], [ 73.0021239, 19.5244136, 0.0 ], [ 73.0021046, 19.5239972, 0.0 ], [ 73.0020462, 19.5233991, 0.0 ], [ 73.0019521, 19.523126, 0.0 ], [ 73.001743, 19.5228731, 0.0 ], [ 73.0014099, 19.5226269, 0.0 ], [ 73.0011617, 19.5224185, 0.0 ], [ 73.0009425, 19.5221926, 0.0 ], [ 73.0006512, 19.5219969, 0.0 ], [ 73.0003775, 19.5218603, 0.0 ], [ 73.0002223, 19.5217668, 0.0 ], [ 73.0000013, 19.5215576, 0.0 ], [ 72.9982803, 19.5199287, 0.0 ] ] ] } },
{ "type": "Feature", "properties": { "objectid": 29217, "rivname": "Daskod Nala", "rilcode": null, "st_length_": 13.7213, "bacode": 14, "ba_name": "West flowing rivers from Tapi to Tadri", "sub_basin": "Bhatsol and others", "remarks": null }, "geometry": { "type": "LineString", "coordinates": [ [ 73.1609856, 20.0060162, 0.0 ], [ 73.1600938, 20.0048018, 0.0 ], [ 73.1595763, 20.003942, 0.0 ], [ 73.1594859, 20.002792, 0.0 ], [ 73.1591841, 20.0021398, 0.0 ], [ 73.1586664, 20.0015197, 0.0 ], [ 73.1581932, 20.0010541, 0.0 ], [ 73.1580665, 20.0009387, 0.0 ], [ 73.1578648, 20.0007541, 0.0 ], [ 73.1576996, 20.0004254, 0.0 ], [ 73.1576692, 20.0001682, 0.0 ], [ 73.1577069, 20.0000449, 0.0 ], [ 73.1577688, 19.9998662, 0.0 ], [ 73.1578281, 19.9995508, 0.0 ], [ 73.1578089, 19.999329, 0.0 ], [ 73.1578085, 19.9991255, 0.0 ], [ 73.1576698, 19.9988969, 0.0 ], [ 73.157679, 19.9986936, 0.0 ], [ 73.1577617, 19.9984013, 0.0 ], [ 73.157767, 19.9981483, 0.0 ], [ 73.1577949, 19.9979635, 0.0 ], [ 73.158005, 19.9977459, 0.0 ], [ 73.1581227, 19.9976125, 0.0 ], [ 73.1581502, 19.9974458, 0.0 ], [ 73.1581485, 19.9972965, 0.0 ], [ 73.1580462, 19.996933, 0.0 ], [ 73.1579794, 19.9967011, 0.0 ], [ 73.1579782, 19.9965338, 0.0 ], [ 73.1581022, 19.9960931, 0.0 ], [ 73.1581671, 19.9957463, 0.0 ], [ 73.1582481, 19.9955308, 0.0 ], [ 73.1583749, 19.9954157, 0.0 ], [ 73.1586102, 19.9953704, 0.0 ], [ 73.1588871, 19.9953937, 0.0 ], [ 73.1590443, 19.9954193, 0.0 ], [ 73.1592406, 19.9954094, 0.0 ], [ 73.1592677, 19.9952562, 0.0 ], [ 73.1591494, 19.9949737, 0.0 ], [ 73.159003, 19.9946635, 0.0 ], [ 73.1589721, 19.9945364, 0.0 ], [ 73.1589466, 19.9943867, 0.0 ], [ 73.1587785, 19.9941981, 0.0 ], [ 73.1586318, 19.9941231, 0.0 ], [ 73.1586152, 19.9940052, 0.0 ], [ 73.1586531, 19.9937979, 0.0 ], [ 73.1587293, 19.9935824, 0.0 ], [ 73.1587303, 19.9933111, 0.0 ], [ 73.1585932, 19.9931192, 0.0 ], [ 73.1585142, 19.9929984, 0.0 ], [ 73.1584589, 19.992802, 0.0 ], [ 73.158422, 19.9926732, 0.0 ], [ 73.158422, 19.9925075, 0.0 ], [ 73.1584835, 19.9923909, 0.0 ], [ 73.1585265, 19.9921822, 0.0 ], [ 73.1585265, 19.9919613, 0.0 ], [ 73.1584773, 19.9918754, 0.0 ], [ 73.1582623, 19.9917895, 0.0 ], [ 73.1580227, 19.9917465, 0.0 ], [ 73.1578322, 19.9916668, 0.0 ], [ 73.1577216, 19.9916115, 0.0 ], [ 73.1576356, 19.9915318, 0.0 ], [ 73.157611, 19.9914029, 0.0 ], [ 73.157654, 19.9912433, 0.0 ], [ 73.1577953, 19.9909979, 0.0 ], [ 73.1578814, 19.9908199, 0.0 ], [ 73.1578707, 19.9906793, 0.0 ], [ 73.1578309, 19.9906223, 0.0 ], [ 73.1576701, 19.9905379, 0.0 ], [ 73.1574129, 19.9904878, 0.0 ], [ 73.1570213, 19.9904578, 0.0 ], [ 73.156642, 19.990306, 0.0 ], [ 73.1564092, 19.9900077, 0.0 ], [ 73.1562444, 19.9896609, 0.0 ], [ 73.156193, 19.9893797, 0.0 ], [ 73.1562566, 19.9890871, 0.0 ], [ 73.1564178, 19.9889274, 0.0 ], [ 73.156651, 19.9887554, 0.0 ], [ 73.1568816, 19.9887056, 0.0 ], [ 73.1570799, 19.9886008, 0.0 ], [ 73.1571405, 19.9884483, 0.0 ], [ 73.1570347, 19.9882473, 0.0 ], [ 73.156953, 19.9880469, 0.0 ], [ 73.1569222, 19.9879152, 0.0 ], [ 73.1568998, 19.987847, 0.0 ], [ 73.1569308, 19.9875131, 0.0 ], [ 73.1570414, 19.9872575, 0.0 ], [ 73.1570979, 19.9870732, 0.0 ], [ 73.1568353, 19.9868286, 0.0 ], [ 73.1565892, 19.9867109, 0.0 ], [ 73.1562561, 19.9866323, 0.0 ], [ 73.155989, 19.9865955, 0.0 ], [ 73.1556698, 19.9865398, 0.0 ], [ 73.1555536, 19.9863839, 0.0 ], [ 73.1554732, 19.9861156, 0.0 ], [ 73.1554947, 19.9857815, 0.0 ], [ 73.1557165, 19.9854647, 0.0 ], [ 73.1559315, 19.9852518, 0.0 ], [ 73.1562719, 19.9849824, 0.0 ], [ 73.1566214, 19.9847405, 0.0 ], [ 73.1568066, 19.9845721, 0.0 ], [ 73.156921, 19.9843664, 0.0 ], [ 73.1570081, 19.9838662, 0.0 ], [ 73.1569996, 19.9835902, 0.0 ], [ 73.1568473, 19.9833297, 0.0 ], [ 73.1565328, 19.9830524, 0.0 ], [ 73.156205, 19.9829513, 0.0 ], [ 73.1559372, 19.9827248, 0.0 ], [ 73.1556696, 19.9824936, 0.0 ], [ 73.1555461, 19.9822246, 0.0 ], [ 73.1555065, 19.982061, 0.0 ], [ 73.155495, 19.9817037, 0.0 ], [ 73.1555216, 19.9811301, 0.0 ], [ 73.155512, 19.9806778, 0.0 ], [ 73.1553873, 19.980472, 0.0 ], [ 73.1551158, 19.980191, 0.0 ], [ 73.1549177, 19.9800652, 0.0 ], [ 73.1546186, 19.9799646, 0.0 ], [ 73.1543338, 19.9798643, 0.0 ], [ 73.1539925, 19.9797222, 0.0 ], [ 73.153699, 19.979581, 0.0 ], [ 73.1535627, 19.9794699, 0.0 ], [ 73.1533827, 19.9791636, 0.0 ], [ 73.1528223, 19.9787552, 0.0 ], [ 73.1525716, 19.9786283, 0.0 ], [ 73.1522728, 19.9785141, 0.0 ], [ 73.1520027, 19.978396, 0.0 ], [ 73.1516641, 19.9783534, 0.0 ], [ 73.1513727, 19.9781128, 0.0 ], [ 73.1510762, 19.9778902, 0.0 ], [ 73.1505057, 19.9777302, 0.0 ], [ 73.1502395, 19.9776573, 0.0 ], [ 73.1498779, 19.9775736, 0.0 ], [ 73.1497494, 19.977544, 0.0 ], [ 73.149284, 19.977395, 0.0 ], [ 73.1489519, 19.9772711, 0.0 ], [ 73.1484411, 19.9770038, 0.0 ], [ 73.147702, 19.9766778, 0.0 ], [ 73.1473171, 19.9765665, 0.0 ], [ 73.1468716, 19.9766033, 0.0 ], [ 73.1465887, 19.976643, 0.0 ], [ 73.1463937, 19.9768157, 0.0 ], [ 73.1462401, 19.9770659, 0.0 ], [ 73.1461242, 19.977344, 0.0 ], [ 73.1459462, 19.9776209, 0.0 ], [ 73.1456401, 19.9778502, 0.0 ], [ 73.1453915, 19.9778455, 0.0 ], [ 73.1450356, 19.9777166, 0.0 ], [ 73.1445666, 19.9775134, 0.0 ], [ 73.1442935, 19.9773138, 0.0 ], [ 73.1440546, 19.9770787, 0.0 ], [ 73.1437055, 19.976855, 0.0 ], [ 73.1432011, 19.9765154, 0.0 ], [ 73.1427158, 19.9761762, 0.0 ], [ 73.14186, 19.9757168, 0.0 ], [ 73.1414351, 19.9754601, 0.0 ], [ 73.1408079, 19.9750503, 0.0 ], [ 73.1403077, 19.9745119, 0.0 ], [ 73.1396624, 19.974052, 0.0 ], [ 73.1389473, 19.9734958, 0.0 ], [ 73.1386939, 19.973274, 0.0 ], [ 73.1385276, 19.9729996, 0.0 ], [ 73.1385198, 19.972692, 0.0 ], [ 73.1385935, 19.972377, 0.0 ], [ 73.1388379, 19.9719024, 0.0 ], [ 73.1391766, 19.971493, 0.0 ], [ 73.1396729, 19.9710865, 0.0 ], [ 73.1399543, 19.9708975, 0.0 ], [ 73.1403144, 19.9708275, 0.0 ], [ 73.1410392, 19.9707011, 0.0 ], [ 73.141621, 19.9705494, 0.0 ], [ 73.1419246, 19.9704332, 0.0 ], [ 73.1421914, 19.9702574, 0.0 ], [ 73.1423417, 19.9701562, 0.0 ], [ 73.1425409, 19.9697893, 0.0 ], [ 73.1431593, 19.9692631, 0.0 ], [ 73.1434964, 19.9687044, 0.0 ], [ 73.1435092, 19.9683294, 0.0 ], [ 73.1434848, 19.9681256, 0.0 ], [ 73.1433096, 19.9678193, 0.0 ], [ 73.1430295, 19.967502, 0.0 ], [ 73.1428972, 19.9674227, 0.0 ], [ 73.1422974, 19.9670722, 0.0 ], [ 73.1409095, 19.9662365, 0.0 ], [ 73.140276, 19.9660955, 0.0 ], [ 73.1397587, 19.9659138, 0.0 ], [ 73.139341, 19.9657702, 0.0 ], [ 73.1392937, 19.9657175, 0.0 ], [ 73.138986, 19.9653747, 0.0 ], [ 73.1390501, 19.9650595, 0.0 ], [ 73.1392736, 19.9648964, 0.0 ], [ 73.1394918, 19.9647514, 0.0 ], [ 73.1397649, 19.9647929, 0.0 ], [ 73.1401001, 19.9648968, 0.0 ], [ 73.1408786, 19.9651432, 0.0 ], [ 73.1413545, 19.9650967, 0.0 ], [ 73.1417944, 19.9653175, 0.0 ], [ 73.1423611, 19.9654323, 0.0 ], [ 73.142848, 19.9654687, 0.0 ], [ 73.143265, 19.9654179, 0.0 ], [ 73.1437793, 19.9652965, 0.0 ], [ 73.1442479, 19.9650658, 0.0 ], [ 73.1448189, 19.9647512, 0.0 ], [ 73.1451738, 19.9644731, 0.0 ], [ 73.1453275, 19.9642138, 0.0 ], [ 73.1454491, 19.9636691, 0.0 ], [ 73.1455087, 19.9631187, 0.0 ], [ 73.1456557, 19.9627236, 0.0 ], [ 73.1459112, 19.962177, 0.0 ], [ 73.146389, 19.9612909, 0.0 ], [ 73.1468638, 19.9605494, 0.0 ], [ 73.1470193, 19.9602043, 0.0 ], [ 73.1473857, 19.9596145, 0.0 ], [ 73.147645, 19.9591131, 0.0 ], [ 73.1476444, 19.9586881, 0.0 ], [ 73.1474981, 19.9583734, 0.0 ], [ 73.1472729, 19.9581748, 0.0 ], [ 73.1469301, 19.958105, 0.0 ], [ 73.1465954, 19.9581031, 0.0 ], [ 73.1460923, 19.9581568, 0.0 ], [ 73.1456535, 19.9583338, 0.0 ], [ 73.1452908, 19.9585259, 0.0 ], [ 73.1448641, 19.9585765, 0.0 ], [ 73.144532, 19.9584572, 0.0 ], [ 73.1442883, 19.9582265, 0.0 ], [ 73.1441576, 19.9578533, 0.0 ], [ 73.1437932, 19.9574485, 0.0 ], [ 73.1434278, 19.9570935, 0.0 ], [ 73.1433418, 19.9568703, 0.0 ], [ 73.1434199, 19.9565644, 0.0 ], [ 73.1435964, 19.9563598, 0.0 ], [ 73.1438332, 19.9562422, 0.0 ], [ 73.1441589, 19.9562167, 0.0 ], [ 73.1445561, 19.9561972, 0.0 ], [ 73.1448874, 19.9561311, 0.0 ], [ 73.1450248, 19.955971, 0.0 ], [ 73.1450865, 19.9557642, 0.0 ], [ 73.1450576, 19.9555467, 0.0 ], [ 73.144958, 19.9552871, 0.0 ], [ 73.1447628, 19.9550212, 0.0 ], [ 73.1445287, 19.9547907, 0.0 ], [ 73.1442331, 19.9545273, 0.0 ], [ 73.1439396, 19.9543907, 0.0 ], [ 73.1434326, 19.9543946, 0.0 ], [ 73.1428621, 19.9544696, 0.0 ], [ 73.142549, 19.9545813, 0.0 ], [ 73.1418956, 19.9549531, 0.0 ], [ 73.1410989, 19.9553176, 0.0 ], [ 73.1402848, 19.9558266, 0.0 ], [ 73.1398925, 19.9558417, 0.0 ], [ 73.139606, 19.9558227, 0.0 ], [ 73.1393404, 19.9557181, 0.0 ], [ 73.1391685, 19.9554889, 0.0 ], [ 73.1389372, 19.9551183, 0.0 ], [ 73.1389238, 19.9546252, 0.0 ], [ 73.1389738, 19.9540791, 0.0 ], [ 73.1390443, 19.9534611, 0.0 ], [ 73.1390348, 19.9530088, 0.0 ], [ 73.1389971, 19.9525335, 0.0 ], [ 73.1388878, 19.9522782, 0.0 ], [ 73.1387049, 19.9518859, 0.0 ], [ 73.138462, 19.9513976, 0.0 ], [ 73.1381674, 19.9510845, 0.0 ], [ 73.1378042, 19.9508516, 0.0 ], [ 73.1372955, 19.9507152, 0.0 ], [ 73.1366359, 19.9507027, 0.0 ], [ 73.1362698, 19.9506098, 0.0 ], [ 73.1358368, 19.9505157, 0.0 ], [ 73.1353909, 19.9505704, 0.0 ], [ 73.1348105, 19.9506589, 0.0 ], [ 73.134369, 19.9507364, 0.0 ], [ 73.134015, 19.9509692, 0.0 ], [ 73.1332011, 19.9512475, 0.0 ], [ 73.1325618, 19.9516286, 0.0 ], [ 73.1320033, 19.9518169, 0.0 ], [ 73.1314751, 19.9519199, 0.0 ], [ 73.1311021, 19.9519263, 0.0 ], [ 73.1305138, 19.9519377, 0.0 ], [ 73.1302907, 19.9518611, 0.0 ], [ 73.1301456, 19.9517136, 0.0 ], [ 73.1301076, 19.9514778, 0.0 ], [ 73.1302091, 19.951204, 0.0 ], [ 73.1304345, 19.9509461, 0.0 ], [ 73.1307961, 19.9505822, 0.0 ], [ 73.1313024, 19.9501579, 0.0 ], [ 73.1319007, 19.9496766, 0.0 ], [ 73.1322049, 19.9493117, 0.0 ], [ 73.1323366, 19.948966, 0.0 ], [ 73.1324021, 19.948583, 0.0 ], [ 73.1323728, 19.947945, 0.0 ], [ 73.1322593, 19.947658, 0.0 ], [ 73.1321955, 19.9475121, 0.0 ], [ 73.1321549, 19.9469507, 0.0 ], [ 73.132238, 19.9464188, 0.0 ], [ 73.1325411, 19.9454345, 0.0 ], [ 73.1328111, 19.9444315, 0.0 ], [ 73.1329268, 19.9439365, 0.0 ], [ 73.1331057, 19.9431713, 0.0 ], [ 73.1332347, 19.9427262, 0.0 ], [ 73.1333436, 19.9421044, 0.0 ], [ 73.1332365, 19.9410961, 0.0 ] ] } },
{ "type": "Feature", "properties": { "objectid": 29267, "rivname": "Bhima", "rilcode": null, "st_length_": 11.6474, "bacode": 14, "ba_name": "West flowing rivers from Tapi to Tadri", "sub_basin": "Bhatsol and others", "remarks": null }, "geometry": { "type": "LineString", "coordinates": [ [ 73.5560075, 19.7107485, 0.0 ], [ 73.5562803, 19.7104547, 0.0 ], [ 73.5565693, 19.7100707, 0.0 ], [ 73.556948, 19.7094803, 0.0 ], [ 73.5572618, 19.7090425, 0.0 ], [ 73.5574483, 19.7087699, 0.0 ], [ 73.5575424, 19.7085861, 0.0 ], [ 73.5575929, 19.7084423, 0.0 ], [ 73.5576445, 19.7082352, 0.0 ], [ 73.55767, 19.7078965, 0.0 ], [ 73.5577233, 19.7073458, 0.0 ], [ 73.5578132, 19.7068861, 0.0 ], [ 73.5578546, 19.7067105, 0.0 ], [ 73.5579242, 19.7065625, 0.0 ], [ 73.5580724, 19.7062982, 0.0 ], [ 73.5581838, 19.7062142, 0.0 ], [ 73.5583152, 19.7060853, 0.0 ], [ 73.5584015, 19.705811, 0.0 ], [ 73.5585862, 19.7051223, 0.0 ], [ 73.5587367, 19.7047405, 0.0 ], [ 73.5588483, 19.7043898, 0.0 ], [ 73.5588565, 19.7042091, 0.0 ], [ 73.558857, 19.7036666, 0.0 ], [ 73.5588363, 19.7035034, 0.0 ], [ 73.5587733, 19.7030457, 0.0 ], [ 73.5587212, 19.7025113, 0.0 ], [ 73.5586944, 19.7021583, 0.0 ], [ 73.5586855, 19.7016201, 0.0 ], [ 73.5586267, 19.7011895, 0.0 ], [ 73.5585678, 19.7007726, 0.0 ], [ 73.5585558, 19.7006458, 0.0 ], [ 73.5584267, 19.6993867, 0.0 ], [ 73.5583858, 19.6990243, 0.0 ], [ 73.5583762, 19.6987709, 0.0 ], [ 73.5584287, 19.6985186, 0.0 ], [ 73.5584944, 19.6983254, 0.0 ], [ 73.558498, 19.6981355, 0.0 ], [ 73.5584929, 19.6979003, 0.0 ], [ 73.55841, 19.6977362, 0.0 ], [ 73.558278, 19.6976435, 0.0 ], [ 73.5581119, 19.6975954, 0.0 ], [ 73.5579548, 19.6975748, 0.0 ], [ 73.5576208, 19.6975646, 0.0 ], [ 73.5573662, 19.6976507, 0.0 ], [ 73.5571643, 19.6977242, 0.0 ], [ 73.5569586, 19.6977478, 0.0 ], [ 73.5567008, 19.697748, 0.0 ], [ 73.5563678, 19.6976836, 0.0 ], [ 73.5562356, 19.6976091, 0.0 ], [ 73.5559652, 19.697514, 0.0 ], [ 73.5558036, 19.6974797, 0.0 ], [ 73.5556463, 19.6974635, 0.0 ], [ 73.5553358, 19.6974809, 0.0 ], [ 73.5550432, 19.6975528, 0.0 ], [ 73.5545573, 19.697748, 0.0 ], [ 73.5534859, 19.6981762, 0.0 ], [ 73.5528642, 19.6984247, 0.0 ], [ 73.5525275, 19.6985592, 0.0 ], [ 73.5522489, 19.698654, 0.0 ], [ 73.5519182, 19.6987207, 0.0 ], [ 73.5513971, 19.6987617, 0.0 ], [ 73.5505903, 19.6987661, 0.0 ], [ 73.5499633, 19.6988505, 0.0 ], [ 73.5497048, 19.6988913, 0.0 ], [ 73.549209, 19.6988512, 0.0 ], [ 73.5488229, 19.6988221, 0.0 ], [ 73.5484684, 19.6988884, 0.0 ], [ 73.5482096, 19.6989429, 0.0 ], [ 73.5480278, 19.6989669, 0.0 ], [ 73.547846, 19.6989864, 0.0 ], [ 73.5476137, 19.6989011, 0.0 ], [ 73.5473235, 19.6988465, 0.0 ], [ 73.5468812, 19.6987621, 0.0 ], [ 73.546117, 19.6987764, 0.0 ], [ 73.5455536, 19.6987849, 0.0 ], [ 73.5450356, 19.6989118, 0.0 ], [ 73.5446379, 19.698991, 0.0 ], [ 73.5440591, 19.6990535, 0.0 ], [ 73.5435959, 19.6990637, 0.0 ], [ 73.5430364, 19.6991085, 0.0 ], [ 73.5427692, 19.6991085, 0.0 ], [ 73.5424693, 19.6990627, 0.0 ], [ 73.5425571, 19.6989648, 0.0 ], [ 73.5426027, 19.6988208, 0.0 ], [ 73.5425584, 19.698386, 0.0 ], [ 73.5424939, 19.6982629, 0.0 ], [ 73.5423294, 19.6981244, 0.0 ], [ 73.5421203, 19.6980802, 0.0 ], [ 73.5417979, 19.6979572, 0.0 ], [ 73.5415733, 19.6977183, 0.0 ], [ 73.5414384, 19.6975351, 0.0 ], [ 73.5413402, 19.6974204, 0.0 ], [ 73.5412362, 19.697369, 0.0 ], [ 73.5410314, 19.6973428, 0.0 ], [ 73.5408538, 19.6973941, 0.0 ], [ 73.5407712, 19.6974741, 0.0 ], [ 73.540671, 19.6977211, 0.0 ], [ 73.5404983, 19.6980165, 0.0 ], [ 73.5403648, 19.6982629, 0.0 ], [ 73.5401623, 19.698368, 0.0 ], [ 73.5398714, 19.698354, 0.0 ], [ 73.539719, 19.6983334, 0.0 ], [ 73.5390689, 19.6983811, 0.0 ], [ 73.5386053, 19.6984094, 0.0 ], [ 73.5382325, 19.6984302, 0.0 ], [ 73.5378737, 19.6984738, 0.0 ], [ 73.5375814, 19.6985276, 0.0 ], [ 73.537414, 19.6985474, 0.0 ], [ 73.5372756, 19.6985451, 0.0 ], [ 73.5371422, 19.6985293, 0.0 ], [ 73.5369237, 19.6984713, 0.0 ], [ 73.5366436, 19.6983942, 0.0 ], [ 73.5363819, 19.6983446, 0.0 ], [ 73.5361573, 19.6983543, 0.0 ], [ 73.5359175, 19.698418, 0.0 ], [ 73.5357194, 19.6985368, 0.0 ], [ 73.5356267, 19.6986482, 0.0 ], [ 73.535381, 19.6987661, 0.0 ], [ 73.53494, 19.6991113, 0.0 ], [ 73.5346378, 19.6994407, 0.0 ], [ 73.5343441, 19.6998245, 0.0 ], [ 73.5342126, 19.699967, 0.0 ], [ 73.5340776, 19.7000325, 0.0 ], [ 73.5338761, 19.7000879, 0.0 ], [ 73.5336937, 19.7001391, 0.0 ], [ 73.5334218, 19.7001254, 0.0 ], [ 73.5330312, 19.7000781, 0.0 ], [ 73.5327075, 19.7000364, 0.0 ], [ 73.53255, 19.7000338, 0.0 ], [ 73.5324395, 19.700068, 0.0 ], [ 73.5322699, 19.7002008, 0.0 ], [ 73.5319981, 19.7004403, 0.0 ], [ 73.5318287, 19.7005595, 0.0 ], [ 73.5316983, 19.7006386, 0.0 ], [ 73.531497, 19.7006804, 0.0 ], [ 73.5312775, 19.7006767, 0.0 ], [ 73.5309584, 19.7006396, 0.0 ], [ 73.5307391, 19.7006224, 0.0 ], [ 73.530557, 19.7006554, 0.0 ], [ 73.5303554, 19.7007153, 0.0 ], [ 73.529966, 19.7008579, 0.0 ], [ 73.5294709, 19.7010393, 0.0 ], [ 73.5289356, 19.7013241, 0.0 ], [ 73.5286892, 19.7014736, 0.0 ], [ 73.5285305, 19.7015387, 0.0 ], [ 73.5283913, 19.7015771, 0.0 ], [ 73.5282436, 19.7015656, 0.0 ], [ 73.5279848, 19.7016154, 0.0 ], [ 73.5277243, 19.7017601, 0.0 ], [ 73.5271675, 19.7021667, 0.0 ], [ 73.526543, 19.7026262, 0.0 ], [ 73.5262253, 19.7027655, 0.0 ], [ 73.525952, 19.7028287, 0.0 ], [ 73.525405, 19.7029731, 0.0 ], [ 73.5247927, 19.7030395, 0.0 ], [ 73.5243869, 19.7030371, 0.0 ], [ 73.5239685, 19.7029486, 0.0 ], [ 73.5237539, 19.7029358, 0.0 ], [ 73.5235241, 19.7029681, 0.0 ], [ 73.5233169, 19.7030731, 0.0 ], [ 73.5230414, 19.7032492, 0.0 ], [ 73.5228079, 19.7034804, 0.0 ], [ 73.5226689, 19.7037629, 0.0 ], [ 73.5225988, 19.703929, 0.0 ], [ 73.5225051, 19.7040901, 0.0 ], [ 73.5224645, 19.704216, 0.0 ], [ 73.5222703, 19.7046377, 0.0 ], [ 73.5219257, 19.7051879, 0.0 ], [ 73.5218223, 19.705349, 0.0 ], [ 73.5216561, 19.705554, 0.0 ], [ 73.5214454, 19.7058399, 0.0 ], [ 73.5209984, 19.7062527, 0.0 ], [ 73.5205697, 19.7067021, 0.0 ], [ 73.520391, 19.706812, 0.0 ], [ 73.5202125, 19.7069084, 0.0 ], [ 73.5199292, 19.706994, 0.0 ], [ 73.5197567, 19.7070273, 0.0 ], [ 73.519159, 19.7070803, 0.0 ], [ 73.5188962, 19.7070895, 0.0 ], [ 73.5186555, 19.7071938, 0.0 ], [ 73.518366, 19.7073561, 0.0 ], [ 73.5180033, 19.7075986, 0.0 ], [ 73.5176253, 19.7078952, 0.0 ], [ 73.517281, 19.7081741, 0.0 ], [ 73.5169861, 19.708368, 0.0 ], [ 73.5167114, 19.7085034, 0.0 ], [ 73.5162401, 19.7086807, 0.0 ], [ 73.5158316, 19.708823, 0.0 ], [ 73.5156435, 19.7089283, 0.0 ], [ 73.5152054, 19.7091152, 0.0 ], [ 73.5149271, 19.7091918, 0.0 ], [ 73.5147407, 19.7092067, 0.0 ], [ 73.5145008, 19.709266, 0.0 ], [ 73.5143521, 19.7093041, 0.0 ], [ 73.5141643, 19.7093868, 0.0 ], [ 73.513889, 19.7095539, 0.0 ], [ 73.5133169, 19.7100098, 0.0 ], [ 73.5131001, 19.7101146, 0.0 ], [ 73.5128786, 19.7102148, 0.0 ], [ 73.5127633, 19.710249, 0.0 ], [ 73.5124669, 19.7102755, 0.0 ], [ 73.5121384, 19.7102293, 0.0 ], [ 73.5119439, 19.7101626, 0.0 ], [ 73.511796, 19.7101556, 0.0 ], [ 73.5116797, 19.7102441, 0.0 ], [ 73.5113883, 19.7105058, 0.0 ], [ 73.5110485, 19.7108029, 0.0 ], [ 73.5105353, 19.7111694, 0.0 ], [ 73.5099712, 19.7114672, 0.0 ], [ 73.5095568, 19.7116636, 0.0 ], [ 73.5091664, 19.7118558, 0.0 ], [ 73.5087086, 19.7120831, 0.0 ], [ 73.5080238, 19.7124376, 0.0 ], [ 73.5073136, 19.712882, 0.0 ], [ 73.50699, 19.713071, 0.0 ], [ 73.506768, 19.7131982, 0.0 ], [ 73.5065186, 19.7132572, 0.0 ], [ 73.5063082, 19.7132762, 0.0 ], [ 73.5060304, 19.7133213, 0.0 ], [ 73.5058948, 19.7134229, 0.0 ], [ 73.5050974, 19.7139247, 0.0 ], [ 73.5048805, 19.7140385, 0.0 ], [ 73.5046019, 19.7141241, 0.0 ], [ 73.5042435, 19.7141451, 0.0 ], [ 73.5036416, 19.7141619, 0.0 ], [ 73.5029102, 19.7142082, 0.0 ], [ 73.5025648, 19.7142972, 0.0 ], [ 73.502185, 19.7144353, 0.0 ], [ 73.5017959, 19.7145553, 0.0 ], [ 73.5015216, 19.7146726, 0.0 ], [ 73.5012478, 19.7147583, 0.0 ], [ 73.501185, 19.7148015, 0.0 ], [ 73.5011742, 19.7148089, 0.0 ], [ 73.5010338, 19.7149222, 0.0 ], [ 73.5009114, 19.715125, 0.0 ], [ 73.5008313, 19.7156041, 0.0 ], [ 73.5006239, 19.7160185, 0.0 ], [ 73.5002681, 19.7164459, 0.0 ], [ 73.5000167, 19.7165494, 0.0 ], [ 73.4998948, 19.7165578, 0.0 ], [ 73.4994368, 19.7166221, 0.0 ], [ 73.4992303, 19.7166888, 0.0 ], [ 73.4991794, 19.7167053, 0.0 ], [ 73.4982694, 19.7171294, 0.0 ], [ 73.4977168, 19.7172769, 0.0 ], [ 73.4974897, 19.7172844, 0.0 ], [ 73.4974279, 19.7172597, 0.0 ], [ 73.4973005, 19.7172088, 0.0 ], [ 73.4964286, 19.7168526, 0.0 ], [ 73.4958298, 19.7165832, 0.0 ], [ 73.4956248, 19.7165993, 0.0 ], [ 73.4952579, 19.7168041, 0.0 ], [ 73.4949679, 19.7170141, 0.0 ], [ 73.4948263, 19.7171166, 0.0 ], [ 73.494535, 19.7174453, 0.0 ], [ 73.4941672, 19.7183967, 0.0 ], [ 73.4940761, 19.7187403, 0.0 ], [ 73.4937951, 19.7198001, 0.0 ], [ 73.4937875, 19.7198289, 0.0 ], [ 73.4937093, 19.7200722, 0.0 ], [ 73.4936401, 19.7201834, 0.0 ], [ 73.4934175, 19.7202465, 0.0 ], [ 73.4930927, 19.7202915, 0.0 ], [ 73.4929403, 19.72027, 0.0 ], [ 73.4922507, 19.7201728, 0.0 ], [ 73.4920957, 19.7201752, 0.0 ], [ 73.4919763, 19.7201771, 0.0 ], [ 73.4918006, 19.7202327, 0.0 ], [ 73.4916805, 19.7203655, 0.0 ], [ 73.4911524, 19.7211215, 0.0 ], [ 73.4907879, 19.7214221, 0.0 ], [ 73.4906851, 19.7215069, 0.0 ], [ 73.4898181, 19.7221253, 0.0 ], [ 73.4891396, 19.7223834, 0.0 ], [ 73.4890079, 19.7224336, 0.0 ], [ 73.4884334, 19.7225149, 0.0 ], [ 73.4878935, 19.722407, 0.0 ], [ 73.4874458, 19.7223126, 0.0 ], [ 73.4871118, 19.7222421, 0.0 ], [ 73.4868156, 19.7222712, 0.0 ], [ 73.4866359, 19.7223197, 0.0 ], [ 73.4864951, 19.7226688, 0.0 ], [ 73.4863543, 19.7234544, 0.0 ], [ 73.4862279, 19.7245779, 0.0 ], [ 73.4862085, 19.7252277, 0.0 ], [ 73.4860742, 19.7255959, 0.0 ], [ 73.4857918, 19.725881, 0.0 ], [ 73.4856703, 19.7259265, 0.0 ], [ 73.4850311, 19.7258985, 0.0 ] ] } },
{ "type": "Feature", "properties": { "objectid": 29977, "rivname": "Varna N", "rilcode": null, "st_length_": 22.8961, "bacode": 14, "ba_name": "West flowing rivers from Tapi to Tadri", "sub_basin": "Bhatsol and others", "remarks": null }, "geometry": { "type": "LineString", "coordinates": [ [ 73.0349033, 19.4418936, 0.0 ], [ 73.0347294, 19.4417894, 0.0 ] ] } },
{ "type": "Feature", "properties": { "objectid": 29991, "rivname": "Konta Nala", "rilcode": null, "st_length_": 22.2214, "bacode": 14, "ba_name": "West flowing rivers from Tapi to Tadri", "sub_basin": "Bhatsol and others", "remarks": null }, "geometry": { "type": "LineString", "coordinates": [ [ 72.9781233, 19.8470836, 0.0 ], [ 72.9779635, 19.8469628, 0.0 ], [ 72.9777976, 19.8469008, 0.0 ], [ 72.9775025, 19.8468497, 0.0 ], [ 72.9771936, 19.8467757, 0.0 ], [ 72.9767134, 19.8466712, 0.0 ], [ 72.9763997, 19.8465926, 0.0 ], [ 72.9761342, 19.8464969, 0.0 ], [ 72.975879, 19.8463743, 0.0 ], [ 72.9756529, 19.846225, 0.0 ], [ 72.9754134, 19.8460349, 0.0 ], [ 72.9751889, 19.8458225, 0.0 ], [ 72.9749847, 19.8455517, 0.0 ], [ 72.9746496, 19.8451471, 0.0 ], [ 72.9742524, 19.8447459, 0.0 ], [ 72.9739822, 19.844433, 0.0 ], [ 72.9737925, 19.8441534, 0.0 ], [ 72.9735312, 19.8438725, 0.0 ], [ 72.9732042, 19.8435359, 0.0 ], [ 72.9730037, 19.8433148, 0.0 ], [ 72.9726873, 19.8429332, 0.0 ], [ 72.9723232, 19.8425462, 0.0 ], [ 72.9720121, 19.8421422, 0.0 ], [ 72.9718536, 19.8419627, 0.0 ], [ 72.9717536, 19.8417346, 0.0 ], [ 72.9716732, 19.8414799, 0.0 ], [ 72.9714963, 19.8412728, 0.0 ], [ 72.9712947, 19.8411015, 0.0 ], [ 72.9709931, 19.8409101, 0.0 ], [ 72.9706142, 19.8407579, 0.0 ], [ 72.9701884, 19.8405686, 0.0 ], [ 72.9698725, 19.8403769, 0.0 ], [ 72.9695994, 19.8401997, 0.0 ], [ 72.96935, 19.8400274, 0.0 ], [ 72.9690866, 19.8398368, 0.0 ], [ 72.9688533, 19.839588, 0.0 ], [ 72.968606, 19.8393208, 0.0 ], [ 72.9683253, 19.8390529, 0.0 ], [ 72.9681723, 19.8388419, 0.0 ], [ 72.9680515, 19.8386903, 0.0 ], [ 72.9679146, 19.8384027, 0.0 ], [ 72.9675612, 19.8379661, 0.0 ], [ 72.9671367, 19.8375055, 0.0 ], [ 72.9668514, 19.837224, 0.0 ], [ 72.9666316, 19.8370117, 0.0 ], [ 72.9664952, 19.836914, 0.0 ], [ 72.9662743, 19.8367559, 0.0 ], [ 72.966087, 19.8365804, 0.0 ], [ 72.9659667, 19.8364016, 0.0 ], [ 72.9658707, 19.8362098, 0.0 ], [ 72.9657979, 19.8360501, 0.0 ], [ 72.9657499, 19.8358412, 0.0 ], [ 72.9657581, 19.8356876, 0.0 ], [ 72.965807, 19.8354218, 0.0 ], [ 72.9659621, 19.8348959, 0.0 ], [ 72.9660774, 19.8344415, 0.0 ], [ 72.9661408, 19.834167, 0.0 ], [ 72.9661382, 19.8338595, 0.0 ], [ 72.9661699, 19.8335076, 0.0 ], [ 72.966176, 19.8332319, 0.0 ], [ 72.966176, 19.8330193, 0.0 ], [ 72.9661398, 19.8327157, 0.0 ], [ 72.9660784, 19.8324658, 0.0 ], [ 72.9660597, 19.8322348, 0.0 ], [ 72.9660878, 19.8320455, 0.0 ], [ 72.9661409, 19.831807, 0.0 ], [ 72.9662743, 19.8316107, 0.0 ], [ 72.9665939, 19.8312056, 0.0 ], [ 72.9671507, 19.8306606, 0.0 ], [ 72.9673765, 19.8303938, 0.0 ], [ 72.9674712, 19.8302149, 0.0 ], [ 72.9675444, 19.8299315, 0.0 ], [ 72.9675918, 19.829521, 0.0 ], [ 72.9679967, 19.827938, 0.0 ], [ 72.96852, 19.8277164, 0.0 ], [ 72.9686388, 19.8277263, 0.0 ], [ 72.9687379, 19.8277065, 0.0 ], [ 72.9688567, 19.8275878, 0.0 ], [ 72.9689359, 19.8274691, 0.0 ], [ 72.9689854, 19.827301, 0.0 ], [ 72.9690844, 19.8270933, 0.0 ], [ 72.9692032, 19.8269846, 0.0 ], [ 72.9693913, 19.8268955, 0.0 ], [ 72.969619, 19.8268164, 0.0 ], [ 72.9696716, 19.8268018, 0.0 ], [ 72.9697972, 19.826767, 0.0 ], [ 72.9699557, 19.8266384, 0.0 ], [ 72.9701339, 19.8264703, 0.0 ], [ 72.9703022, 19.8264208, 0.0 ], [ 72.9704309, 19.8263219, 0.0 ], [ 72.9704507, 19.8262132, 0.0 ], [ 72.9704012, 19.8261044, 0.0 ], [ 72.9701953, 19.8258909, 0.0 ], [ 72.9701854, 19.8257722, 0.0 ], [ 72.9702646, 19.8256041, 0.0 ], [ 72.9702943, 19.8255052, 0.0 ], [ 72.9702943, 19.8253568, 0.0 ], [ 72.9702349, 19.8252382, 0.0 ], [ 72.9701557, 19.8251393, 0.0 ], [ 72.9700864, 19.8250601, 0.0 ], [ 72.9700963, 19.8249612, 0.0 ], [ 72.9701755, 19.8248722, 0.0 ], [ 72.9702943, 19.824892, 0.0 ], [ 72.9704824, 19.8250404, 0.0 ], [ 72.9706507, 19.8251491, 0.0 ], [ 72.970819, 19.8251393, 0.0 ], [ 72.9708883, 19.82507, 0.0 ], [ 72.9707992, 19.8249019, 0.0 ], [ 72.9707299, 19.8247437, 0.0 ], [ 72.9706804, 19.8245953, 0.0 ], [ 72.9707101, 19.8245162, 0.0 ], [ 72.9708289, 19.8244865, 0.0 ], [ 72.9709774, 19.8244173, 0.0 ], [ 72.9712646, 19.8242986, 0.0 ], [ 72.9714824, 19.8241602, 0.0 ], [ 72.9716408, 19.8241305, 0.0 ], [ 72.9717596, 19.8241899, 0.0 ], [ 72.9718586, 19.8242492, 0.0 ], [ 72.9720863, 19.8242492, 0.0 ], [ 72.9722249, 19.8241404, 0.0 ], [ 72.9725417, 19.8239426, 0.0 ], [ 72.9728487, 19.8238734, 0.0 ], [ 72.9731754, 19.8238042, 0.0 ], [ 72.9736605, 19.8238536, 0.0 ], [ 72.9738684, 19.8237349, 0.0 ], [ 72.9740269, 19.8237547, 0.0 ], [ 72.9742744, 19.8238536, 0.0 ], [ 72.9744328, 19.8239822, 0.0 ], [ 72.9745021, 19.8240415, 0.0 ], [ 72.974611, 19.8240019, 0.0 ], [ 72.9746308, 19.8238734, 0.0 ], [ 72.9745417, 19.8237844, 0.0 ], [ 72.9745021, 19.8236756, 0.0 ], [ 72.9745714, 19.8235569, 0.0 ], [ 72.9747298, 19.823458, 0.0 ], [ 72.974809, 19.8233591, 0.0 ], [ 72.9748981, 19.8232009, 0.0 ], [ 72.9748486, 19.8230525, 0.0 ], [ 72.9746033, 19.822504, 0.0 ], [ 72.9746033, 19.8222864, 0.0 ], [ 72.9746825, 19.822148, 0.0 ], [ 72.9748112, 19.8220886, 0.0 ], [ 72.9749795, 19.822148, 0.0 ], [ 72.9751874, 19.8222963, 0.0 ], [ 72.9752864, 19.8222172, 0.0 ], [ 72.9753755, 19.8220688, 0.0 ], [ 72.975425, 19.8217919, 0.0 ], [ 72.9754547, 19.8214853, 0.0 ], [ 72.9754547, 19.8212579, 0.0 ], [ 72.9755042, 19.8210403, 0.0 ], [ 72.9755933, 19.820892, 0.0 ], [ 72.9756333, 19.8206979, 0.0 ], [ 72.9756333, 19.8205891, 0.0 ], [ 72.9754947, 19.8205001, 0.0 ], [ 72.9754155, 19.8204507, 0.0 ], [ 72.975356, 19.8203122, 0.0 ], [ 72.9754056, 19.8201441, 0.0 ], [ 72.9755046, 19.8200057, 0.0 ], [ 72.9756333, 19.8199661, 0.0 ], [ 72.9759105, 19.8199661, 0.0 ], [ 72.9762174, 19.8200155, 0.0 ], [ 72.9765045, 19.8201045, 0.0 ], [ 72.9766233, 19.8200947, 0.0 ], [ 72.9767322, 19.8200057, 0.0 ], [ 72.9768241, 19.819868, 0.0 ], [ 72.9768313, 19.8198573, 0.0 ], [ 72.9769897, 19.8198177, 0.0 ], [ 72.977158, 19.8197782, 0.0 ], [ 72.9772867, 19.8196793, 0.0 ], [ 72.9773164, 19.8195309, 0.0 ], [ 72.9773263, 19.8193332, 0.0 ], [ 72.9773263, 19.8192046, 0.0 ], [ 72.9774154, 19.8191354, 0.0 ], [ 72.9776629, 19.8190167, 0.0 ], [ 72.9778906, 19.8189475, 0.0 ], [ 72.9782867, 19.818898, 0.0 ], [ 72.9785936, 19.8188486, 0.0 ], [ 72.9786629, 19.8185519, 0.0 ], [ 72.9786926, 19.818364, 0.0 ], [ 72.9786332, 19.8182255, 0.0 ], [ 72.9784946, 19.8181266, 0.0 ], [ 72.9783758, 19.8180772, 0.0 ], [ 72.9781876, 19.817998, 0.0 ], [ 72.9780787, 19.8178794, 0.0 ], [ 72.9779698, 19.8177211, 0.0 ], [ 72.977851, 19.8176618, 0.0 ], [ 72.9777322, 19.8176519, 0.0 ], [ 72.9775837, 19.8176618, 0.0 ], [ 72.9774946, 19.8176321, 0.0 ], [ 72.9774154, 19.8175827, 0.0 ], [ 72.9773857, 19.8174739, 0.0 ], [ 72.9773758, 19.8173157, 0.0 ], [ 72.9774285, 19.8169948, 0.0 ], [ 72.9775275, 19.816797, 0.0 ], [ 72.9776166, 19.8166388, 0.0 ], [ 72.9777453, 19.8165003, 0.0 ], [ 72.9779433, 19.8163916, 0.0 ], [ 72.9780918, 19.8163619, 0.0 ], [ 72.9782008, 19.8162927, 0.0 ], [ 72.978181, 19.8161641, 0.0 ], [ 72.9781157, 19.8160058, 0.0 ], [ 72.9781117, 19.815996, 0.0 ], [ 72.9780226, 19.8158674, 0.0 ], [ 72.977874, 19.815719, 0.0 ], [ 72.9777651, 19.8156004, 0.0 ], [ 72.9777453, 19.8154718, 0.0 ], [ 72.9777552, 19.815363, 0.0 ], [ 72.9779235, 19.8152641, 0.0 ], [ 72.9780918, 19.8151652, 0.0 ], [ 72.9783089, 19.815033, 0.0 ], [ 72.9784871, 19.8148352, 0.0 ], [ 72.9785564, 19.8145385, 0.0 ], [ 72.9785564, 19.8142813, 0.0 ], [ 72.9785564, 19.8141033, 0.0 ], [ 72.978596, 19.8139451, 0.0 ], [ 72.978695, 19.8138956, 0.0 ], [ 72.978794, 19.8139055, 0.0 ], [ 72.9789624, 19.8139649, 0.0 ], [ 72.9791703, 19.8140835, 0.0 ], [ 72.9793584, 19.8141528, 0.0 ], [ 72.9795366, 19.8141725, 0.0 ], [ 72.9796554, 19.8141132, 0.0 ], [ 72.9797247, 19.8138858, 0.0 ], [ 72.979746, 19.8137315, 0.0 ], [ 72.9797643, 19.8135989, 0.0 ], [ 72.9798336, 19.8133715, 0.0 ], [ 72.9799326, 19.8132528, 0.0 ], [ 72.9800811, 19.8131341, 0.0 ], [ 72.9803089, 19.8130847, 0.0 ], [ 72.9805267, 19.813144, 0.0 ], [ 72.9807544, 19.8132429, 0.0 ], [ 72.9808831, 19.8132627, 0.0 ], [ 72.9811207, 19.8132034, 0.0 ], [ 72.9813088, 19.8130847, 0.0 ], [ 72.9814294, 19.8129222, 0.0 ], [ 72.9815284, 19.8127343, 0.0 ], [ 72.9815284, 19.8125859, 0.0 ], [ 72.9814789, 19.8123882, 0.0 ], [ 72.9813997, 19.8122101, 0.0 ], [ 72.9813502, 19.8120519, 0.0 ], [ 72.9814492, 19.8117453, 0.0 ], [ 72.9814659, 19.8117108, 0.0 ], [ 72.9815878, 19.8114585, 0.0 ], [ 72.9816571, 19.8113003, 0.0 ], [ 72.9818056, 19.8111915, 0.0 ], [ 72.982162, 19.8109937, 0.0 ], [ 72.9826985, 19.8106908, 0.0 ], [ 72.9828371, 19.8105128, 0.0 ], [ 72.9828866, 19.8103941, 0.0 ], [ 72.982946, 19.810226, 0.0 ], [ 72.9829361, 19.8099194, 0.0 ], [ 72.9828866, 19.8098205, 0.0 ], [ 72.9827876, 19.8097414, 0.0 ], [ 72.9826787, 19.8097117, 0.0 ], [ 72.982451, 19.8097612, 0.0 ], [ 72.9822431, 19.8097315, 0.0 ], [ 72.9821045, 19.8096425, 0.0 ], [ 72.9819956, 19.8096326, 0.0 ], [ 72.981857, 19.8096919, 0.0 ], [ 72.9817481, 19.8097117, 0.0 ], [ 72.9814906, 19.809593, 0.0 ], [ 72.9813817, 19.8095238, 0.0 ], [ 72.9813322, 19.8093755, 0.0 ], [ 72.9813025, 19.8092073, 0.0 ], [ 72.9813916, 19.8089205, 0.0 ], [ 72.9814807, 19.8087821, 0.0 ], [ 72.9816194, 19.8086239, 0.0 ], [ 72.9816673, 19.8085252, 0.0 ], [ 72.9817778, 19.8082975, 0.0 ], [ 72.9818669, 19.8080404, 0.0 ], [ 72.9818669, 19.8077931, 0.0 ], [ 72.9818768, 19.8075953, 0.0 ], [ 72.9819857, 19.8074668, 0.0 ], [ 72.9821144, 19.8073777, 0.0 ], [ 72.9823124, 19.8073283, 0.0 ], [ 72.9826688, 19.8072887, 0.0 ], [ 72.9830055, 19.8073283, 0.0 ], [ 72.983352, 19.8072986, 0.0 ], [ 72.9834905, 19.807155, 0.0 ], [ 72.9834905, 19.8070066, 0.0 ], [ 72.9834014, 19.8067693, 0.0 ], [ 72.9833618, 19.8065616, 0.0 ], [ 72.9833321, 19.8062451, 0.0 ], [ 72.9832826, 19.806077, 0.0 ], [ 72.9831638, 19.805899, 0.0 ], [ 72.9830549, 19.8057803, 0.0 ], [ 72.9829064, 19.8056418, 0.0 ], [ 72.9828965, 19.8054243, 0.0 ], [ 72.9829658, 19.8052759, 0.0 ], [ 72.9831935, 19.8050979, 0.0 ], [ 72.9832727, 19.8049496, 0.0 ], [ 72.9833123, 19.8048012, 0.0 ], [ 72.983441, 19.8046924, 0.0 ], [ 72.983639, 19.8046232, 0.0 ], [ 72.9838767, 19.8045836, 0.0 ], [ 72.9841638, 19.804554, 0.0 ], [ 72.9849877, 19.8042518, 0.0 ], [ 72.9853342, 19.8041727, 0.0 ], [ 72.9855223, 19.8041628, 0.0 ], [ 72.9857302, 19.804054, 0.0 ], [ 72.9858886, 19.8038661, 0.0 ], [ 72.9860866, 19.80352, 0.0 ], [ 72.9863837, 19.8032332, 0.0 ], [ 72.9866312, 19.8030552, 0.0 ], [ 72.9869975, 19.8029464, 0.0 ], [ 72.9873737, 19.8028376, 0.0 ], [ 72.9876906, 19.8027782, 0.0 ], [ 72.987948, 19.802798, 0.0 ], [ 72.9883044, 19.8028178, 0.0 ], [ 72.9885915, 19.8029266, 0.0 ], [ 72.9888588, 19.8029563, 0.0 ], [ 72.9890055, 19.8029371, 0.0 ], [ 72.9890865, 19.8029266, 0.0 ], [ 72.989344, 19.8028574, 0.0 ], [ 72.9900073, 19.8023332, 0.0 ], [ 72.9900964, 19.8020959, 0.0 ], [ 72.9900667, 19.8019574, 0.0 ], [ 72.9900073, 19.8017299, 0.0 ], [ 72.9896524, 19.8012386, 0.0 ], [ 72.9895039, 19.8009716, 0.0 ], [ 72.9894742, 19.8005958, 0.0 ], [ 72.9894742, 19.800131, 0.0 ], [ 72.9894683, 19.7998877, 0.0 ], [ 72.9894643, 19.7997255, 0.0 ], [ 72.9895237, 19.7995771, 0.0 ], [ 72.9896798, 19.7994559, 0.0 ], [ 72.989702, 19.7994387, 0.0 ], [ 72.9899594, 19.7994288, 0.0 ], [ 72.9903752, 19.7995574, 0.0 ], [ 72.9908207, 19.7997057, 0.0 ], [ 72.9911277, 19.7996859, 0.0 ], [ 72.9914841, 19.7996365, 0.0 ], [ 72.9919098, 19.7995079, 0.0 ], [ 72.9921276, 19.7994288, 0.0 ], [ 72.9923949, 19.7992706, 0.0 ], [ 72.9927118, 19.7991914, 0.0 ], [ 72.9931969, 19.7990134, 0.0 ], [ 72.9935807, 19.7988722, 0.0 ], [ 72.9940151, 19.7987124, 0.0 ], [ 72.9942428, 19.7986135, 0.0 ], [ 72.9943418, 19.7985344, 0.0 ], [ 72.9944111, 19.7983663, 0.0 ], [ 72.9944309, 19.79803, 0.0 ], [ 72.9945398, 19.7977828, 0.0 ], [ 72.9946685, 19.7974861, 0.0 ], [ 72.9948665, 19.7972685, 0.0 ], [ 72.9949754, 19.7971202, 0.0 ], [ 72.9956091, 19.7964576, 0.0 ], [ 72.9959457, 19.7962993, 0.0 ], [ 72.9961932, 19.7961905, 0.0 ], [ 72.9964308, 19.7961213, 0.0 ], [ 72.996718, 19.7961015, 0.0 ], [ 72.9969061, 19.7960323, 0.0 ], [ 72.9971239, 19.7959136, 0.0 ], [ 72.9972526, 19.7957554, 0.0 ], [ 72.9972526, 19.7956169, 0.0 ], [ 72.9972431, 19.7949363, 0.0 ], [ 72.9972431, 19.7947682, 0.0 ], [ 72.9973916, 19.7945309, 0.0 ], [ 72.9975599, 19.7944023, 0.0 ], [ 72.9978867, 19.7942243, 0.0 ], [ 72.9979912, 19.7941444, 0.0 ], [ 72.9982233, 19.7939671, 0.0 ], [ 72.9983223, 19.7937891, 0.0 ], [ 72.9983223, 19.7936309, 0.0 ], [ 72.9983025, 19.7934825, 0.0 ], [ 72.9982233, 19.7932848, 0.0 ], [ 72.9979164, 19.7929089, 0.0 ], [ 72.9978668, 19.7925826, 0.0 ], [ 72.9978668, 19.7923551, 0.0 ], [ 72.9979856, 19.7920683, 0.0 ], [ 72.9980748, 19.7918705, 0.0 ], [ 72.9982134, 19.7916431, 0.0 ], [ 72.9983817, 19.7914947, 0.0 ], [ 72.9985302, 19.7913958, 0.0 ], [ 72.9987084, 19.7912969, 0.0 ], [ 72.9989757, 19.7912574, 0.0 ], [ 72.999422, 19.7912128, 0.0 ], [ 72.9996795, 19.7911337, 0.0 ], [ 73.0000167, 19.7909755, 0.0 ], [ 73.0008855, 19.7906422, 0.0 ], [ 73.0015751, 19.7901191, 0.0 ], [ 73.0018894, 19.7897354, 0.0 ], [ 73.0021047, 19.7893193, 0.0 ], [ 73.0028291, 19.7879191, 0.0 ], [ 73.0030164, 19.7876074, 0.0 ], [ 73.0030858, 19.7872748, 0.0 ], [ 73.003105, 19.7867928, 0.0 ], [ 73.0028529, 19.7857804, 0.0 ], [ 73.0023768, 19.7849649, 0.0 ], [ 73.0021597, 19.7845382, 0.0 ], [ 73.0018332, 19.7833139, 0.0 ], [ 73.0017553, 19.7825468, 0.0 ], [ 73.0013435, 19.7814079, 0.0 ], [ 73.0010748, 19.7808288, 0.0 ], [ 73.0008203, 19.7804686, 0.0 ], [ 73.0000167, 19.7803901, 0.0 ], [ 72.9997981, 19.7802417, 0.0 ], [ 72.9995901, 19.7801231, 0.0 ], [ 72.9993624, 19.7798659, 0.0 ], [ 72.999204, 19.7795198, 0.0 ], [ 72.9990707, 19.7792645, 0.0 ], [ 72.9989664, 19.7790649, 0.0 ], [ 72.9987189, 19.7788572, 0.0 ], [ 72.9980852, 19.7785902, 0.0 ], [ 72.9977783, 19.7784616, 0.0 ], [ 72.9976001, 19.7782638, 0.0 ], [ 72.9974912, 19.7780561, 0.0 ], [ 72.9973427, 19.7776605, 0.0 ], [ 72.9971546, 19.7769089, 0.0 ], [ 72.9971249, 19.7765331, 0.0 ], [ 72.9968369, 19.7760402, 0.0 ], [ 72.996629, 19.7757929, 0.0 ], [ 72.9964605, 19.7756354, 0.0 ], [ 72.9963221, 19.7755061, 0.0 ], [ 72.9960746, 19.7751501, 0.0 ], [ 72.9958865, 19.7747644, 0.0 ], [ 72.9957479, 19.7744578, 0.0 ], [ 72.9955696, 19.7742798, 0.0 ], [ 72.9954013, 19.7742106, 0.0 ], [ 72.9949756, 19.7742403, 0.0 ], [ 72.9948073, 19.7742403, 0.0 ], [ 72.9946786, 19.7741117, 0.0 ], [ 72.9944806, 19.7738743, 0.0 ], [ 72.9943122, 19.7736667, 0.0 ], [ 72.9941439, 19.773459, 0.0 ], [ 72.9939954, 19.7732216, 0.0 ], [ 72.993837, 19.7729843, 0.0 ], [ 72.993738, 19.7727964, 0.0 ], [ 72.9936093, 19.7724502, 0.0 ], [ 72.9936588, 19.7722722, 0.0 ], [ 72.993738, 19.7720645, 0.0 ], [ 72.9938469, 19.771748, 0.0 ], [ 72.9940143, 19.7711995, 0.0 ], [ 72.9940143, 19.7709028, 0.0 ], [ 72.9939549, 19.7706259, 0.0 ], [ 72.9938657, 19.7703885, 0.0 ], [ 72.9938064, 19.7701709, 0.0 ], [ 72.9936281, 19.7698545, 0.0 ], [ 72.9935489, 19.7696666, 0.0 ], [ 72.9934697, 19.7692512, 0.0 ], [ 72.9935781, 19.7689187, 0.0 ], [ 72.9936771, 19.7686813, 0.0 ], [ 72.9938157, 19.7684934, 0.0 ], [ 72.9939741, 19.7683154, 0.0 ], [ 72.9941721, 19.7681473, 0.0 ], [ 72.9944691, 19.7679099, 0.0 ], [ 72.9946573, 19.7676825, 0.0 ], [ 72.9947959, 19.7672078, 0.0 ], [ 72.9949246, 19.76701, 0.0 ], [ 72.9950434, 19.7669012, 0.0 ], [ 72.9952216, 19.7668715, 0.0 ], [ 72.9954493, 19.7669308, 0.0 ], [ 72.9960335, 19.7669803, 0.0 ], [ 72.9962513, 19.7669803, 0.0 ], [ 72.9965087, 19.7669605, 0.0 ], [ 72.9967562, 19.7669111, 0.0 ], [ 72.9970037, 19.7667429, 0.0 ], [ 72.9974294, 19.7664067, 0.0 ], [ 72.9976473, 19.7663276, 0.0 ], [ 72.9981225, 19.7663177, 0.0 ], [ 72.9985086, 19.7663276, 0.0 ], [ 72.9993412, 19.7662758, 0.0 ], [ 72.9994996, 19.7661373, 0.0 ], [ 73.0000167, 19.7660384, 0.0 ], [ 73.0001647, 19.7659055, 0.0 ], [ 73.0002111, 19.7657198, 0.0 ], [ 73.0001299, 19.765395, 0.0 ], [ 73.0001531, 19.7651049, 0.0 ], [ 73.0002053, 19.7648178, 0.0 ], [ 73.000462, 19.764449, 0.0 ], [ 73.0008305, 19.7641226, 0.0 ], [ 73.0011017, 19.763949, 0.0 ], [ 73.0018319, 19.7637962, 0.0 ], [ 73.002256, 19.7635461, 0.0 ], [ 73.0026593, 19.7629002, 0.0 ], [ 73.0029937, 19.7621932, 0.0 ], [ 73.0033108, 19.761233, 0.0 ], [ 73.0033428, 19.7609047, 0.0 ], [ 73.0033802, 19.7605203, 0.0 ], [ 73.0031827, 19.7587925, 0.0 ], [ 73.003125, 19.7573938, 0.0 ], [ 73.0032304, 19.7571895, 0.0 ], [ 73.0036085, 19.7568738, 0.0 ], [ 73.0044019, 19.7563414, 0.0 ], [ 73.0045321, 19.7561371, 0.0 ], [ 73.0045384, 19.756114, 0.0 ], [ 73.0046995, 19.7555202, 0.0 ], [ 73.0046995, 19.7550671, 0.0 ], [ 73.0045018, 19.7546606, 0.0 ], [ 73.0044838, 19.7546363, 0.0 ], [ 73.0039742, 19.7539492, 0.0 ], [ 73.0038678, 19.7538057, 0.0 ], [ 73.0034258, 19.75316, 0.0 ], [ 73.0034209, 19.7531499, 0.0 ], [ 73.0030092, 19.7522972, 0.0 ], [ 73.0028565, 19.7517855, 0.0 ], [ 73.0028663, 19.751146, 0.0 ], [ 73.0030373, 19.7504718, 0.0 ], [ 73.003096, 19.7503545, 0.0 ], [ 73.0031581, 19.7501765, 0.0 ], [ 73.0031581, 19.7498524, 0.0 ], [ 73.0031207, 19.7495346, 0.0 ], [ 73.003121, 19.7486452, 0.0 ], [ 73.003121, 19.7484378, 0.0 ], [ 73.0031848, 19.7481507, 0.0 ], [ 73.0033924, 19.7478316, 0.0 ], [ 73.0037118, 19.7474646, 0.0 ], [ 73.0039194, 19.7470339, 0.0 ], [ 73.0040632, 19.7463798, 0.0 ], [ 73.0041592, 19.7456366, 0.0 ], [ 73.004287, 19.7446315, 0.0 ], [ 73.0043668, 19.7439455, 0.0 ], [ 73.0044946, 19.7431797, 0.0 ], [ 73.0045105, 19.7424139, 0.0 ], [ 73.004524, 19.7421289, 0.0 ], [ 73.0045908, 19.740716, 0.0 ], [ 73.0046547, 19.7402852, 0.0 ], [ 73.0049261, 19.739663, 0.0 ], [ 73.0052296, 19.7392961, 0.0 ], [ 73.0056128, 19.7388175, 0.0 ], [ 73.0063803, 19.7369434, 0.0 ], [ 73.0064602, 19.7364807, 0.0 ], [ 73.0064602, 19.7359543, 0.0 ], [ 73.0062685, 19.7354437, 0.0 ], [ 73.0058373, 19.7349173, 0.0 ], [ 73.005486, 19.7346301, 0.0 ], [ 73.0050868, 19.7342153, 0.0 ], [ 73.0048792, 19.7338324, 0.0 ], [ 73.0049268, 19.7329933, 0.0 ], [ 73.0049268, 19.7318606, 0.0 ], [ 73.0049583, 19.7297459, 0.0 ], [ 73.0049903, 19.7247364, 0.0 ], [ 73.0047504, 19.7234687, 0.0 ], [ 73.004415, 19.7232134, 0.0 ], [ 73.0039519, 19.7228465, 0.0 ], [ 73.0032652, 19.7222243, 0.0 ], [ 73.0026903, 19.7220966, 0.0 ], [ 73.0019078, 19.7220807, 0.0 ], [ 73.0003587, 19.7220169, 0.0 ], [ 73.0001921, 19.7219205, 0.0 ], [ 73.0, 19.7218095, 0.0 ], [ 72.9993524, 19.7213878, 0.0 ], [ 72.99911, 19.7210357, 0.0 ], [ 72.9987795, 19.7205955, 0.0 ], [ 72.998427, 19.7202213, 0.0 ], [ 72.9980744, 19.7198691, 0.0 ], [ 72.9976337, 19.719561, 0.0 ], [ 72.9972812, 19.7193189, 0.0 ], [ 72.9970828, 19.7190107, 0.0 ], [ 72.9970828, 19.7183724, 0.0 ], [ 72.997193, 19.7177121, 0.0 ], [ 72.9973252, 19.7171179, 0.0 ], [ 72.9975896, 19.7163695, 0.0 ], [ 72.9977439, 19.7158853, 0.0 ], [ 72.997788, 19.715291, 0.0 ], [ 72.9977439, 19.7148288, 0.0 ], [ 72.9975664, 19.7138301, 0.0 ], [ 72.9974342, 19.7134559, 0.0 ], [ 72.9971697, 19.7131341, 0.0 ] ] } },
{ "type": "Feature", "properties": { "objectid": 30116, "rivname": "Gargai Nala", "rilcode": null, "st_length_": 16.2297, "bacode": 14, "ba_name": "West flowing rivers from Tapi to Tadri", "sub_basin": "Bhatsol and others", "remarks": null }, "geometry": { "type": "LineString", "coordinates": [ [ 73.4632373, 19.7809754, 0.0 ], [ 73.4627566, 19.7811388, 0.0 ], [ 73.4618607, 19.7812815, 0.0 ], [ 73.4615477, 19.7814117, 0.0 ], [ 73.4608861, 19.7817891, 0.0 ], [ 73.4605457, 19.7818555, 0.0 ], [ 73.4601489, 19.7818757, 0.0 ], [ 73.4594871, 19.7817693, 0.0 ], [ 73.4588821, 19.7814377, 0.0 ], [ 73.458356, 19.7812297, 0.0 ], [ 73.4579466, 19.7811593, 0.0 ], [ 73.4569734, 19.7811016, 0.0 ], [ 73.455905, 19.7807802, 0.0 ], [ 73.4551238, 19.7806761, 0.0 ], [ 73.4545599, 19.7806935, 0.0 ], [ 73.4543444, 19.7807214, 0.0 ], [ 73.4539518, 19.7807688, 0.0 ], [ 73.4535917, 19.7808665, 0.0 ], [ 73.4529846, 19.7811408, 0.0 ], [ 73.4522207, 19.7816202, 0.0 ], [ 73.4517632, 19.7818112, 0.0 ], [ 73.4512835, 19.781916, 0.0 ], [ 73.4500009, 19.7820518, 0.0 ], [ 73.4493279, 19.7822752, 0.0 ], [ 73.448706, 19.7825718, 0.0 ], [ 73.4480402, 19.7826687, 0.0 ], [ 73.4467964, 19.7822808, 0.0 ], [ 73.4464465, 19.7820984, 0.0 ], [ 73.4460094, 19.7817336, 0.0 ], [ 73.4456923, 19.7815834, 0.0 ], [ 73.445283, 19.7815084, 0.0 ], [ 73.4442709, 19.7814907, 0.0 ], [ 73.4434083, 19.780897, 0.0 ], [ 73.4431177, 19.7808602, 0.0 ], [ 73.4427401, 19.7808763, 0.0 ], [ 73.4424496, 19.7808351, 0.0 ], [ 73.4419997, 19.7806373, 0.0 ], [ 73.4415798, 19.7803677, 0.0 ], [ 73.4400192, 19.779088, 0.0 ], [ 73.4395464, 19.7788357, 0.0 ], [ 73.4388456, 19.7785295, 0.0 ], [ 73.438086, 19.778046, 0.0 ], [ 73.4374441, 19.7779038, 0.0 ], [ 73.4361249, 19.777953, 0.0 ], [ 73.4351169, 19.7782112, 0.0 ], [ 73.4346542, 19.7784246, 0.0 ], [ 73.4337789, 19.7789744, 0.0 ], [ 73.4329762, 19.7792362, 0.0 ], [ 73.4323091, 19.7796449, 0.0 ], [ 73.4317034, 19.7798468, 0.0 ], [ 73.4313064, 19.7796364, 0.0 ], [ 73.4311458, 19.7795387, 0.0 ], [ 73.4307379, 19.7793959, 0.0 ], [ 73.430331, 19.7791989, 0.0 ], [ 73.4297779, 19.7789088, 0.0 ], [ 73.4296001, 19.7787203, 0.0 ], [ 73.4294478, 19.7784464, 0.0 ], [ 73.4294433, 19.7781886, 0.0 ], [ 73.429515, 19.7779412, 0.0 ], [ 73.4296689, 19.777641, 0.0 ], [ 73.4299238, 19.7773109, 0.0 ], [ 73.4304308, 19.7767863, 0.0 ], [ 73.4306528, 19.7764239, 0.0 ], [ 73.430831, 19.7758574, 0.0 ], [ 73.4310028, 19.7746397, 0.0 ], [ 73.4311392, 19.7740182, 0.0 ], [ 73.4310633, 19.7735014, 0.0 ], [ 73.430936, 19.773171, 0.0 ], [ 73.4308541, 19.7725979, 0.0 ], [ 73.4306765, 19.7722704, 0.0 ], [ 73.430253, 19.7722704, 0.0 ], [ 73.4294881, 19.7723932, 0.0 ], [ 73.4290064, 19.772562, 0.0 ], [ 73.4287094, 19.7726661, 0.0 ], [ 73.4282313, 19.7728981, 0.0 ], [ 73.4278215, 19.7731164, 0.0 ], [ 73.4273161, 19.7732939, 0.0 ], [ 73.4269882, 19.773403, 0.0 ], [ 73.4263462, 19.7733894, 0.0 ], [ 73.4261003, 19.7732666, 0.0 ], [ 73.4259774, 19.7726661, 0.0 ], [ 73.426038, 19.7719279, 0.0 ], [ 73.425956, 19.7715595, 0.0 ], [ 73.4257511, 19.7714093, 0.0 ], [ 73.4256282, 19.7711637, 0.0 ], [ 73.4256008, 19.7706861, 0.0 ], [ 73.4255735, 19.7704268, 0.0 ], [ 73.4253003, 19.770072, 0.0 ], [ 73.4248493, 19.7695331, 0.0 ], [ 73.42474, 19.7692465, 0.0 ], [ 73.4246854, 19.7688371, 0.0 ], [ 73.4246662, 19.7685267, 0.0 ], [ 73.4246186, 19.767755, 0.0 ], [ 73.4235942, 19.7673843, 0.0 ], [ 73.423041, 19.7671033, 0.0 ], [ 73.4227345, 19.7669035, 0.0 ], [ 73.4219864, 19.7665739, 0.0 ], [ 73.4214065, 19.7664371, 0.0 ], [ 73.4210391, 19.7664171, 0.0 ], [ 73.4206521, 19.7661189, 0.0 ], [ 73.4202696, 19.7660916, 0.0 ], [ 73.4199281, 19.7661599, 0.0 ], [ 73.4197642, 19.76631, 0.0 ], [ 73.4196822, 19.7666648, 0.0 ], [ 73.4194773, 19.7686026, 0.0 ], [ 73.4191358, 19.7690393, 0.0 ], [ 73.4186304, 19.7696943, 0.0 ], [ 73.4184391, 19.7700355, 0.0 ], [ 73.4182342, 19.7703084, 0.0 ], [ 73.4180293, 19.7704858, 0.0 ], [ 73.4178244, 19.7705814, 0.0 ], [ 73.4175649, 19.7705404, 0.0 ], [ 73.4175512, 19.770131, 0.0 ], [ 73.4174966, 19.7694623, 0.0 ], [ 73.4174903, 19.7692289, 0.0 ], [ 73.4174692, 19.7684525, 0.0 ], [ 73.4174692, 19.7680431, 0.0 ], [ 73.4174009, 19.7677019, 0.0 ], [ 73.4171824, 19.7676064, 0.0 ], [ 73.4168682, 19.7676064, 0.0 ], [ 73.4163491, 19.7675791, 0.0 ], [ 73.4156798, 19.7674836, 0.0 ], [ 73.4153383, 19.7671424, 0.0 ], [ 73.4151607, 19.7665556, 0.0 ], [ 73.4155649, 19.7644758, 0.0 ], [ 73.4157289, 19.7636161, 0.0 ], [ 73.4158108, 19.7631112, 0.0 ], [ 73.4157015, 19.7627973, 0.0 ], [ 73.4153054, 19.7626062, 0.0 ], [ 73.4146087, 19.7625244, 0.0 ], [ 73.413994, 19.7624561, 0.0 ], [ 73.4119428, 19.762575, 0.0 ], [ 73.4115466, 19.7624385, 0.0 ], [ 73.4106314, 19.7621383, 0.0 ], [ 73.4102899, 19.7621656, 0.0 ], [ 73.4095386, 19.7625068, 0.0 ], [ 73.4091834, 19.7626432, 0.0 ], [ 73.4087736, 19.7626705, 0.0 ], [ 73.4083365, 19.7625477, 0.0 ], [ 73.4074284, 19.7619704, 0.0 ], [ 73.4065132, 19.7617521, 0.0 ], [ 73.4060078, 19.7617112, 0.0 ], [ 73.4058302, 19.7615201, 0.0 ], [ 73.4059121, 19.7612199, 0.0 ], [ 73.4064585, 19.7608651, 0.0 ], [ 73.4068, 19.7605921, 0.0 ], [ 73.4071415, 19.7603192, 0.0 ], [ 73.4071825, 19.7599781, 0.0 ], [ 73.4071825, 19.759555, 0.0 ], [ 73.4070323, 19.7589955, 0.0 ], [ 73.4069104, 19.7587607, 0.0 ], [ 73.406841, 19.758627, 0.0 ], [ 73.4064312, 19.7581494, 0.0 ], [ 73.4060897, 19.7581085, 0.0 ], [ 73.405393, 19.7582313, 0.0 ], [ 73.4040266, 19.7593831, 0.0 ], [ 73.4035894, 19.7599071, 0.0 ], [ 73.4034146, 19.7604312, 0.0 ], [ 73.4032616, 19.7608024, 0.0 ], [ 73.4029556, 19.7611517, 0.0 ], [ 73.4025185, 19.7614137, 0.0 ], [ 73.4021032, 19.7614356, 0.0 ], [ 73.4017972, 19.7612172, 0.0 ], [ 73.4015787, 19.7605185, 0.0 ], [ 73.4015349, 19.7598198, 0.0 ], [ 73.4015787, 19.7592084, 0.0 ], [ 73.4018628, 19.7588809, 0.0 ], [ 73.4023655, 19.7584006, 0.0 ], [ 73.403043, 19.7579857, 0.0 ], [ 73.403502, 19.7576582, 0.0 ], [ 73.4037206, 19.7572215, 0.0 ], [ 73.4038736, 19.7566101, 0.0 ], [ 73.403655, 19.7560424, 0.0 ], [ 73.4031086, 19.7557368, 0.0 ], [ 73.4023218, 19.7556931, 0.0 ], [ 73.4016758, 19.7557963, 0.0 ], [ 73.4006826, 19.7559551, 0.0 ], [ 73.3985625, 19.757025, 0.0 ], [ 73.3980161, 19.757418, 0.0 ], [ 73.3977319, 19.7578329, 0.0 ], [ 73.3977319, 19.7582041, 0.0 ], [ 73.3978849, 19.7585752, 0.0 ], [ 73.3982565, 19.7588373, 0.0 ], [ 73.3988248, 19.7591429, 0.0 ], [ 73.3993493, 19.7594486, 0.0 ], [ 73.3996553, 19.7598635, 0.0 ], [ 73.399699, 19.7602565, 0.0 ], [ 73.399546, 19.7605185, 0.0 ], [ 73.3992619, 19.7606277, 0.0 ], [ 73.3987592, 19.760584, 0.0 ], [ 73.3980379, 19.7602347, 0.0 ], [ 73.3960188, 19.7587127, 0.0 ], [ 73.3956337, 19.7584224, 0.0 ], [ 73.3949671, 19.7576124, 0.0 ], [ 73.3948251, 19.7574399, 0.0 ], [ 73.3943661, 19.7566975, 0.0 ], [ 73.3943442, 19.7560643, 0.0 ], [ 73.3946939, 19.7556058, 0.0 ], [ 73.3953496, 19.7551254, 0.0 ], [ 73.3957649, 19.7550599, 0.0 ], [ 73.3962676, 19.7547105, 0.0 ], [ 73.3962894, 19.7545359, 0.0 ], [ 73.396202, 19.7540992, 0.0 ], [ 73.3956982, 19.7538316, 0.0 ], [ 73.3951691, 19.7535505, 0.0 ], [ 73.3940326, 19.7532667, 0.0 ], [ 73.3932239, 19.7531575, 0.0 ], [ 73.3926993, 19.7531357, 0.0 ], [ 73.3925682, 19.7530047, 0.0 ], [ 73.3923715, 19.7523496, 0.0 ], [ 73.3921276, 19.7510159, 0.0 ], [ 73.3919964, 19.7503609, 0.0 ], [ 73.3916249, 19.7500552, 0.0 ], [ 73.3902698, 19.750077, 0.0 ], [ 73.3899419, 19.7502954, 0.0 ], [ 73.3894611, 19.7507975, 0.0 ], [ 73.3892207, 19.7512124, 0.0 ], [ 73.3890677, 19.7516709, 0.0 ], [ 73.388871, 19.752326, 0.0 ], [ 73.3886305, 19.7530247, 0.0 ], [ 73.3883683, 19.7534613, 0.0 ], [ 73.3881497, 19.7537234, 0.0 ], [ 73.3878219, 19.754029, 0.0 ], [ 73.3874503, 19.7540727, 0.0 ], [ 73.3871443, 19.7539199, 0.0 ], [ 73.3866548, 19.7531344, 0.0 ], [ 73.3865737, 19.7526698, 0.0 ], [ 73.3864926, 19.752524, 0.0 ], [ 73.3864169, 19.7523133, 0.0 ], [ 73.3863899, 19.7521891, 0.0 ], [ 73.3863142, 19.7519892, 0.0 ], [ 73.3862458, 19.7517995, 0.0 ], [ 73.3862193, 19.7517494, 0.0 ], [ 73.3857285, 19.7498814, 0.0 ], [ 73.3850952, 19.7490159, 0.0 ], [ 73.3847397, 19.7487828, 0.0 ], [ 73.3845463, 19.7487018, 0.0 ] ] } },
{ "type": "Feature", "properties": { "objectid": 30235, "rivname": "Chondi N", "rilcode": null, "st_length_": 6.25896, "bacode": 14, "ba_name": "West flowing rivers from Tapi to Tadri", "sub_basin": "Bhatsol and others", "remarks": null }, "geometry": { "type": "LineString", "coordinates": [ [ 73.2090107, 19.9065786, 0.0 ], [ 73.2085716, 19.9065523, 0.0 ], [ 73.2081994, 19.9065227, 0.0 ], [ 73.2077673, 19.9063836, 0.0 ], [ 73.2073396, 19.9062671, 0.0 ], [ 73.2069298, 19.9062051, 0.0 ], [ 73.2066197, 19.9061767, 0.0 ], [ 73.2063792, 19.9062491, 0.0 ], [ 73.206067, 19.9063246, 0.0 ], [ 73.2056348, 19.9064205, 0.0 ], [ 73.2042582, 19.9064219, 0.0 ], [ 73.203338, 19.9063053, 0.0 ], [ 73.202243, 19.9060994, 0.0 ], [ 73.2019023, 19.9059348, 0.0 ], [ 73.2015508, 19.9058288, 0.0 ], [ 73.2010746, 19.9057429, 0.0 ], [ 73.200221, 19.9056546, 0.0 ], [ 73.1997642, 19.9055512, 0.0 ], [ 73.1993848, 19.9054084, 0.0 ], [ 73.1990103, 19.9052612, 0.0 ], [ 73.1988268, 19.9051222, 0.0 ], [ 73.1987783, 19.9049268, 0.0 ], [ 73.1987584, 19.9045106, 0.0 ], [ 73.1987133, 19.9041526, 0.0 ], [ 73.1986869, 19.9035869, 0.0 ], [ 73.1986031, 19.9032508, 0.0 ], [ 73.1983028, 19.9029829, 0.0 ], [ 73.1980086, 19.9026565, 0.0 ], [ 73.1975326, 19.902331, 0.0 ], [ 73.1967988, 19.9017658, 0.0 ], [ 73.1965014, 19.9015883, 0.0 ], [ 73.1962048, 19.9013749, 0.0 ], [ 73.1959137, 19.9011252, 0.0 ], [ 73.1956529, 19.9007948, 0.0 ], [ 73.1952787, 19.900408, 0.0 ], [ 73.194993, 19.9003575, 0.0 ], [ 73.194559, 19.9003087, 0.0 ], [ 73.1938904, 19.9002871, 0.0 ], [ 73.1935462, 19.9002851, 0.0 ], [ 73.1932007, 19.900351, 0.0 ], [ 73.1929837, 19.9004419, 0.0 ], [ 73.1927288, 19.9005185, 0.0 ], [ 73.1924462, 19.9005449, 0.0 ], [ 73.1922604, 19.9005188, 0.0 ], [ 73.1920806, 19.9004295, 0.0 ], [ 73.1919259, 19.9002864, 0.0 ], [ 73.1917866, 19.9000939, 0.0 ], [ 73.1916877, 19.8997936, 0.0 ], [ 73.1914024, 19.8994989, 0.0 ], [ 73.1910439, 19.8992707, 0.0 ], [ 73.190238, 19.8994092, 0.0 ], [ 73.1897012, 19.8994805, 0.0 ], [ 73.189333, 19.8994872, 0.0 ], [ 73.1888743, 19.8994831, 0.0 ], [ 73.1883158, 19.8994455, 0.0 ], [ 73.1879118, 19.8993384, 0.0 ], [ 73.1875488, 19.899101, 0.0 ], [ 73.1872761, 19.8988834, 0.0 ], [ 73.1869839, 19.898688, 0.0 ], [ 73.1867613, 19.8985889, 0.0 ], [ 73.1865661, 19.8985581, 0.0 ], [ 73.1862977, 19.8985893, 0.0 ], [ 73.186058, 19.8986254, 0.0 ], [ 73.185877, 19.8985949, 0.0 ], [ 73.1855862, 19.8985578, 0.0 ], [ 73.1852553, 19.8986148, 0.0 ], [ 73.1849635, 19.8986229, 0.0 ], [ 73.1847209, 19.8985687, 0.0 ], [ 73.1845324, 19.8984385, 0.0 ], [ 73.1843306, 19.8982629, 0.0 ], [ 73.1842343, 19.8980712, 0.0 ], [ 73.1841379, 19.8978795, 0.0 ], [ 73.183992, 19.8977728, 0.0 ], [ 73.1838316, 19.8976749, 0.0 ], [ 73.1835742, 19.8976384, 0.0 ], [ 73.1834658, 19.897564, 0.0 ], [ 73.1833567, 19.8977518, 0.0 ], [ 73.1830463, 19.8979675, 0.0 ], [ 73.1828189, 19.8980988, 0.0 ], [ 73.1826738, 19.898408, 0.0 ], [ 73.1825796, 19.8987951, 0.0 ], [ 73.1825165, 19.8992957, 0.0 ], [ 73.1824786, 19.8995075, 0.0 ], [ 73.1823058, 19.899997, 0.0 ], [ 73.1822318, 19.9003347, 0.0 ], [ 73.1821367, 19.900767, 0.0 ], [ 73.1821296, 19.9013274, 0.0 ], [ 73.1821018, 19.9015122, 0.0 ], [ 73.1819821, 19.9017496, 0.0 ], [ 73.1817998, 19.9020129, 0.0 ], [ 73.1816676, 19.9021596, 0.0 ], [ 73.1815718, 19.9023974, 0.0 ], [ 73.181455, 19.9029513, 0.0 ], [ 73.1813339, 19.9034825, 0.0 ], [ 73.1812841, 19.9038026, 0.0 ], [ 73.1811158, 19.9043057, 0.0 ], [ 73.1809654, 19.9046375, 0.0 ], [ 73.1807151, 19.9049492, 0.0 ], [ 73.1804948, 19.9051938, 0.0 ], [ 73.1803639, 19.9055123, 0.0 ], [ 73.1802801, 19.9056327, 0.0 ], [ 73.1799112, 19.9059016, 0.0 ], [ 73.1795117, 19.9062603, 0.0 ], [ 73.1791406, 19.9066331, 0.0 ], [ 73.1788066, 19.9068302, 0.0 ], [ 73.178566, 19.906907, 0.0 ], [ 73.1781353, 19.9069305, 0.0 ], [ 73.17772, 19.9069047, 0.0 ], [ 73.1774392, 19.9068451, 0.0 ], [ 73.1772436, 19.9068324, 0.0 ], [ 73.1769794, 19.9068952, 0.0 ], [ 73.1766971, 19.9071295, 0.0 ], [ 73.1764372, 19.9074456, 0.0 ], [ 73.1762839, 19.9079129, 0.0 ], [ 73.1762467, 19.9083191, 0.0 ], [ 73.1762778, 19.9093369, 0.0 ], [ 73.1762891, 19.9097079, 0.0 ], [ 73.1763769, 19.9100802, 0.0 ], [ 73.1764072, 19.910456, 0.0 ], [ 73.1764365, 19.910651, 0.0 ], [ 73.1761181, 19.9110203, 0.0 ], [ 73.175943, 19.9111615, 0.0 ], [ 73.1758362, 19.9112409, 0.0 ], [ 73.1752228, 19.9115413, 0.0 ], [ 73.1746453, 19.9119554, 0.0 ], [ 73.1741267, 19.9122937, 0.0 ], [ 73.1736039, 19.9126004, 0.0 ], [ 73.173093, 19.9127987, 0.0 ], [ 73.1725247, 19.9130005, 0.0 ], [ 73.1721366, 19.913278, 0.0 ], [ 73.17183, 19.9135298, 0.0 ], [ 73.1714634, 19.9136902, 0.0 ], [ 73.1712487, 19.9138986, 0.0 ], [ 73.1708952, 19.9143395, 0.0 ], [ 73.1705725, 19.9149076, 0.0 ], [ 73.1702886, 19.9152232, 0.0 ], [ 73.1699921, 19.9154527, 0.0 ] ] } }
]
}
