{
  "type": "FeatureCollection",
  "name": "Vaitarna and Pinjai WGS84",
  "crs": {
    "type": "name",
    "properties": { "name": "urn:ogc:def:crs:OGC:1.3:CRS84" }
  },
  "features": [
    {
      "type": "Feature",
      "properties": {
        "rivname": "Pinjai",
        "ba_name": "West flowing rivers from Tapi to Tadri",
        "sub_basin": "Bhatsol and others",
        "Length_Km": 64.709899775799997
      },
      "geometry": {
        "type": "MultiLineString",
        "coordinates": [
          [
            [73.415133620515235, 19.809327350267644],
            [73.414876802229529, 19.809996493782254],
            [73.414788088213669, 19.810135103642466],
            [73.414628532924709, 19.810236316799983],
            [73.414627053292335, 19.810308577162232],
            [73.414509337059684, 19.81046472591801],
            [73.414034329195758, 19.810813565696712],
            [73.413740182587091, 19.810953060444099],
            [73.413432876188992, 19.811033535774374],
            [73.412964013611301, 19.811070474184959],
            [73.412625614070265, 19.811032865122886],
            [73.411493343494215, 19.81104005283165],
            [73.410954006957496, 19.811012488502513],
            [73.410250196537447, 19.810850836030458],
            [73.409506128531888, 19.810792534697768],
            [73.408979072687828, 19.810634078932665],
            [73.407807791493639, 19.810437083949594],
            [73.407254283223779, 19.810404684485206],
            [73.406760635963508, 19.810486376050239],
            [73.406534360236563, 19.810577320106162],
            [73.406279497457618, 19.810663309058867],
            [73.406034966638501, 19.810708645555419],
            [73.405619336619353, 19.810710356438712],
            [73.404140010994851, 19.810630018059012],
            [73.403617913725611, 19.810702141757659],
            [73.402854386953933, 19.810901203892715],
            [73.40152136579988, 19.811157952394741],
            [73.401135800439278, 19.811331931851832],
            [73.400655106493517, 19.811721335000723],
            [73.399885233255503, 19.811761957769125],
            [73.399124029855614, 19.811603813606254],
            [73.398314178616218, 19.811490038411453],
            [73.397625115864457, 19.811305974490285],
            [73.397408206783155, 19.811166529188359],
            [73.397384266212526, 19.810926547212929],
            [73.397528785428122, 19.810621587083734],
            [73.398017364808993, 19.810074164762643],
            [73.398645485720635, 19.809470447195263],
            [73.398677042893667, 19.809321755215681],
            [73.398629984816552, 19.809045160002878],
            [73.398451491393175, 19.809027770992945],
            [73.397877400817279, 19.809032755977622],
            [73.397438095171836, 19.809062673782599],
            [73.397193477207068, 19.809142449495528],
            [73.396962035116701, 19.809353908968156],
            [73.396795822817978, 19.809505771547162],
            [73.396632876385866, 19.809655738718646],
            [73.396483972087552, 19.810027746195317],
            [73.396419787572526, 19.810932910193618],
            [73.396410803207687, 19.812098826594045],
            [73.396175759061151, 19.81269475112877],
            [73.396089626386768, 19.812757697181983],
            [73.395805113466565, 19.812965623643269],
            [73.39535310643052, 19.813037856831912],
            [73.394539497171564, 19.81296562365705],
            [73.391866343152458, 19.812597965063173],
            [73.391432165158477, 19.812557880844224],
            [73.39099603307568, 19.812517614710117],
            [73.390907371839106, 19.812509429698178],
            [73.389284242153337, 19.812412684129249],
            [73.388628455470368, 19.812502584254577],
            [73.38846226404668, 19.812525365884689],
            [73.387711149827922, 19.812779897693499],
            [73.387108418397077, 19.812984144293942],
            [73.386246151987294, 19.813129023075881],
            [73.38396984019333, 19.813660663402285],
            [73.383360068987059, 19.813664543688414],
            [73.382704637729148, 19.81366871308127],
            [73.382330864322668, 19.813664047344645],
            [73.381415266226, 19.813652614846575],
            [73.379328639510121, 19.81338825511919],
            [73.377778051912614, 19.812929383748457],
            [73.377619780539206, 19.812878717323258],
            [73.377477661573877, 19.812833221929477],
            [73.376882160336677, 19.81264258763877],
            [73.375855919898115, 19.812298249705886],
            [73.375476886244414, 19.812195002707014],
            [73.375051915539885, 19.812309720843121],
            [73.374247904142706, 19.813204522289059],
            [73.373857385936489, 19.813594563050881],
            [73.373489843529782, 19.813697810852396],
            [73.373325429449523, 19.813692514459113],
            [73.373133779304908, 19.813686340364399],
            [73.372927035174044, 19.813537206146325],
            [73.372570976737038, 19.813227466543012],
            [73.372329774374876, 19.812504741979122],
            [73.37208857130986, 19.811713186861901],
            [73.37142349701179, 19.810799143973977],
            [73.371064310958573, 19.810476274351426],
            [73.370719499293145, 19.810210803649237],
            [73.370058604036544, 19.810081655518768],
            [73.36950545991975, 19.810067306109055],
            [73.36903852878126, 19.810225153618276],
            [73.368736812764439, 19.810698696291361],
            [73.368225156186384, 19.811827044579257],
            [73.367887526904582, 19.81222166272698],
            [73.367628916434754, 19.81237233656892],
            [73.367463689514949, 19.812415385064657],
            [73.367284099678741, 19.812386684636913],
            [73.367090141315117, 19.812286236816956],
            [73.36692492033167, 19.812085340371006],
            [73.366385666697369, 19.810935837427849],
            [73.36624232120478, 19.810097284907744],
            [73.36613767643712, 19.809727990103898],
            [73.366046531952676, 19.809406334584683],
            [73.365935160776218, 19.809013299061014],
            [73.365730385360621, 19.808726964372084],
            [73.365412983277452, 19.80859402221078],
            [73.364911284980224, 19.808675832907831],
            [73.364649130462951, 19.808880391095219],
            [73.364583644560497, 19.808931489011417],
            [73.364337205277792, 19.810038935032239],
            [73.364255295117303, 19.810795679708697],
            [73.364058966829361, 19.811361707879662],
            [73.363426389542639, 19.811838335501296],
            [73.362891750249261, 19.812241167608299],
            [73.362041932743253, 19.812599087900775],
            [73.3616630988693, 19.812629767091344],
            [73.361427606583121, 19.812496825770957],
            [73.360460910867644, 19.811499188599385],
            [73.360079324184056, 19.810849276020555],
            [73.359488233590525, 19.809842532588462],
            [73.358546267143197, 19.808891490410204],
            [73.358054807193241, 19.808492666508226],
            [73.357501910296392, 19.808421083287925],
            [73.357347592215135, 19.808539369384388],
            [73.357061647712456, 19.808758548931213],
            [73.356549707725208, 19.809617555261106],
            [73.35613970503023, 19.810395940481691],
            [73.355708027443498, 19.811215468002668],
            [73.35527800316612, 19.8115631609468],
            [73.354847972307496, 19.811644971011773],
            [73.354141499882672, 19.811583615581164],
            [73.352930609617118, 19.810792359055796],
            [73.352203662535203, 19.810045842022504],
            [73.351075841386276, 19.809194628083524],
            [73.350570404192482, 19.808799185429905],
            [73.350461516053301, 19.808713993500408],
            [73.350283675389903, 19.808561040620827],
            [73.350253899748978, 19.808506682040907],
            [73.34960614661766, 19.807324152777131],
            [73.348129383838625, 19.806680156027273],
            [73.347690170242458, 19.8066696631819],
            [73.346426828223443, 19.806639484240318],
            [73.344072105833476, 19.806583212986631],
            [73.343782304330915, 19.806576286527317],
            [73.342977883578342, 19.806545681860442],
            [73.341863010764342, 19.806503262017795],
            [73.341598364912002, 19.806493190893246],
            [73.341057579268679, 19.806015385452284],
            [73.339890340940926, 19.803885586606935],
            [73.338871163557044, 19.801164187073372],
            [73.338580855051745, 19.799920255944464],
            [73.338479059660401, 19.79948407174119],
            [73.338219931290169, 19.798373720327906],
            [73.33811593382832, 19.797044179600949],
            [73.337380022901669, 19.79644006290593],
            [73.33659757648195, 19.795797736135594],
            [73.335016820764068, 19.795049869967904],
            [73.333373667053564, 19.794759034156677],
            [73.332936874242066, 19.794904452406357],
            [73.332396088879349, 19.795776963514186],
            [73.332104900478953, 19.797148051648939],
            [73.332186466539568, 19.801642870154147],
            [73.33231126509672, 19.802847764782161],
            [73.33214486736955, 19.803616406699543],
            [73.331728880343803, 19.804218853884603],
            [73.331084097344174, 19.804551239266065],
            [73.330335315480752, 19.804675883380547],
            [73.328026583538929, 19.804530465668044],
            [73.327723646209066, 19.804500800286984],
            [73.323485593867602, 19.804085759868389],
            [73.32206962152793, 19.803947076208164],
            [73.321237646357346, 19.803656237026093],
            [73.320239275240482, 19.803136885463719],
            [73.319864881794814, 19.802181279193434],
            [73.319823283136827, 19.801620380860857],
            [73.319989680199001, 19.80116335115774],
            [73.320343268792755, 19.80087251254869],
            [73.321008850807331, 19.800519354642088],
            [73.321903229828195, 19.799937679839857],
            [73.323379987154908, 19.799584520606803],
            [73.324544756022263, 19.79923136309516],
            [73.325189539624901, 19.798815882213717],
            [73.325376730709777, 19.798296530374792],
            [73.325210338727004, 19.797818726684273],
            [73.323421586529847, 19.79709163507453],
            [73.321325529390066, 19.796559679996392],
            [73.320884058824433, 19.796447638182528],
            [73.320114478009941, 19.796406089487739],
            [73.319136905470884, 19.796904667329368],
            [73.31776414093757, 19.797714855977439],
            [73.316987153611308, 19.799237673337451],
            [73.316520132269687, 19.804699301024609],
            [73.316391021227645, 19.806209166026701],
            [73.3163850459716, 19.806279037999918],
            [73.316368519129554, 19.80667522699504],
            [73.316087542956339, 19.807319031919619],
            [73.31557517101308, 19.80773172764539],
            [73.314996694175377, 19.808111408050603],
            [73.311372063658453, 19.80866009433905],
            [73.310297746499486, 19.808660094384368],
            [73.309994086963073, 19.808710643009285],
            [73.309603567385437, 19.808775649859641],
            [73.309173844297689, 19.809039774818103],
            [73.308876335843721, 19.809551519545121],
            [73.30895537381997, 19.811171585790468],
            [73.308889262543644, 19.811848406246845],
            [73.308476059906539, 19.812310626407939],
            [73.308095921158582, 19.81242618193788],
            [73.307186878181767, 19.812228087119614],
            [73.306244782023612, 19.811435710750736],
            [73.30567126275534, 19.811226587439148],
            [73.305203516379777, 19.811056029740897],
            [73.304525870292025, 19.811072537032004],
            [73.303583774488203, 19.811419203332008],
            [73.302939179509139, 19.811534756999936],
            [73.302710069275278, 19.81151144529586],
            [73.301915583643506, 19.811430604664515],
            [73.30162754892477, 19.811401297075822],
            [73.301038757266767, 19.8112932209423],
            [73.299415553876329, 19.810995266583156],
            [73.298569870495882, 19.810840029698142],
            [73.297258868187356, 19.810390177571971],
            [73.295610124158443, 19.809824423727886],
            [73.295059954349227, 19.809635635227089],
            [73.29485321176027, 19.809480767729159],
            [73.294739502009804, 19.809294922617291],
            [73.294687818496485, 19.808985185954114],
            [73.294760178052641, 19.808675447845378],
            [73.295156499809366, 19.807905503344564],
            [73.296795238507698, 19.805795901968821],
            [73.297446221611793, 19.805145713983716],
            [73.297950207633562, 19.804411628433108],
            [73.297971208183753, 19.803950205174829],
            [73.297721858615915, 19.803683372230012],
            [73.297383219759595, 19.803320989624229],
            [73.296522249127634, 19.802754695848879],
            [73.295136285651125, 19.802104507850927],
            [73.292952339418534, 19.801831848683872],
            [73.291797293179087, 19.801935381002426],
            [73.291314386659167, 19.801978664393548],
            [73.289295315840903, 19.802275320730089],
            [73.287319009193141, 19.802565680222042],
            [73.286898811272337, 19.802633282471223],
            [73.285170034021121, 19.802911405181987],
            [73.284190096168359, 19.803069050256624],
            [73.283245120395222, 19.802838339095704],
            [73.282930129259881, 19.802691521845272],
            [73.282615137320576, 19.802125229827571],
            [73.282888128527347, 19.801034591832568],
            [73.283896168841451, 19.799011208191235],
            [73.284946140990655, 19.797249408517409],
            [73.285319199533518, 19.796632685211183],
            [73.285555123083569, 19.796242663876725],
            [73.285744116960217, 19.795424684397325],
            [73.285681121572551, 19.794858390289143],
            [73.28530312773151, 19.79439696609699],
            [73.284484150602196, 19.794229175593461],
            [73.283161189471215, 19.794774496683694],
            [73.282441764592349, 19.795165947585339],
            [73.280573958502714, 19.796182237916682],
            [73.279593591220348, 19.796835016866009],
            [73.279124993228578, 19.79714703191237],
            [73.277566656937125, 19.798809925831208],
            [73.277272666499414, 19.800320042690714],
            [73.277235933576193, 19.800502600593209],
            [73.277025923593555, 19.801546339077099],
            [73.276642287757909, 19.803452965269205],
            [73.276202788012498, 19.806804045828887],
            [73.275756236570757, 19.808050234326529],
            [73.27538849205753, 19.808588061027205],
            [73.274841267753175, 19.809008410154249],
            [73.273795076234208, 19.809812034606701],
            [73.27245542854574, 19.81046792186309],
            [73.271299655476227, 19.810572864317962],
            [73.270288358140192, 19.810559746385167],
            [73.269460928912395, 19.810284273201635],
            [73.267346392914476, 19.809169262848073],
            [73.265211268296071, 19.807454449507262],
            [73.26464929474308, 19.807279045276655],
            [73.26420439803077, 19.807302434137373],
            [73.263689259135404, 19.807583077927749],
            [73.263528051292511, 19.807745466438249],
            [73.26253863495441, 19.808742122930411],
            [73.261812757532738, 19.809233251214806],
            [73.261383613516202, 19.809326118759071],
            [73.261110291434306, 19.809385265267263],
            [73.260759055914519, 19.809338490708168],
            [73.260103421411017, 19.809022766814088],
            [73.259342415972242, 19.809046152443102],
            [73.258710199674042, 19.809034460226641],
            [73.257813491594646, 19.809513358291429],
            [73.257062581579405, 19.809913356953636],
            [73.256326695184796, 19.810107312997317],
            [73.255861125328011, 19.81023002109972],
            [73.254793162085122, 19.81024668724881],
            [73.254042246949609, 19.809780023260355],
            [73.253515637340243, 19.809387939841482],
            [73.253124467566565, 19.809096695554253],
            [73.25285747599149, 19.808413366214953],
            [73.252802923883408, 19.80738706021414],
            [73.252817909368602, 19.806534147977121],
            [73.252786588765673, 19.805975817656627],
            [73.252670457726438, 19.805470101937136],
            [73.252593841096683, 19.805136462070998],
            [73.251937603172408, 19.803354856181524],
            [73.251718221310441, 19.802901774415208],
            [73.251289260959695, 19.802015853077052],
            [73.250691462598198, 19.801397948431546],
            [73.250348921854226, 19.801043886853986],
            [73.249844539752928, 19.800727797666724],
            [73.248094023965024, 19.800461094657951],
            [73.247055584877046, 19.800085735420669],
            [73.246938139050584, 19.800066278510467],
            [73.245316289152896, 19.79979758035002],
            [73.244968816510777, 19.799740012990238],
            [73.243584230011422, 19.799562210401547],
            [73.243139269060251, 19.799594406366815],
            [73.242059181567498, 19.799672553086506],
            [73.241291495079139, 19.799977407049603],
            [73.240102318690262, 19.800449633114987],
            [73.238720455629959, 19.801156795532481],
            [73.236815797030573, 19.802131479208366],
            [73.235388381645507, 19.802738018823572],
            [73.234539212952811, 19.803098844525621],
            [73.232921639733178, 19.803547622493198],
            [73.231973065512875, 19.803517703812311],
            [73.231254144968972, 19.803358137330825],
            [73.230774867120601, 19.802979172089625],
            [73.229801875689702, 19.801710262473883],
            [73.229408306779362, 19.800749434455419],
            [73.22905773443216, 19.798976105172404],
            [73.228686305220421, 19.79789496807426],
            [73.228661925835198, 19.797824005219631],
            [73.228310592289262, 19.797351565342868],
            [73.226986652739612, 19.795571243175296],
            [73.22660719935854, 19.794725809086334],
            [73.226558691219552, 19.793756766125245],
            [73.22654882513001, 19.793559694125936],
            [73.226711375388192, 19.792081302510631],
            [73.226969198032876, 19.789736373040743],
            [73.227109311652782, 19.788937882710815],
            [73.227163299147207, 19.788630215037124],
            [73.227353231774103, 19.787040483103485],
            [73.226857368913528, 19.785179914312423],
            [73.226751118090021, 19.784781239932748],
            [73.226458196945359, 19.784033576398112],
            [73.22572375599789, 19.783413410644098],
            [73.225475323591283, 19.783203631017987],
            [73.225174571191332, 19.783101614950358],
            [73.224368799537828, 19.783107281029224],
            [73.22364246019832, 19.783248971134277],
            [73.22188230034854, 19.784221562365225],
            [73.221740112552553, 19.784300129012156],
            [73.221511711227379, 19.784426333020829],
            [73.218588104549156, 19.785834605736234],
            [73.218096900801257, 19.786007954250714],
            [73.216869392737124, 19.786441144857694],
            [73.216695476068381, 19.786470888760775],
            [73.215163490315959, 19.786732887852047],
            [73.213169345452911, 19.78652249625793],
            [73.212844481167224, 19.786488220904054],
            [73.21143887096791, 19.786033662220436],
            [73.210754923063575, 19.785812478288999],
            [73.209509633004387, 19.785661367492917],
            [73.208694959355952, 19.785835727705233],
            [73.208182876218601, 19.786091455487014],
            [73.207694069865383, 19.786823770674662],
            [73.207158710395419, 19.787986173618535],
            [73.206808821075413, 19.789626256712218],
            [73.206471306066021, 19.791208318727456],
            [73.205555737045529, 19.792492245950033],
            [73.205326239390786, 19.792766312347105],
            [73.205130322248095, 19.793000277207746],
            [73.20454791193778, 19.793291126443151],
            [73.204501450915842, 19.793314328489021],
            [73.203576631389438, 19.793342040904378],
            [73.202883019890422, 19.793221959906617],
            [73.202050685914031, 19.792566141565377],
            [73.201209100867189, 19.791679401272521],
            [73.20086692100098, 19.791032820151347],
            [73.20040690482405, 19.78947510848797],
            [73.19998801481097, 19.788388790894253],
            [73.199605854438701, 19.787071642675276],
            [73.199556701597501, 19.786902237281051],
            [73.199435320380616, 19.784542834914003],
            [73.199432752298094, 19.783167486235858],
            [73.199432033754704, 19.782783063036909],
            [73.19933275882299, 19.782240629313804],
            [73.199163406843454, 19.782065650184368],
            [73.198862241436558, 19.781867540714092],
            [73.198221948652403, 19.78144634751887],
            [73.198053265594112, 19.781252388332295],
            [73.19733901197273, 19.780431101933296],
            [73.196696251043022, 19.779296459737402],
            [73.195852195274085, 19.777520070495758],
            [73.195347006783834, 19.776114005128374],
            [73.194721755627668, 19.774373756458598],
            [73.194295151253286, 19.773389748287748],
            [73.193966826558665, 19.772632426551326],
            [73.193872077235127, 19.772417924084408],
            [73.192973453491319, 19.770383532314266],
            [73.192861053125299, 19.770129069030727],
            [73.192216021442803, 19.769779334060782],
            [73.190796946809982, 19.769429599987134],
            [73.189341018348188, 19.769521635484292],
            [73.187526661360295, 19.770132196025322],
            [73.186853004013372, 19.770688020964087],
            [73.186647974827551, 19.771126827350297],
            [73.186633751874822, 19.771297289680248],
            [73.186560106715262, 19.77217996611212],
            [73.186579653770949, 19.775043768630066],
            [73.186526142774824, 19.775498057268042],
            [73.186486554588981, 19.775834137822851],
            [73.185112630614015, 19.77790212899658],
            [73.184520789112867, 19.778206923194595],
            [73.184305545977566, 19.778230897181341],
            [73.181950002560143, 19.778493243658044],
            [73.181089993786429, 19.778206922632133],
            [73.180472106669257, 19.778075427770688],
            [73.17669396219938, 19.777271354391662],
            [73.175923192946598, 19.777010503089507],
            [73.17527230978034, 19.776790223692437],
            [73.173542581469448, 19.775389296383636],
            [73.171815465747244, 19.773677185643198],
            [73.171668817994004, 19.773426094023815],
            [73.171653545121728, 19.773399945981748],
            [73.171519387782766, 19.773170242006099],
            [73.171413647300128, 19.772663296997251],
            [73.17146651787229, 19.771934565558738],
            [73.171932225856267, 19.771152147886713],
            [73.172866649005655, 19.770203814699769],
            [73.173770928749263, 19.769315690695038],
            [73.174112515905918, 19.768444878671971],
            [73.17447546213117, 19.767519608958214],
            [73.174590354549238, 19.766792849743986],
            [73.174073342143714, 19.765262824803386],
            [73.173471754033045, 19.7626171993296],
            [73.172837012395121, 19.761743999700364],
            [73.172537608386236, 19.761564575417946],
            [73.171519631737198, 19.761564573980376],
            [73.170142362174388, 19.761899500141979],
            [73.169280077722149, 19.761923424562163],
            [73.167829676459618, 19.761136808214626],
            [73.167540376165121, 19.760971696654668],
            [73.166497328343439, 19.760376396373214],
            [73.164345883284284, 19.759796833879914],
            [73.164230208104868, 19.759765672640398],
            [73.163278530810985, 19.759461507827016],
            [73.16244791513607, 19.758529816453962],
            [73.161620505132049, 19.757147964458088],
            [73.159273271209742, 19.754325543341814],
            [73.158886965590682, 19.753972199406931],
            [73.158467345323388, 19.753588381748752],
            [73.158195873831247, 19.753240984600893],
            [73.158162672822598, 19.752622740619891],
            [73.158137866184504, 19.752160829305257],
            [73.158241273895769, 19.751575599332856],
            [73.158758281050368, 19.750542839733452],
            [73.160923325860551, 19.749599249010519],
            [73.161601838625245, 19.749303528176171],
            [73.164657365638845, 19.747438265942563],
            [73.165304076208102, 19.746727748393969],
            [73.165476537847098, 19.746124886508461],
            [73.165399249493973, 19.745094527771339],
            [73.164874322751487, 19.743655783789478],
            [73.164402887772326, 19.740549524629198],
            [73.164490406943784, 19.738917314419105],
            [73.164765145287248, 19.736995041051355],
            [73.164894425719936, 19.736090496118305],
            [73.164903366758992, 19.73593868335276],
            [73.164973249961037, 19.73475210394718],
            [73.164795888623416, 19.734023857936855],
            [73.163526702645811, 19.732848602670565],
            [73.162986387142979, 19.732667965868398],
            [73.16011034578446, 19.731706433421369],
            [73.159121159557827, 19.731158641654602],
            [73.158582496130109, 19.730111971629526],
            [73.157343810017039, 19.728360923166971],
            [73.156478339324096, 19.727817178223734],
            [73.155738506716801, 19.72752439590926],
            [73.155222020336225, 19.727524396298485],
            [73.15444031102011, 19.727998426612913],
            [73.153281701686211, 19.728904664175598],
            [73.152304561476228, 19.729197449322928],
            [73.151494929234815, 19.729155623168062],
            [73.150769056979186, 19.728765242168361],
            [73.147529868739923, 19.726883183666299],
            [73.146320787117261, 19.726539738721158],
            [73.145426780638317, 19.726298014676207],
            [73.142544347018344, 19.725518634283006],
            [73.142125535243579, 19.725322977414969],
            [73.141973203763229, 19.725251812692502],
            [73.141564133677264, 19.725060705182575],
            [73.139411277437745, 19.721642985377834],
            [73.138794688394881, 19.720774498055793],
            [73.138109963578842, 19.720400496967926],
            [73.13778285323626, 19.720221827019607],
            [73.135240102909279, 19.71892314362535],
            [73.135000304478069, 19.718800667880394],
            [73.133508652488302, 19.717172437807186],
            [73.132838754229255, 19.716212831668599],
            [73.132309885041693, 19.715218011771277],
            [73.131989302127977, 19.713582164808681],
            [73.131763165727946, 19.712477954775327],
            [73.131162327898252, 19.710709469025666],
            [73.12992680340011, 19.708849504976271],
            [73.126720471426097, 19.704862302496963],
            [73.125841950850713, 19.703595988738577],
            [73.125604449437233, 19.70314974510886],
            [73.125295811232277, 19.702569840001612],
            [73.124836350849193, 19.702233313954807],
            [73.124505426219258, 19.702103465030532],
            [73.124321761293018, 19.702031398000585],
            [73.123323201100547, 19.701853957010652],
            [73.123214459606203, 19.701848063660417],
            [73.122879963182768, 19.701970499066032],
            [73.12245651642678, 19.702280647869493],
            [73.121626541962129, 19.702346438405481],
            [73.121567280401564, 19.702351135762036],
            [73.121002680644381, 19.702083278825317],
            [73.120794211503991, 19.701781367900178],
            [73.120720381461808, 19.701674446898434],
            [73.120607463970117, 19.701293810223852],
            [73.120499488172968, 19.700520226200776],
            [73.120740904246475, 19.69973658858644],
            [73.121706552942868, 19.698169315447156],
            [73.122988110604496, 19.696073497359865],
            [73.123403111543098, 19.694505142513822],
            [73.123351801306583, 19.693961918584193],
            [73.123347030255559, 19.693911408758346],
            [73.123021760883816, 19.693664953041015],
            [73.121852476330929, 19.693233905542332],
            [73.120764504365923, 19.692651371033293],
            [73.119665314819486, 19.691407888678008],
            [73.118633423847044, 19.690702128895264],
            [73.117956877661655, 19.690565534096944],
            [73.116947418156428, 19.690778381117532],
            [73.115930648140832, 19.690946516544471],
            [73.115253767710399, 19.691058444528608],
            [73.114927880681435, 19.691009315391721],
            [73.113470388928533, 19.690789583741871],
            [73.11212643276609, 19.690153342252568],
            [73.111286972350996, 19.689203312522469],
            [73.110380664931881, 19.688565416013994],
            [73.108094302243686, 19.687515976557769],
            [73.106528862008446, 19.68722789332125],
            [73.105169401923192, 19.687145584487762],
            [73.104489674930946, 19.687125007760372],
            [73.103141332538883, 19.686855261326308],
            [73.102730594942429, 19.68655808391275],
            [73.102021653342007, 19.68604514673445],
            [73.101716871655825, 19.685824628476915],
            [73.099931512692564, 19.684184722368745],
            [73.098010799091611, 19.682578399972581],
            [73.096148907786102, 19.681525360946786],
            [73.094431172218293, 19.680659447659764],
            [73.093365631893292, 19.679819258020217],
            [73.092321595870047, 19.677956002774362],
            [73.091585758407575, 19.676637772124824],
            [73.091010248032475, 19.675168824350973],
            [73.090386779393071, 19.674146946528097],
            [73.090128463032343, 19.67388894600704],
            [73.089651408791894, 19.673412472972757],
            [73.088703088385273, 19.672125000740223],
            [73.088423614436465, 19.671262229206839],
            [73.088398203753556, 19.670399454956563],
            [73.088708520291661, 19.668287904360572],
            [73.088980039067479, 19.667008791558988],
            [73.089260789443472, 19.666095456599265],
            [73.089710201850508, 19.664858841286215],
            [73.089842688599759, 19.663942718870167],
            [73.089910726333088, 19.662424591076896],
            [73.089929357925215, 19.661316120217922],
            [73.089936013837658, 19.660920080658606],
            [73.089886817830845, 19.660067259177286],
            [73.089797019270009, 19.659700700218746],
            [73.089677864412224, 19.659214309251233],
            [73.089225089187011, 19.65803718665406],
            [73.088956931356734, 19.657686569807506],
            [73.088590236383823, 19.657207114792058],
            [73.087447490514577, 19.656434686743818],
            [73.086247033258815, 19.65582366044525],
            [73.085762234511577, 19.655270278379053],
            [73.085334851757963, 19.654005046988068],
            [73.085277098729776, 19.65349310250123],
            [73.085286970898437, 19.653236712130621],
            [73.08529875534613, 19.65293068363172],
            [73.085472020658059, 19.652685526709707],
            [73.086581040188079, 19.651663332360762],
            [73.087143185576934, 19.651010465774498],
            [73.087246526668793, 19.650869718746364],
            [73.087718411814976, 19.650227024502893],
            [73.088045242309974, 19.649169378994468],
            [73.088060109206168, 19.649042506413977],
            [73.088268051625889, 19.647267882735044],
            [73.088316399448686, 19.646991034589099],
            [73.08846415558709, 19.646144951218304],
            [73.088346491908126, 19.645191764433342],
            [73.088258407249981, 19.64503046958054],
            [73.088111175905127, 19.644760872985078],
            [73.088073644633482, 19.644740688496032],
            [73.087756434268783, 19.644583249346407],
            [73.087255955372868, 19.644416561748894],
            [73.086724037550781, 19.644148457024041],
            [73.084570830384493, 19.643090809750714],
            [73.083848651273044, 19.642597570848022],
            [73.083464820043446, 19.64233541707144],
            [73.083205358603422, 19.642158207300785],
            [73.082101535721065, 19.642019377513222]
          ]
        ]
      }
    },
    {
      "type": "Feature",
      "properties": {
        "rivname": "Vaitarna",
        "ba_name": "West flowing rivers from Tapi to Tadri",
        "sub_basin": "Bhatsol and others",
        "Length_Km": 165.06934512399999
      },
      "geometry": {
        "type": "MultiLineString",
        "coordinates": [
          [
            [73.505123805584958, 19.809172394123792],
            [73.504633497163795, 19.809030923597774],
            [73.503929607178463, 19.808738753291127],
            [73.503170859768687, 19.808273104731143],
            [73.502293278377593, 19.808108760484409],
            [73.502253745030742, 19.80809888871228],
            [73.501964190418676, 19.808026587006175],
            [73.501717366404961, 19.808081369160707],
            [73.501150598467987, 19.808282235698769],
            [73.500912918653412, 19.808537884506226],
            [73.500699525199792, 19.808634140534803],
            [73.500629537465642, 19.808665709467508],
            [73.500437564711291, 19.808656578901665],
            [73.500061326768787, 19.808520713426599],
            [73.499808781494949, 19.808339621205516],
            [73.499459106213635, 19.808067984821268],
            [73.49915475955892, 19.80761525573207],
            [73.498823363540708, 19.806902857221086],
            [73.498820328008435, 19.806896331814958],
            [73.498520161393159, 19.806094950484251],
            [73.498402459425847, 19.805855477891356],
            [73.498208455762153, 19.805460764203154],
            [73.49802498229279, 19.804895492593037],
            [73.498015808471109, 19.80436863776464],
            [73.498043347455251, 19.803895948076462],
            [73.49817630917056, 19.803442216514767],
            [73.498200251372808, 19.803360509871503],
            [73.498259092567466, 19.802648770261762],
            [73.498200251252001, 19.802276575335718],
            [73.497737570172532, 19.801514718137867],
            [73.497403453403436, 19.801088951609469],
            [73.497308107120176, 19.800967451276968],
            [73.497108184859627, 19.800671634154952],
            [73.497041547471611, 19.800405394083651],
            [73.497037523095088, 19.800232595880157],
            [73.497034141523017, 19.8000873907671],
            [73.496930474228947, 19.799606683661178],
            [73.49687124319513, 19.799229515375043],
            [73.496580805173792, 19.798592121143358],
            [73.49645418585817, 19.798417018073213],
            [73.496237571713593, 19.798117460988415],
            [73.495628306747719, 19.797219040232743],
            [73.495046105681737, 19.796689936568612],
            [73.494742445542542, 19.796296483023632],
            [73.494657968605523, 19.796187027033834],
            [73.494338024692951, 19.795799365534613],
            [73.493890072759385, 19.794760661018156],
            [73.493636842244484, 19.7944078990054],
            [73.493343624798129, 19.794168287148551],
            [73.491944438845351, 19.793717882520493],
            [73.491568455487652, 19.793627967771119],
            [73.491330161590213, 19.793501032681231],
            [73.491203070087693, 19.793347652920922],
            [73.491160708167087, 19.793109646029819],
            [73.491173704992804, 19.792294411215838],
            [73.491173705768617, 19.791937171317908],
            [73.491081127130897, 19.79163036330268],
            [73.490851166286319, 19.791227094407347],
            [73.490171407567274, 19.790444626423639],
            [73.49015888433901, 19.790430211362839],
            [73.489581477707446, 19.789554476574882],
            [73.489052691202403, 19.788478451837271],
            [73.488357601738699, 19.787285215657267],
            [73.487992043739908, 19.786520461723434],
            [73.487556098539898, 19.785608451392086],
            [73.487474446997496, 19.785437634508959],
            [73.486746896769972, 19.783752392846374],
            [73.486305706656736, 19.782145597301419],
            [73.486305707169223, 19.781800801225206],
            [73.486311045982504, 19.781715501270682],
            [73.486331601495209, 19.781387045247396],
            [73.486469686583931, 19.780981911264625],
            [73.48672860315672, 19.780594015072445],
            [73.48765549732957, 19.779875177725071],
            [73.488335348456175, 19.779218063342608],
            [73.488540810876955, 19.778906141614797],
            [73.488609479760967, 19.778801890789346],
            [73.488960366056844, 19.778079064812662],
            [73.489201604574774, 19.777290527602453],
            [73.489278360960213, 19.776874356159805],
            [73.489217135021136, 19.776484619766087],
            [73.489095219376779, 19.775708552920396],
            [73.489045811440121, 19.775394041416362],
            [73.48895895892413, 19.774454843316541],
            [73.489035118519723, 19.774060657793335],
            [73.489080147042642, 19.773961077986144],
            [73.489132058769812, 19.773846276245738],
            [73.489332644242126, 19.773702788086425],
            [73.48964443228418, 19.773479751217028],
            [73.490439050658694, 19.773193758412265],
            [73.491027909395882, 19.773045723964938],
            [73.491732234285323, 19.772868660147275],
            [73.492453602259076, 19.772622640243679],
            [73.493210161304006, 19.772279969590599],
            [73.493344582919732, 19.772197444402607],
            [73.494169055991037, 19.771691276039537],
            [73.494219348140248, 19.771648182142126],
            [73.495038056286134, 19.770946642908044],
            [73.495735347883965, 19.770349139422827],
            [73.497292358444994, 19.769288192191041],
            [73.49808663095223, 19.768746968427532],
            [73.498160599917625, 19.768687505396645],
            [73.498789241937146, 19.768182142034959],
            [73.498903645209452, 19.768090173416937],
            [73.498936280043722, 19.767997037519148],
            [73.49897338452584, 19.767891143763297],
            [73.498963425669942, 19.767562748597118],
            [73.498668979743357, 19.766220924866776],
            [73.498504408428758, 19.764830121464399],
            [73.498499901322802, 19.764773813533882],
            [73.498434820371259, 19.763960882169144],
            [73.498361358693387, 19.763043263474135],
            [73.498417817302112, 19.761844901941238],
            [73.498511892421021, 19.761450882121345],
            [73.498636612758787, 19.760928507031849],
            [73.498899043143851, 19.760587762195485],
            [73.499060077414455, 19.760378671203288],
            [73.499307863634357, 19.760194249183527],
            [73.49944032322199, 19.760101283477962],
            [73.499547530345595, 19.760026039730043],
            [73.499728904785982, 19.759812540347561],
            [73.499923229213849, 19.759508466892111],
            [73.500193638095681, 19.758815280074373],
            [73.50020194108977, 19.758788194316796],
            [73.500396200079905, 19.758154530970859],
            [73.50080068063545, 19.756835127492028],
            [73.501023836526898, 19.756125551283201],
            [73.501121915152268, 19.755813686540559],
            [73.501163754731976, 19.755680647068733],
            [73.50140425550569, 19.754915912334877],
            [73.501599343793885, 19.754445869661655],
            [73.502606017615605, 19.752020374464326],
            [73.503055935809599, 19.750950450041309],
            [73.503129490941447, 19.750775529235188],
            [73.503395382431904, 19.749879241714094],
            [73.503435456704096, 19.749507561556413],
            [73.503453543646515, 19.749339809826665],
            [73.503331641239257, 19.74790258022426],
            [73.503426649607874, 19.746869254199034],
            [73.503272416887881, 19.746057940539739],
            [73.503268296352047, 19.746036269543708],
            [73.503046600280555, 19.745635591665426],
            [73.502141156551048, 19.744628090921658],
            [73.501560119561461, 19.744159869447198],
            [73.50138504906154, 19.74389375797892],
            [73.500980317384247, 19.743278550827615],
            [73.50093871786251, 19.743158051611921],
            [73.500875386483614, 19.742974606731011],
            [73.500885876682574, 19.742623502240512],
            [73.501022295589948, 19.742041821059846],
            [73.501069981087397, 19.741964506798446],
            [73.501525441218362, 19.741226058106541],
            [73.501791900685063, 19.740747010187484],
            [73.50196244144928, 19.740182796841491],
            [73.501973098126498, 19.739682457953805],
            [73.501945164346566, 19.739529011669696],
            [73.501866510559566, 19.739096952928289],
            [73.501525441786114, 19.738383705040693],
            [73.501152389023858, 19.737925945784127],
            [73.501091309726803, 19.737738751303937],
            [73.500992564626486, 19.737436124250582],
            [73.501038486410167, 19.73719621898843],
            [73.501079227700401, 19.736983375279941],
            [73.501365876741957, 19.736537284686467],
            [73.501855540890176, 19.736257265025131],
            [73.503214221133362, 19.735887169232694],
            [73.503701749041696, 19.73558959852399],
            [73.503727290461825, 19.735574009119716],
            [73.503974320358509, 19.73511850672746],
            [73.504069334451756, 19.734862285102388],
            [73.504044429358743, 19.734613541888915],
            [73.504012326279224, 19.73429290540842],
            [73.503793797052637, 19.733875359244017],
            [73.503489758719326, 19.733448324867027],
            [73.503119212206144, 19.733286999694517],
            [73.50264288839783, 19.733274141362514],
            [73.502416113888188, 19.733268019309904],
            [73.501551501027222, 19.733467302304405],
            [73.500116816324606, 19.733799442241612],
            [73.499525110761596, 19.733745799097175],
            [73.498980725826939, 19.733644426762925],
            [73.498657368060961, 19.733462240776216],
            [73.49862088412813, 19.733441685073352],
            [73.498085725943966, 19.733063846618748],
            [73.497513668269278, 19.732538561152946],
            [73.496975629805064, 19.73190386738133],
            [73.496836375934123, 19.731739597184401],
            [73.496218179782176, 19.730974707353973],
            [73.495643543315452, 19.730633449084863],
            [73.495535396266064, 19.730569222949033],
            [73.495064830115012, 19.730449419118418],
            [73.493736169928795, 19.730430988242148],
            [73.493272924076422, 19.730442461739518],
            [73.492441559194447, 19.730463049615459],
            [73.491503285124722, 19.73048628351523],
            [73.490261029395995, 19.730453063598993],
            [73.489335026196002, 19.730428296424439],
            [73.487926760396434, 19.730076662062292],
            [73.487409239845221, 19.729947438622951],
            [73.487271782250801, 19.729913114631131],
            [73.486451174219084, 19.729561854385107],
            [73.485993977773163, 19.729210592292556],
            [73.4858609576482, 19.728970709761651],
            [73.485571949258272, 19.72844952752784],
            [73.485425379874158, 19.727728751774883],
            [73.485304953206452, 19.727136541623047],
            [73.485031088521751, 19.725898474978607],
            [73.484987485568823, 19.72570135277039],
            [73.484636604743429, 19.725284146795051],
            [73.484152059628229, 19.725000445660022],
            [73.483467001115315, 19.724950382010984],
            [73.482063481611263, 19.725000445678649],
            [73.481695891985055, 19.725117264290692],
            [73.481077671224085, 19.725517781404566],
            [73.480557242657198, 19.726517990703563],
            [73.479876351374656, 19.727826578399625],
            [73.478850737778728, 19.730233201131153],
            [73.478402041646106, 19.730956354505171],
            [73.477931126245664, 19.731715312462967],
            [73.47726231595594, 19.732644241352194],
            [73.476875656828113, 19.732852990466583],
            [73.476822441553978, 19.732858134337302],
            [73.476551705035902, 19.732884302895616],
            [73.476507256161511, 19.732860937375783],
            [73.476353154034328, 19.732779928766057],
            [73.476165046145596, 19.732560743322033],
            [73.475997845796869, 19.731955372635301],
            [73.475663444145965, 19.731016006529124],
            [73.475366698910264, 19.729384774787867],
            [73.475053946487165, 19.727665524202575],
            [73.475036438493319, 19.726849666255905],
            [73.475017850741423, 19.725983597162273],
            [73.475114081790892, 19.72443097858185],
            [73.475024352886962, 19.723080396084182],
            [73.474994300532131, 19.723017697570214],
            [73.474691238634122, 19.722385415396992],
            [73.474439557267843, 19.722074891807654],
            [73.473477240092635, 19.721720005302256],
            [73.473189593384006, 19.721669492480217],
            [73.472803613349782, 19.72160171135517],
            [73.472247099539914, 19.721661180784825],
            [73.471592567544434, 19.721975637668198],
            [73.470580101803094, 19.722462052435077],
            [73.470142117289654, 19.722613350667935],
            [73.469176866724624, 19.722946787024718],
            [73.46827887521556, 19.723094628265311],
            [73.468216761428707, 19.723104854052909],
            [73.467562622006952, 19.723031091098022],
            [73.467024538400992, 19.722767645843881],
            [73.466750223415474, 19.722346135025767],
            [73.466678009151579, 19.722135771105219],
            [73.466497004010847, 19.721608491904082],
            [73.466191038356484, 19.719996214676037],
            [73.465906522652332, 19.719362044105523],
            [73.465378339201308, 19.718717269613116],
            [73.464565095194132, 19.718340453217426],
            [73.463793777201474, 19.718181352313788],
            [73.463181750531362, 19.71825671652968],
            [73.462597523421493, 19.718476481587025],
            [73.462536187676946, 19.718499553778518],
            [73.461796502593174, 19.719273890732968],
            [73.460737516525427, 19.721432026200791],
            [73.460525924448262, 19.72180928034329],
            [73.460070923370239, 19.722620511960976],
            [73.459109836263693, 19.723667336325683],
            [73.458426869505345, 19.72394612157483],
            [73.457963644920625, 19.723940188425832],
            [73.457732029411005, 19.723851215431552],
            [73.457619444868257, 19.723718324108418],
            [73.45760137415985, 19.723696992899217],
            [73.457506354727954, 19.723352962697536],
            [73.457375698697064, 19.722688623706588],
            [73.45751414465461, 19.722120559233872],
            [73.457895046351283, 19.720666432656845],
            [73.457924551603512, 19.720516853938744],
            [73.458163407906369, 19.719305951259418],
            [73.458127194908855, 19.718288741128976],
            [73.458103042706313, 19.717610281482351],
            [73.457865976198818, 19.71703232075922],
            [73.457769053474621, 19.716796026495832],
            [73.457284768516473, 19.715855499693713],
            [73.45678029882292, 19.715412111056487],
            [73.456094223812357, 19.715217287571114],
            [73.455488858759765, 19.715264313509937],
            [73.454979999786687, 19.715468516454418],
            [73.454735520543608, 19.715566624544991],
            [73.452905695373275, 19.716896640560719],
            [73.452783126171028, 19.716985729529252],
            [73.452187039331008, 19.717454326157842],
            [73.451204834517483, 19.718226455028802],
            [73.450813236639135, 19.718549340243381],
            [73.44979751015093, 19.719386836306704],
            [73.449523473812249, 19.719554937567544],
            [73.449118704916586, 19.719803232720931],
            [73.448723179701446, 19.719851277642476],
            [73.448354383690486, 19.719781879257432],
            [73.447996274077028, 19.719546987939218],
            [73.447488506279626, 19.718991793462401],
            [73.447081301686069, 19.718401709029937],
            [73.44705306601044, 19.718346615503954],
            [73.446785077913134, 19.717823719864423],
            [73.446646554050758, 19.717553435915281],
            [73.446428332333525, 19.717127642526172],
            [73.446298694277445, 19.716777046585616],
            [73.44598692385506, 19.715933899331056],
            [73.445640308850869, 19.71523919675862],
            [73.445579034295477, 19.715116389503905],
            [73.444967847980422, 19.714261777290886],
            [73.444289338364712, 19.713615455286195],
            [73.443981101741755, 19.713321839933212],
            [73.443511329639875, 19.712770800300909],
            [73.443397086468138, 19.712636794723618],
            [73.442833439195098, 19.711666877520656],
            [73.442822684446469, 19.711636284591862],
            [73.442623125541374, 19.711068659825848],
            [73.442354555231063, 19.710304740148391],
            [73.442287032723044, 19.710112678197785],
            [73.442240652377791, 19.709980753033271],
            [73.441629471063678, 19.709146490602436],
            [73.44092321660429, 19.708875186680324],
            [73.440710904010871, 19.708866923997586],
            [73.44040031220969, 19.708854836956363],
            [73.439619358373619, 19.709119360174412],
            [73.43827625953179, 19.710420532538947],
            [73.436863123306281, 19.711996286631209],
            [73.436313265049122, 19.712222422203702],
            [73.436204953167334, 19.712266965794104],
            [73.435682290312513, 19.712237966004885],
            [73.435227375613181, 19.711938281357952],
            [73.43484989673361, 19.711454921813313],
            [73.434848569014065, 19.711451906224589],
            [73.434457063415181, 19.710562720573531],
            [73.433968485107101, 19.709453057818454],
            [73.433579019912827, 19.708143988528132],
            [73.433378458120146, 19.707413657057398],
            [73.433031851347195, 19.706151506624064],
            [73.432366909590499, 19.704601089707012],
            [73.432153945080231, 19.704104526308821],
            [73.431815302720466, 19.703524702127538],
            [73.43166939465587, 19.703274877433238],
            [73.431169458526512, 19.702929189925186],
            [73.430615686483833, 19.702767870068882],
            [73.430428273536933, 19.702788027932915],
            [73.430115750825863, 19.702821643417888],
            [73.429338928733372, 19.703374742342191],
            [73.42924514615973, 19.703494458284062],
            [73.428465754162033, 19.704489367379779],
            [73.428060823491236, 19.705006266698419],
            [73.427332034940349, 19.70562126636575],
            [73.426681988404397, 19.706169813791853],
            [73.42628648351257, 19.706389004577861],
            [73.426207284940531, 19.706432896434244],
            [73.425420615798757, 19.706868869446254],
            [73.424366989669238, 19.707389965797859],
            [73.42349433403615, 19.707821553306911],
            [73.42320078675381, 19.70788083291125],
            [73.422086825525724, 19.70810578348863],
            [73.42183545074856, 19.708124963403183],
            [73.420979278278153, 19.708190285192991],
            [73.420423229422852, 19.708042656175202],
            [73.420371666986398, 19.708028965687014],
            [73.419987100558771, 19.70751427638778],
            [73.419238502882664, 19.706412680655198],
            [73.418823172610786, 19.705621442853953],
            [73.41876383261355, 19.70557644272607],
            [73.418407847726513, 19.705306483462067],
            [73.418100190287419, 19.705245028830998],
            [73.417607950254308, 19.705452441045828],
            [73.416353262069819, 19.707158183836153],
            [73.415885219948208, 19.707798793225265],
            [73.415465314449733, 19.708373515370589],
            [73.415136444461794, 19.708515852114363],
            [73.414727810751018, 19.708526454153155],
            [73.414292347025082, 19.708537751080932],
            [73.413733268828494, 19.708493953973278],
            [73.413481132095555, 19.708318770580732],
            [73.413359491147062, 19.708228630838175],
            [73.413141303905903, 19.70806694536234],
            [73.412998791807112, 19.707607088559982],
            [73.412904553340724, 19.706931104580647],
            [73.412878208019876, 19.706742122758548],
            [73.41306761755979, 19.705905346863485],
            [73.413097712594535, 19.705772392988273],
            [73.414486690358061, 19.703650625706032],
            [73.41570547064336, 19.701284523748335],
            [73.41608045597458, 19.700379413225349],
            [73.416080456032816, 19.69994404642835],
            [73.41608045554544, 19.699630355606093],
            [73.41602889060286, 19.699383138336987],
            [73.41600233411603, 19.699255824794101],
            [73.415814841593942, 19.699021744290267],
            [73.415411202882837, 19.698923013439629],
            [73.415049244795668, 19.698834478946587],
            [73.41397115615618, 19.699021744544503],
            [73.413750487694486, 19.699085861858205],
            [73.412467393699345, 19.699458670186843],
            [73.412252468745237, 19.699521116732679],
            [73.412156013812734, 19.699557988319832],
            [73.410478453489858, 19.70019924620798],
            [73.40996114976457, 19.700396988229599],
            [73.409496494749732, 19.700574602779092],
            [73.408877187387048, 19.700837047431424],
            [73.407318299561439, 19.701497650668511],
            [73.407105267954464, 19.701540969146393],
            [73.406632597552573, 19.701637084435536],
            [73.406297627749211, 19.701705197595665],
            [73.406066427514318, 19.701714623092084],
            [73.405698670221838, 19.701729615330731],
            [73.405402396583582, 19.701685025985043],
            [73.405252508315755, 19.701662468064256],
            [73.403356803177743, 19.701152213764015],
            [73.401865151551945, 19.70078689327147],
            [73.40108321594316, 19.700595385636234],
            [73.400490860853907, 19.700569283743029],
            [73.400285692856912, 19.700627832996179],
            [73.399759131469821, 19.700778094953286],
            [73.399303310883951, 19.700999199890529],
            [73.398848386307051, 19.701219867838439],
            [73.397569558678015, 19.701207468849208],
            [73.396911523618826, 19.700996657685351],
            [73.396427303991416, 19.700513032802299],
            [73.395819399472927, 19.699803537132691],
            [73.395719049829751, 19.699686416693602],
            [73.395322304635073, 19.699223365193724],
            [73.394664269098342, 19.698603334820518],
            [73.393575910628257, 19.698380793751749],
            [73.393087461881009, 19.698280918113113],
            [73.392205963617513, 19.697850942459176],
            [73.391837815679764, 19.69767136758691],
            [73.390560211235936, 19.69613658809573],
            [73.390290354885792, 19.695812409353984],
            [73.38926332306859, 19.694904087591336],
            [73.389112404838684, 19.694844871111869],
            [73.388250205786633, 19.694457598573543],
            [73.38748468329905, 19.694223885122938],
            [73.386421457828547, 19.694202637571788],
            [73.385230646190124, 19.694202637609369],
            [73.384805357261939, 19.694478844879665],
            [73.384422596582013, 19.694818790467739],
            [73.384124894791199, 19.695243724422376],
            [73.383827189769505, 19.69639104311921],
            [73.383784661263775, 19.697219662316627],
            [73.383714015007271, 19.697552434009406],
            [73.3836358105155, 19.697920801766262],
            [73.383316842935756, 19.698600695140271],
            [73.382763967933428, 19.699046874591613],
            [73.382296146743329, 19.699089367844092],
            [73.381658213339563, 19.698834407754543],
            [73.381190396284751, 19.698451967487845],
            [73.380807633252473, 19.698027035439022],
            [73.380488666341236, 19.697410882935174],
            [73.38044613777673, 19.696603508502182],
            [73.380842355322841, 19.692966036575207],
            [73.381159180804303, 19.690643160316391],
            [73.381137916259007, 19.690005762052987],
            [73.38081894747765, 19.689240881890001],
            [73.380436186770439, 19.688858442038683],
            [73.379628137830096, 19.688476001242179],
            [73.37896893809274, 19.688263534857875],
            [73.375944350941694, 19.687659959237298],
            [73.37549779787868, 19.687659959845956],
            [73.37464721932885, 19.687808685745001],
            [73.372325256978442, 19.688685143858233],
            [73.370819611036538, 19.689253459072706],
            [73.370330529149612, 19.689487172479421],
            [73.369160981537632, 19.689890858912609],
            [73.368735690910526, 19.689890858182281],
            [73.368395459540068, 19.68984836446965],
            [73.367970170855131, 19.689614650564263],
            [73.367629939120221, 19.689232211025761],
            [73.367523617679367, 19.68878603233701],
            [73.367608675122412, 19.68816987925608],
            [73.367824229631069, 19.686743271282673],
            [73.368009260543189, 19.686080032029516],
            [73.369212785551824, 19.68375029429216],
            [73.369214411687679, 19.683744461259909],
            [73.369774991468248, 19.681733930032397],
            [73.369804331817406, 19.680769610179155],
            [73.369782815868305, 19.680635300483114],
            [73.369745106733802, 19.68039990724062],
            [73.369644501060108, 19.679771900930135],
            [73.369436729355584, 19.679189239295766],
            [73.36911567013091, 19.67869636280335],
            [73.369005190637878, 19.678526760519532],
            [73.368781513914087, 19.678303348948319],
            [73.368057367444024, 19.677846549590942],
            [73.367142650185599, 19.677625765336259],
            [73.367077372116938, 19.677618685924383],
            [73.364592828070897, 19.677349231086634],
            [73.363129286465877, 19.677097990411649],
            [73.362687175550491, 19.676922885134797],
            [73.362543296765153, 19.676771270826936],
            [73.361605988279976, 19.675783557469007],
            [73.36079797469165, 19.674755427706639],
            [73.360719830515592, 19.674655996391238],
            [73.360613918178899, 19.674521232427569],
            [73.360297837108504, 19.674205534457958],
            [73.360145066991038, 19.674052948799339],
            [73.359979612338407, 19.674015509084089],
            [73.359275304587996, 19.673856134439493],
            [73.35902784810753, 19.673883135132659],
            [73.358466701749265, 19.673944361592195],
            [73.357205152538953, 19.674697290243707],
            [73.357113843432174, 19.674751785498138],
            [73.356529457406921, 19.675426493604391],
            [73.356356990335456, 19.675625616583449],
            [73.356058197844035, 19.675970584938316],
            [73.355254357973351, 19.676995923493823],
            [73.354875507984573, 19.677785128479766],
            [73.354807718179416, 19.678897525587143],
            [73.35502964848412, 19.679908622597928],
            [73.355070383466597, 19.680094208181011],
            [73.355294591712905, 19.68048100562838],
            [73.355709580074006, 19.68119692942896],
            [73.35780907040305, 19.684278648021703],
            [73.358062577157028, 19.684650750263668],
            [73.358356712958084, 19.685749213110277],
            [73.358380063475991, 19.685836415262859],
            [73.358378461997674, 19.685852407772856],
            [73.358324851365495, 19.68638788836687],
            [73.35795214849837, 19.686773919292911],
            [73.356238396419471, 19.687985620598653],
            [73.355774939462847, 19.688295281178107],
            [73.354986569530539, 19.688822027037364],
            [73.354178004290716, 19.68965122571116],
            [73.353375953516874, 19.690473739067439],
            [73.35303896304147, 19.690834080789269],
            [73.352067650309181, 19.691872689263818],
            [73.351761753839952, 19.692080119931376],
            [73.35116607796725, 19.692484052010983],
            [73.349896406147565, 19.693345016539546],
            [73.349364747342676, 19.693628382186105],
            [73.348312291827199, 19.694189317152158],
            [73.347691510009568, 19.694220215340021],
            [73.346296788499984, 19.694278301441205],
            [73.34621253847439, 19.694281810086927],
            [73.345226558909047, 19.694055968494357],
            [73.344199493612066, 19.69376853391698],
            [73.343481091430007, 19.693335843435904],
            [73.342977775585581, 19.6930326976175],
            [73.341981788352584, 19.692432810940954],
            [73.341712053683679, 19.691996309713947],
            [73.341416628263403, 19.691213180021119],
            [73.342449489176033, 19.685811433970986],
            [73.342402914776059, 19.683483940367704],
            [73.341867325102442, 19.681552119699898],
            [73.341386676671263, 19.681032763192754],
            [73.341005716483835, 19.680621121589635],
            [73.339724950690893, 19.680574571424962],
            [73.339245803112547, 19.680756227316614],
            [73.338374325943235, 19.681086619871031],
            [73.336627830023147, 19.683460663853204],
            [73.335952839895356, 19.687379720809133],
            [73.335679562998877, 19.688966354857499],
            [73.335592120032828, 19.689474036645176],
            [73.335317533866885, 19.689989190871],
            [73.334565878136004, 19.691399366695247],
            [73.334039230859787, 19.692387395546383],
            [73.333502473506684, 19.692531833978531],
            [73.332648632443366, 19.692480113059428],
            [73.332480570618742, 19.692469933274626],
            [73.331696076963013, 19.692346127005489],
            [73.33116964092828, 19.692098518176817],
            [73.33100430945494, 19.691890303017288],
            [73.330995449969464, 19.691879145399206],
            [73.330653534748933, 19.691448543197723],
            [73.330581274924867, 19.690912056965672],
            [73.330959126255735, 19.687279347144283],
            [73.331288324837914, 19.685335058808093],
            [73.331288325611112, 19.684138574500189],
            [73.330540149524523, 19.683031825693391],
            [73.329824630166385, 19.682827495277941],
            [73.329492697861212, 19.68273270343083],
            [73.323522573264881, 19.681886237279166],
            [73.323235622389149, 19.681845549500228],
            [73.32289635288879, 19.68147254220758],
            [73.322557083347206, 19.681099534217736],
            [73.322510739503997, 19.679570945290056],
            [73.322489229961846, 19.678861479388178],
            [73.322794570767201, 19.676216509635982],
            [73.322724542945792, 19.675464080434871],
            [73.322658865072199, 19.674758382049561],
            [73.321708909059424, 19.674181913405967],
            [73.320623248037109, 19.674148004683328],
            [73.318825118336377, 19.674622741047024],
            [73.317705533412877, 19.675267031515087],
            [73.317129646789866, 19.67553311444469],
            [73.314109280153644, 19.676928615169597],
            [73.312749725633239, 19.676901976449788],
            [73.312379005216158, 19.676894710952137],
            [73.310648731620518, 19.676860796746322],
            [73.305671475385822, 19.676766590384258],
            [73.304230692720452, 19.677916411333481],
            [73.303589827292868, 19.678427850351827],
            [73.302934765050793, 19.678950615164229],
            [73.302255265912947, 19.679534616726528],
            [73.301636545746177, 19.68006637625896],
            [73.300793205555252, 19.680791181824823],
            [73.299772893954867, 19.680758016264804],
            [73.296352677771779, 19.679979673449868],
            [73.297561364075918, 19.673197133317657],
            [73.296959912638073, 19.672946102644882],
            [73.296508068570759, 19.672657355283775],
            [73.295858242241792, 19.67224208681186],
            [73.294493751358772, 19.671370107646155],
            [73.290284565728058, 19.670551141724332],
            [73.288382813889896, 19.670292127253262],
            [73.285515647648921, 19.669413048479299],
            [73.283568642921495, 19.669199938500128],
            [73.28282184768365, 19.669479645494583],
            [73.282312762728637, 19.670330773462705],
            [73.282208409345259, 19.670505237841031],
            [73.282155064449995, 19.671743939351014],
            [73.282387981524408, 19.672856208088994],
            [73.282462102474739, 19.673670565932067],
            [73.2825544078391, 19.674684682573456],
            [73.282317785259153, 19.675821529842871],
            [73.282059306747001, 19.676344482008954],
            [73.281601991777649, 19.676622508237756],
            [73.28130186849377, 19.676766835744278],
            [73.281244094448937, 19.676794619017631],
            [73.280766896522252, 19.676814477776052],
            [73.280468644989583, 19.676715183601953],
            [73.28011737937031, 19.676602648129418],
            [73.279813818703531, 19.676347117847502],
            [73.279384355244218, 19.675884540198435],
            [73.279252415428729, 19.675660435904813],
            [73.278956422220318, 19.675157684365455],
            [73.278716385237942, 19.674450428975401],
            [73.278656373670046, 19.673335601309624],
            [73.278662396337864, 19.671408976523143],
            [73.278830134970704, 19.66994685604341],
            [73.278804086259242, 19.669314547374583],
            [73.278758180886598, 19.668200284340287],
            [73.278167229903445, 19.666662024102713],
            [73.277813800777608, 19.665888147600992],
            [73.276152684370174, 19.664140651806573],
            [73.27558069633433, 19.663820479339449],
            [73.275049995761265, 19.663523417893725],
            [73.274936386397215, 19.663511150008414],
            [73.274601647571032, 19.663475005833735],
            [73.273680723901734, 19.663741263352346],
            [73.272420510012282, 19.664491627445944],
            [73.27134468035247, 19.665154809831318],
            [73.271195587852716, 19.665246715407196],
            [73.270869478531978, 19.665447739375931],
            [73.269863736122673, 19.665883434477621],
            [73.269359331898954, 19.665955488060806],
            [73.26876566964431, 19.666040291808621],
            [73.268670082909651, 19.666053945263823],
            [73.267809744009242, 19.66598133020754],
            [73.264671324803359, 19.664662141109581],
            [73.263670090841018, 19.664386274550644],
            [73.263265708330948, 19.664274855192183],
            [73.262429602172986, 19.664420086931852],
            [73.260916317235228, 19.665447351995372],
            [73.259206507405025, 19.666896331067111],
            [73.258899753242119, 19.667028991783312],
            [73.25753124127526, 19.667620822906578],
            [73.255959593590404, 19.668034815094526],
            [73.254940618250387, 19.668069315056446],
            [73.254215241718796, 19.667793318413004],
            [73.254039615342521, 19.667647059242537],
            [73.253281599960616, 19.667015791588547],
            [73.253023845255157, 19.666801135646555],
            [73.252235315629022, 19.665484926861659],
            [73.251109415617222, 19.663625635629085],
            [73.250656294525754, 19.662981594985812],
            [73.250266878838048, 19.662428100740676],
            [73.249888815203789, 19.662147596551204],
            [73.249076575876501, 19.661996319761435],
            [73.247456314187588, 19.66213657296607],
            [73.245566004800239, 19.662212091807159],
            [73.245123129541909, 19.66235234406702],
            [73.244669455785143, 19.662934926870495],
            [73.244442616675684, 19.66366855392452],
            [73.243878572495632, 19.664672909186208],
            [73.243217641396882, 19.665007256433757],
            [73.241954011038146, 19.665410482592435],
            [73.239893971788604, 19.665599088022205],
            [73.238874406763017, 19.665573958223394],
            [73.237923235115971, 19.66555051136843],
            [73.236186018627293, 19.665330569602713],
            [73.235084961133495, 19.664805151464673],
            [73.234045078700973, 19.663974257307927],
            [73.233168123992243, 19.662842146857205],
            [73.232982730174214, 19.662232174933752],
            [73.232969454491339, 19.662000155686702],
            [73.232939103439662, 19.661469714351703],
            [73.232966850930495, 19.660644619378434],
            [73.233003908400931, 19.6595426278651],
            [73.23265750684233, 19.658117204031388],
            [73.23218640321538, 19.657508282561402],
            [73.231701445095268, 19.657300695581899],
            [73.230786951147721, 19.656982396732548],
            [73.229927876953241, 19.657051592431504],
            [73.228971813946728, 19.657328375972149],
            [73.228417576145276, 19.657978810320664],
            [73.228136263751878, 19.658808386608772],
            [73.22757071874301, 19.660476124792215],
            [73.227288266955981, 19.660793497360615],
            [73.226794784818324, 19.661347984326444],
            [73.226295965086962, 19.661763158165062],
            [73.225630878663537, 19.661832354944334],
            [73.224605536822438, 19.661666283632105],
            [73.22315066088693, 19.661071204595459],
            [73.221587678333336, 19.66033610605626],
            [73.221388299741989, 19.660293564467679],
            [73.217242951495336, 19.659409048640274],
            [73.215959284107782, 19.658659510892146],
            [73.215050837105665, 19.657653551357495],
            [73.213288937566418, 19.655910463455257],
            [73.210603105136883, 19.654095794656108],
            [73.209820717190539, 19.653498633441043],
            [73.207080410117015, 19.651407036672961],
            [73.205283270851837, 19.650263005653404],
            [73.203545386410141, 19.650026309895519],
            [73.201570506461408, 19.649888235896086],
            [73.198937278916219, 19.649551049521502],
            [73.196409432498129, 19.649393252498076],
            [73.19453330349333, 19.649235453065724],
            [73.191450700157844, 19.648197704308206],
            [73.190613902001402, 19.647922776703481],
            [73.189975295666542, 19.648021751314509],
            [73.188551698534582, 19.648685052429862],
            [73.187642702912939, 19.649077093227401],
            [73.18596668508394, 19.650048710105807],
            [73.182731851210164, 19.652747034153276],
            [73.179726694729894, 19.655594610943993],
            [73.178981897564796, 19.655927695057546],
            [73.178615057429226, 19.655961002904096],
            [73.178225988279692, 19.655883284617424],
            [73.177870260155714, 19.655561302723651],
            [73.176817056922687, 19.654722953641748],
            [73.176542705238901, 19.654504569440672],
            [73.175219856079138, 19.653649654001221],
            [73.174478131440324, 19.653407603629265],
            [73.173164664134859, 19.652910532541142],
            [73.171950982469468, 19.65285477151691],
            [73.171090170109935, 19.652970962606116],
            [73.169791786928485, 19.653285081738105],
            [73.16969371702146, 19.65332418356439],
            [73.168986229634086, 19.653606269575551],
            [73.168393399053457, 19.653625742038447],
            [73.168012506401382, 19.653359037616852],
            [73.167566915991614, 19.652512803116277],
            [73.16755553006972, 19.652367818910211],
            [73.167755506579269, 19.650805133665294],
            [73.168009009528546, 19.64900112054336],
            [73.16813576361416, 19.647260405054805],
            [73.168072383987166, 19.64661159338818],
            [73.167492038636595, 19.644985789392575],
            [73.167424597212602, 19.644896352508006],
            [73.166820822831994, 19.643093278008759],
            [73.166112258161917, 19.641513959052119],
            [73.164879613668688, 19.637581579900342],
            [73.1640892902806, 19.636465166287458],
            [73.163993182365232, 19.63634513244746],
            [73.163544242927671, 19.635784424618112],
            [73.162726666516932, 19.635076455558892],
            [73.162236122521222, 19.63474969961468],
            [73.161473051206187, 19.634586321802779],
            [73.160628225830365, 19.63434125478269],
            [73.159837902288317, 19.634014499867103],
            [73.158993076961409, 19.633960040332703],
            [73.158135162257665, 19.63411303587754],
            [73.155956355296013, 19.634501578273653],
            [73.155438557253504, 19.634501578759522],
            [73.15421219610424, 19.634474349165899],
            [73.152413532759681, 19.634474348780834],
            [73.151132665306363, 19.634447120316061],
            [73.150042567324164, 19.634256512575799],
            [73.148956166259794, 19.634031929109309],
            [73.148461922603119, 19.633929756568424],
            [73.147371820855568, 19.633766379887373],
            [73.146417985725506, 19.63335793410829],
            [73.145627662240869, 19.632758883210229],
            [73.144281359095743, 19.631747232456863],
            [73.142782472652854, 19.631175409198846],
            [73.141528856707865, 19.630685276481447],
            [73.140874798085662, 19.630685275596143],
            [73.139593930733497, 19.630875883589191],
            [73.136055967699377, 19.633070298442053],
            [73.134897176737041, 19.633789003356767],
            [73.133997844911889, 19.634115758812747],
            [73.132580715038372, 19.63414298851885],
            [73.132201181634954, 19.633994011762553],
            [73.130291505495777, 19.633244410884156],
            [73.129364921827388, 19.63280873728602],
            [73.128438337727729, 19.632727047567517],
            [73.127184722446856, 19.632890424984687],
            [73.126367149555392, 19.633162721011598],
            [73.124045276897604, 19.634002334923057],
            [73.122818912683258, 19.634056796534225],
            [73.122083096066433, 19.634002335931385],
            [73.121347278466217, 19.633757269703043],
            [73.119630375147253, 19.633267135228486],
            [73.118949061719974, 19.632885921900911],
            [73.118431263056621, 19.632150721900494],
            [73.117995222105648, 19.631415520719639],
            [73.11559069466162, 19.627896392565276],
            [73.114636859727, 19.626807208137766],
            [73.114173567325722, 19.626099236831095],
            [73.113601264449557, 19.625037282096201],
            [73.113219729462031, 19.624438229448472],
            [73.11291995254939, 19.623975326176176],
            [73.112483912973602, 19.623566881459443],
            [73.111448317460429, 19.623158437088517],
            [73.110412723489645, 19.62315843686843],
            [73.10959066514657, 19.623115652542946],
            [73.107078726461069, 19.622984899772273],
            [73.105361819184211, 19.622413077223843],
            [73.102963600832325, 19.621541729320331],
            [73.102282289028153, 19.621078824773409],
            [73.101328452817128, 19.620289166352087],
            [73.100510876380582, 19.619472277673477],
            [73.099502534667792, 19.618573699508499],
            [73.098548699898146, 19.618192484856472],
            [73.097812882196081, 19.61808356596465],
            [73.097077064875208, 19.618083566584808],
            [73.095567705786252, 19.620179847094416],
            [73.094934037873145, 19.62043310348351],
            [73.09439272716962, 19.620649445549159],
            [73.09420508195133, 19.620724439849848],
            [73.092924214737437, 19.621187344280631],
            [73.092024882843106, 19.62151409840515],
            [73.091043792724435, 19.621922543435105],
            [73.090362481674276, 19.622412675939806],
            [73.089790179772677, 19.623038958636979],
            [73.089536123026789, 19.623429485831899],
            [73.089435896178273, 19.623583551791029],
            [73.08935413936311, 19.624427669150784],
            [73.089594489178964, 19.627102980862489],
            [73.089839763677631, 19.628219395525214],
            [73.08997602521903, 19.62900905463809],
            [73.089894266674946, 19.629880402480293],
            [73.089758003868724, 19.630697291403724],
            [73.089323744864544, 19.631460437774322],
            [73.08833951763512, 19.633190051890498],
            [73.087685456028396, 19.633870793462609],
            [73.086704368043968, 19.634633222920737],
            [73.085532511212946, 19.635150587127892],
            [73.085396739981832, 19.635207475093402],
            [73.084687683085434, 19.635504570834065],
            [73.083870107332984, 19.635967474407003],
            [73.083052534807308, 19.636457608438494],
            [73.082425725155247, 19.63705666012001],
            [73.082262211610043, 19.637492333197283],
            [73.08223495959119, 19.63792800761982],
            [73.083046768325545, 19.639567140552963],
            [73.083046768524312, 19.640138963522283],
            [73.082719739700622, 19.640846933569257],
            [73.082474466027932, 19.641255379012804],
            [73.082101535721065, 19.642019377513222],
            [73.081226649869507, 19.641593546302285],
            [73.080539765571928, 19.641418781592307],
            [73.079700756050926, 19.641216416043736],
            [73.077405064579523, 19.640834038399852],
            [73.07622667223788, 19.640681097296266],
            [73.075414478502381, 19.640688812456226],
            [73.073527546877045, 19.640706726066504],
            [73.072445231580815, 19.640693544119305],
            [73.071732487327921, 19.640495801003713],
            [73.071362917568166, 19.64036397209653],
            [73.07101974414941, 19.63995530424161],
            [73.070808561289894, 19.639638914866353],
            [73.070584180880431, 19.638979773402156],
            [73.07027761359511, 19.638086715213433],
            [73.070109015857597, 19.637595571685061],
            [73.070015656342349, 19.63658626152629],
            [73.070028855164296, 19.635267974668636],
            [73.069955414539763, 19.630374217058836],
            [73.069620019573009, 19.62890027564611],
            [73.06883844622773, 19.627474553807783],
            [73.06858431024898, 19.627071423459427],
            [73.06691003067084, 19.626250233326402],
            [73.066126659920073, 19.625994170896622],
            [73.065265640596039, 19.625712724970349],
            [73.061865704379841, 19.624290544082264],
            [73.060071827311049, 19.624036721718799],
            [73.057993920543495, 19.624230820701108],
            [73.055701130024374, 19.624140606716466],
            [73.054450610668056, 19.623873970738686],
            [73.054370667278022, 19.623856924545301],
            [73.05200873350411, 19.623110385121638],
            [73.051287529828841, 19.622810934324409],
            [73.050288315755452, 19.622396047484099],
            [73.049733308734176, 19.622165598072474],
            [73.047489062844576, 19.620970166935688],
            [73.04352887716604, 19.620245570524258],
            [73.041865822592044, 19.61964048189504],
            [73.038207087429882, 19.619023527260453],
            [73.035576607564153, 19.619511285124823],
            [73.033307720650228, 19.620199426680355],
            [73.032960092574342, 19.620253524120862],
            [73.030841126868737, 19.620583269345637],
            [73.030304482086194, 19.62067210756895],
            [73.029496377829219, 19.620805881919548],
            [73.028517723555098, 19.621511069486512],
            [73.026771440482278, 19.62191341082611],
            [73.025816684875778, 19.622922737202373],
            [73.022854475404401, 19.625019676888154],
            [73.021070049016942, 19.626208297589489],
            [73.020213654694089, 19.62657984237028],
            [73.019186487258438, 19.627025472890882],
            [73.016800375842166, 19.628121776685322],
            [73.014247655866399, 19.629310397278555],
            [73.013000909077533, 19.63015165316537],
            [73.012339309547045, 19.630598070269297],
            [73.011322636756816, 19.63121405282946],
            [73.009329283958607, 19.631564097396279],
            [73.008454776301761, 19.631295345485935],
            [73.007876257155161, 19.630999719024267],
            [73.007526452194725, 19.6306906557496],
            [73.007203558269964, 19.629938151876459],
            [73.006826841539322, 19.628473455239025],
            [73.005873267165725, 19.6242127823018],
            [73.005266685634467, 19.622868105321363],
            [73.004975083148267, 19.622253046755912],
            [73.004349447442209, 19.621297036400414],
            [73.003576604274656, 19.620837416444086],
            [73.002840577197233, 19.620598409830567],
            [73.002196541286963, 19.620524869699992],
            [73.001258102706061, 19.621168339704571],
            [73.000816478177356, 19.621866965993885],
            [73.000742874495472, 19.621922115862667],
            [73.00001665435056, 19.621879022543556],
            [72.997679389720304, 19.621351560307399],
            [72.997075909189448, 19.620874331749278],
            [72.996522719461012, 19.620572927643703],
            [72.996095264331473, 19.620447346509806],
            [72.995642653928613, 19.620447346436706],
            [72.995064308164174, 19.620497581020381],
            [72.994737433693558, 19.62072362956966],
            [72.994385402726934, 19.621075277183319],
            [72.993960621328398, 19.621552624043613],
            [72.992784435881106, 19.622874348130999],
            [72.992574941972833, 19.623109762793721],
            [72.992172620504462, 19.623561877368683],
            [72.991820590505839, 19.623838161229269],
            [72.991533738730126, 19.624094541037561],
            [72.991342845450561, 19.624265155768075],
            [72.990814790275607, 19.62479261756064],
            [72.990340760884095, 19.626090501789886],
            [72.990258442478449, 19.626315883653426],
            [72.990006992463051, 19.6265921675984],
            [72.989759892881452, 19.626701866214354],
            [72.989101751229285, 19.626994040715651],
            [72.988297111682726, 19.627119630327385],
            [72.986914145717492, 19.62744615527869],
            [72.98581152745686, 19.627869768650108],
            [72.98560660534072, 19.627948496883505],
            [72.984676229628178, 19.628275022200238],
            [72.983720718974041, 19.628676895398122],
            [72.982966367864492, 19.629053655510663],
            [72.98275834955048, 19.629223663839852],
            [72.982413178082851, 19.629505763316644],
            [72.981683962251324, 19.630234162271037],
            [72.980552447771714, 19.632695641808294],
            [72.980124971439736, 19.633273338648042],
            [72.979496356566827, 19.633876147603068],
            [72.978867720157808, 19.634278029260745],
            [72.976436527993812, 19.636480565621515],
            [72.975382550633896, 19.637435389659171],
            [72.972750126019136, 19.639820082657053],
            [72.970650874392021, 19.641645223605906],
            [72.968676633743826, 19.643361608326703],
            [72.967999788191776, 19.644519706833538],
            [72.967287415068881, 19.645738578284099],
            [72.966850410545987, 19.646497762035345],
            [72.966709090152548, 19.646743267903023],
            [72.966357059452321, 19.647270731003328],
            [72.965879294572403, 19.647672603947218],
            [72.965476973806517, 19.647974008620338],
            [72.964939018828787, 19.648437243976478],
            [72.964747758686897, 19.648601939592201],
            [72.964320303751606, 19.649079168051252],
            [72.963892828146498, 19.649631742640725],
            [72.963665126240329, 19.649885437174774],
            [72.963239057552826, 19.650360141817615],
            [72.962585287523424, 19.651088540033822],
            [72.958782676822636, 19.654228433534836],
            [72.958358564205767, 19.654578616483999],
            [72.957778094331417, 19.655057896547198],
            [72.957273984041919, 19.655474136645598],
            [72.955941308309221, 19.656805345114428],
            [72.955413253152926, 19.657784915079407],
            [72.955086378012084, 19.658262143176255],
            [72.954734347660803, 19.658789605231327],
            [72.954332027273352, 19.659442648804003],
            [72.954250592092393, 19.659613022553348],
            [72.952942148707052, 19.662350414405768],
            [72.951621138602704, 19.665668700201156],
            [72.951540961673416, 19.665870098353075],
            [72.951232288338844, 19.666645451819971],
            [72.950503092360535, 19.66805201536949],
            [72.949874456574562, 19.668830649093447],
            [72.949123714654192, 19.670378538581893],
            [72.948112509997628, 19.672463420341174],
            [72.947940097001236, 19.672903342979229],
            [72.945799148326302, 19.678365959258223],
            [72.944520771775103, 19.681088753960303],
            [72.944011386788759, 19.682173666707818],
            [72.943433061643702, 19.68337929366584],
            [72.942930161846604, 19.68400722430896],
            [72.942603265356425, 19.684409096886156],
            [72.942125500537259, 19.684836091103929],
            [72.941790776416212, 19.684986546708501],
            [72.941622600746641, 19.685062140813507],
            [72.941094564971294, 19.685363544530571],
            [72.94061679985316, 19.68571519311547],
            [72.940113898929638, 19.686066831257801],
            [72.939711579151052, 19.686418469971454],
            [72.939334414471588, 19.686870576824447],
            [72.938654308061061, 19.687249612228253],
            [72.938499789410372, 19.68733572685705],
            [72.936940799253009, 19.688817645281766],
            [72.936437898519131, 19.689269751768563],
            [72.936085867801495, 19.68954604368583],
            [72.935960133356375, 19.690098618866617],
            [72.935975561758681, 19.690483734720399],
            [72.935985287791468, 19.690726550385911],
            [72.936058569710298, 19.691336642840827],
            [72.936060713116518, 19.691354480794832],
            [72.936261893533825, 19.692007524265936],
            [72.936613924547004, 19.692811278593883],
            [72.936840218745246, 19.693238264012908],
            [72.937116825149459, 19.69366525843888],
            [72.937461385025259, 19.694073972824217],
            [72.937519144167908, 19.69414248660793],
            [72.938197966668241, 19.69632888896458],
            [72.938348836588716, 19.697258224314911],
            [72.938373971892517, 19.698564320795192],
            [72.938449416802797, 19.699468542381275],
            [72.938424261749262, 19.700222054508977],
            [72.938097386873565, 19.701553271141059],
            [72.937720200926108, 19.702407251489628],
            [72.93726759089293, 19.703035181155066],
            [72.936186366352786, 19.704265921459886],
            [72.935054829441171, 19.704944086157571],
            [72.93498306638179, 19.705019478513012],
            [72.934680678496079, 19.705337155504022],
            [72.933596419829883, 19.706476231035012],
            [72.933018073109068, 19.707154396023427],
            [72.931579287509351, 19.708957982740117],
            [72.929819137207417, 19.712876268798478],
            [72.927480639527843, 19.716041035119382],
            [72.926223389081542, 19.717673647713024],
            [72.92337301831904, 19.721138420952521],
            [72.922799664025092, 19.721835347286692],
            [72.922020178356902, 19.722337689308603],
            [72.921341253535189, 19.722764683504519],
            [72.920586903085578, 19.723091200724649],
            [72.919832552998585, 19.723317258043572],
            [72.919329652737716, 19.723417727159369],
            [72.918499876578309, 19.723417727259722],
            [72.918097556634905, 19.72319166898048],
            [72.917619791814801, 19.722714449115259],
            [72.917217470638846, 19.722237220807681],
            [72.916704780058367, 19.721803887375536],
            [72.916563700913741, 19.721684645182282],
            [72.916136225080265, 19.721408353502259],
            [72.915659898806013, 19.721178656357857],
            [72.915407029773917, 19.721056715745302],
            [72.913962424891807, 19.71999714041208],
            [72.913384078536765, 19.719545034090675],
            [72.912378278063031, 19.718917103330295],
            [72.912200742712031, 19.718704294321551],
            [72.911875378405455, 19.718314285262494],
            [72.91132218777841, 19.717811943912277],
            [72.910844442505038, 19.717284481654698],
            [72.910442122912414, 19.716706794025384],
            [72.909888933069126, 19.716129097999094],
            [72.909310586967976, 19.715576514130351],
            [72.905782711604303, 19.713178745767209],
            [72.904927780858628, 19.712400113005195],
            [72.904450015842414, 19.711646601259847],
            [72.904148274832806, 19.710591676220051],
            [72.904249892379795, 19.710287185975126],
            [72.904274010965352, 19.710214916929626],
            [72.90452546027926, 19.709863276841084],
            [72.904978070666274, 19.709536751388434],
            [72.905355257355339, 19.709285580286949],
            [72.905430681794144, 19.708833474013421],
            [72.905480971297123, 19.707627846028977],
            [72.90535525664599, 19.70689944770135],
            [72.90573039843143, 19.704920506274433],
            [72.906032139642591, 19.703162304483271],
            [72.906082429335356, 19.701780853179471],
            [72.905981849520074, 19.700801284153378],
            [72.905856134347601, 19.699545422571905],
            [72.905554394365637, 19.698741677187989],
            [72.90403455040709, 19.693984325818274],
            [72.903968639047264, 19.693778006422686],
            [72.903314867834951, 19.692120272032778],
            [72.903119175236412, 19.691394220978221],
            [72.902962837959024, 19.690814186005213],
            [72.902837103018342, 19.689558323704041],
            [72.902143188318803, 19.68457681826607],
            [72.902106298319154, 19.684311987196967],
            [72.901961906541061, 19.683513190494612],
            [72.90177940278393, 19.68250355077382],
            [72.901531913299976, 19.681708928725172],
            [72.90142737248911, 19.681373279365278],
            [72.901050207093846, 19.680368588373309],
            [72.900622731630008, 19.679665311469471],
            [72.899829516181143, 19.678642192842265],
            [72.898959259989738, 19.677519693592089],
            [72.897928324943521, 19.676263832557659],
            [72.89724940038532, 19.675736369759168],
            [72.895690409744049, 19.674681444568463],
            [72.894734898284781, 19.674003288733328],
            [72.894106284252643, 19.673274889538707],
            [72.893226197224308, 19.67244602195527],
            [72.891812298779953, 19.66994322082045],
            [72.889705271064017, 19.666843310910611],
            [72.886707871254956, 19.662433183640545],
            [72.884214295459785, 19.658474538622936],
            [72.884086773280359, 19.658256929809287],
            [72.883610814948597, 19.65744473523964],
            [72.882982178204443, 19.656465165413639],
            [72.882579858460986, 19.655686533311751],
            [72.882127248754472, 19.654907899869279],
            [72.881802169370388, 19.654509380759041],
            [72.881574058433912, 19.654229734372933],
            [72.880178905416116, 19.652949752352036],
            [72.879908667481715, 19.652701820645252],
            [72.878601127113171, 19.651772484951305],
            [72.878208381298066, 19.651403956226826],
            [72.877771330794545, 19.650993851537216],
            [72.876614660784043, 19.650365921653286],
            [72.875709439787244, 19.650064516655245],
            [72.873798419181512, 19.650039395704756],
            [72.872616613541126, 19.650139872643091],
            [72.87234813836757, 19.650196102056334],
            [72.871057602399731, 19.650466389511369],
            [72.868869995528016, 19.650843150112536],
            [72.867813906421205, 19.650918496784971],
            [72.866908684766742, 19.650792915761887],
            [72.865726859200706, 19.650391042853027],
            [72.864721058372908, 19.64981334648634],
            [72.863991843589929, 19.649537054508702],
            [72.863363227850655, 19.649110059271326],
            [72.861980241454646, 19.648482137954172],
            [72.860949306759665, 19.647979787985012],
            [72.86047154183332, 19.647653270710705],
            [72.859591475616043, 19.647125808179222],
            [72.859138865692898, 19.646623458255622],
            [72.85787164095423, 19.645019132164094],
            [72.857573720208009, 19.644090658528587],
            [72.856846102245882, 19.641822994016],
            [72.856625775383407, 19.641136328769274],
            [72.856376603143048, 19.640165626041195],
            [72.856297935364069, 19.639340470915048],
            [72.856276940459168, 19.639120256359369],
            [72.856060797103439, 19.637373059011633],
            [72.856058318371694, 19.637353015143905],
            [72.855902745623595, 19.636095427954448],
            [72.855902746408645, 19.63497539184949],
            [72.855977492801529, 19.633805573101515],
            [72.856027323211407, 19.632934428329055],
            [72.857062005851247, 19.628865166982571],
            [72.857872351050347, 19.625678029895795],
            [72.858665903471575, 19.622918568745742],
            [72.859294082023894, 19.620734135597672],
            [72.860336272516108, 19.618580305089033],
            [72.861461892527032, 19.616253977018353],
            [72.862954915285982, 19.612082624722884],
            [72.863533592339422, 19.610465790205378],
            [72.864229940180778, 19.608698150405829],
            [72.864980505219776, 19.606792850415413],
            [72.865801154655955, 19.603831824784706],
            [72.865850985819989, 19.602587339835118],
            [72.865900816976705, 19.600845057308725],
            [72.865754625245089, 19.599640328355353],
            [72.865701474976063, 19.599202332924698],
            [72.865375250042092, 19.589082106490334],
            [72.865352303179833, 19.588370232247776],
            [72.865520142594946, 19.587196633232402],
            [72.8657011375861, 19.585931037426711],
            [72.86580081725424, 19.584786109137927],
            [72.866498488461062, 19.582745146647813],
            [72.866917164772559, 19.581844517655565],
            [72.868643993531521, 19.578129805842188],
            [72.871933092591021, 19.572056705921447],
            [72.873614942579351, 19.570201730328272],
            [72.874325160924869, 19.569418393925307],
            [72.875767841265031, 19.56825791843788],
            [72.879956478902812, 19.564888468046416],
            [72.883472358716006, 19.561094651205497],
            [72.88498516738683, 19.55946217862844],
            [72.885709259106221, 19.558680795825865],
            [72.88689633293842, 19.55739977180485],
            [72.888092367095382, 19.555806830162108],
            [72.889188739566748, 19.554413005343854],
            [72.890008299950125, 19.553202832136151],
            [72.890334942968323, 19.552720505109168],
            [72.891182123248939, 19.551127563600435],
            [72.892925518120677, 19.547265630372408],
            [72.893331022651353, 19.546367343781746],
            [72.893779781430084, 19.545014956446238],
            [72.893917074544532, 19.544601201437569],
            [72.894526825125922, 19.542763593226173],
            [72.89457667396843, 19.541917346854028],
            [72.894576673878831, 19.540871977397366],
            [72.894535619169247, 19.539396051312863],
            [72.894526824652743, 19.539079912647203],
            [72.894476994189034, 19.537835428024909],
            [72.894626505915937, 19.535296674147073],
            [72.894943394799128, 19.532854749583894],
            [72.89497534002389, 19.532608580264988],
            [72.89494820137179, 19.531741057324229],
            [72.894925509556259, 19.531015639188908],
            [72.894626504318509, 19.529323140056967],
            [72.893629812877023, 19.527879531269193],
            [72.892850573453657, 19.527175294982602],
            [72.8925832722298, 19.52693371906474],
            [72.891237744094099, 19.525987915165931],
            [72.889643026245821, 19.525589676529943],
            [72.887749321649451, 19.525639459310973],
            [72.885407084305584, 19.525739017285474],
            [72.882953724971898, 19.526192836672092],
            [72.882716011923691, 19.52623680662488],
            [72.878380389771266, 19.526585262465087],
            [72.876624859640984, 19.526267107124671],
            [72.873135391128656, 19.525634655862618],
            [72.87227949523502, 19.525479514767145],
            [72.870784456332373, 19.524633261417748],
            [72.866997029438153, 19.523239435805337],
            [72.863508588255058, 19.523090095335569],
            [72.861166351414965, 19.523239435415121],
            [72.85508651837398, 19.523936348355466],
            [72.852495125667559, 19.524334587747035],
            [72.849804053159943, 19.524683044170072],
            [72.847860499347533, 19.524732819729749],
            [72.845817266585073, 19.52468304408379],
            [72.841880328053634, 19.524035906130347],
            [72.840086285216529, 19.523388775606968],
            [72.838441736515264, 19.522393182051495],
            [72.837635138250235, 19.521525514978023],
            [72.837146022351362, 19.520999364067634],
            [72.835543289353851, 19.518704783085006],
            [72.832622874840624, 19.514523464440046]
          ],
          [
            [73.505123805584958, 19.809172394123792],
            [73.505135223014079, 19.809119935799504],
            [73.505153643237662, 19.80903530529072],
            [73.505676432776298, 19.80845745733194],
            [73.506240471387045, 19.807675672051175],
            [73.506379428859589, 19.807483068120273],
            [73.506460023220598, 19.807433531969604],
            [73.506738444198021, 19.80726240395995],
            [73.507855083207573, 19.80695755755281],
            [73.508380339091914, 19.80701277986714],
            [73.508410644780227, 19.807015966810987],
            [73.508800512799453, 19.807084110035543],
            [73.509073420553577, 19.807337213439119],
            [73.509148579213033, 19.807483464594362],
            [73.509638729472883, 19.808437245401528],
            [73.510135809156196, 19.809469135100898],
            [73.510359235947249, 19.809675149314334],
            [73.511131267874745, 19.810387009040575],
            [73.511842772563384, 19.810786137333945],
            [73.51221562459196, 19.81127640632036],
            [73.514263964143254, 19.812131622324117],
            [73.516800137548927, 19.81319046516629],
            [73.52026768959621, 19.815428869478197],
            [73.522714918089321, 19.818151356112651],
            [73.522714937444647, 19.818151657737928]
          ],
          [
            [73.522714937444647, 19.818151657737928],
            [73.515426319912081, 19.820170908241835],
            [73.513798402252135, 19.820621863742183],
            [73.509864937404146, 19.821711419192194],
            [73.508489366186438, 19.822235535444896],
            [73.50679163775267, 19.822318123953043],
            [73.506612175347499, 19.820996114396486],
            [73.505548924853272, 19.818373310898853],
            [73.505242953630869, 19.817626150752314],
            [73.50515496657782, 19.817294600324519],
            [73.504984140470327, 19.816281774993406],
            [73.504820553445342, 19.815771181118631],
            [73.504585393798337, 19.81553630877978],
            [73.504145749250597, 19.815383130755507],
            [73.503473676764401, 19.81490511984093],
            [73.503470940505011, 19.814903172656372],
            [73.503102867431295, 19.814147495078394],
            [73.502627675749892, 19.813551219904504],
            [73.502518900998652, 19.813284190151283],
            [73.502420249954966, 19.813042016541775],
            [73.502425895694785, 19.812799530553121],
            [73.502510584738189, 19.812461179825345],
            [73.502685613869758, 19.812241251510635],
            [73.502905810303744, 19.812088995940659],
            [73.503188111846796, 19.812010046034477],
            [73.503721791324608, 19.812143777405606],
            [73.504034417877833, 19.812385059419192],
            [73.504595728512939, 19.812917299225948],
            [73.504766254632784, 19.813009554231837],
            [73.505065180604745, 19.813029457912425],
            [73.505085987586213, 19.813030843703324],
            [73.505384406697075, 19.812867624449414],
            [73.505938616850727, 19.812228934679677],
            [73.506188599452187, 19.811414319081859],
            [73.506188599497648, 19.810983149811264],
            [73.505870506524829, 19.81050659490267],
            [73.505422611965187, 19.810043488496962],
            [73.505167582154428, 19.809480875019286],
            [73.505118792334869, 19.809195431060658],
            [73.505123805584958, 19.809172394123792]
          ],
          [
            [73.548633886701083, 19.926574840679617],
            [73.549086006082874, 19.926681887799781],
            [73.549706483406183, 19.926733028960488],
            [73.550275973435731, 19.926697470616066],
            [73.550993347495833, 19.926682451829485],
            [73.551407878413471, 19.926752776606847],
            [73.551940259298334, 19.926910883002989],
            [73.552524776828903, 19.927092540790113],
            [73.552958865321244, 19.927145042857905],
            [73.553397496550659, 19.927202189125445],
            [73.553937759772651, 19.927197731660122],
            [73.554245992693495, 19.927076376007584],
            [73.55432312601441, 19.926788349934583],
            [73.55430496354019, 19.926485183775362],
            [73.554244077665388, 19.92616314932382],
            [73.554243732342485, 19.925928067571419],
            [73.55424705463993, 19.925751831320422],
            [73.554357262093859, 19.925482414515969],
            [73.554587051254728, 19.92521505367143],
            [73.554546595394029, 19.924821090436662],
            [73.554529150714686, 19.924228552551607],
            [73.554619027860085, 19.92351573503548],
            [73.554809068140713, 19.92281827885483],
            [73.554772999681589, 19.922193787505467],
            [73.554698828598731, 19.921578384253678],
            [73.554752558861679, 19.920995459600288],
            [73.554809842154924, 19.920494599741339],
            [73.554789908384933, 19.920028616091834],
            [73.554731603325578, 19.919317845100327],
            [73.554470600957529, 19.918458977922551],
            [73.554276846449298, 19.917831849377151],
            [73.554033697332045, 19.917289787513457],
            [73.553842465061336, 19.916784736307864],
            [73.553679094033981, 19.916325445844624],
            [73.553505272883129, 19.91616430109471],
            [73.553315319902168, 19.915844558611496],
            [73.553261733101891, 19.91564482135],
            [73.55331594577045, 19.915555277786975],
            [73.5536403009949, 19.915339190434665],
            [73.553825319770198, 19.91516154041296],
            [73.55401573114797, 19.914947705222652],
            [73.55401609467954, 19.914676491544864],
            [73.553903485542946, 19.914055262890351],
            [73.553732257356472, 19.913252145300863],
            [73.553635834325817, 19.912531758067448],
            [73.553466761625401, 19.912122021797266],
            [73.553295598892134, 19.911816255360698],
            [73.55308628803914, 19.911514334068471],
            [73.55299326800133, 19.91112400628225],
            [73.552920100321643, 19.910693276708724],
            [73.552787237652154, 19.910388093416898],
            [73.552632880843717, 19.910209216508289],
            [73.552479495541519, 19.909976051649835],
            [73.552295517259864, 19.909850870780772],
            [73.551936293132215, 19.90989004835119],
            [73.551631062873867, 19.909853230891734],
            [73.551448055668359, 19.909673850362005],
            [73.55119867525282, 19.909461675108396],
            [73.550913967338644, 19.909352927896048],
            [73.550742908726306, 19.909047071576246],
            [73.550647458399524, 19.908787814949786],
            [73.550635048097945, 19.908430487744731],
            [73.5505457013804, 19.908098914847859],
            [73.550446449679654, 19.907785329413208],
            [73.550317259986315, 19.907538989208625],
            [73.550254444159222, 19.907325442989553],
            [73.550370744957661, 19.906983890260939],
            [73.550494831662206, 19.9067417820626],
            [73.550575228812178, 19.906535185280184],
            [73.55055547155375, 19.906313406255038],
            [73.550464934944529, 19.906049673407562],
            [73.550434123282514, 19.905908934863366],
            [73.550447969195488, 19.905678665878131],
            [73.550535932691531, 19.905322971380169],
            [73.550421739765127, 19.90504531212849],
            [73.549752954462249, 19.904518657359365],
            [73.549493815672733, 19.90431986208964],
            [73.549269744881414, 19.904035796733613],
            [73.549236788597497, 19.90350176675544],
            [73.549197196888883, 19.903067063149329],
            [73.549163033146343, 19.902854020361165],
            [73.548829797613834, 19.902527413881074],
            [73.548648089986273, 19.902280192707238],
            [73.548496099562399, 19.901979275820036],
            [73.548463704328341, 19.901666778078301],
            [73.548498447963226, 19.901093277768016],
            [73.54843706384186, 19.900545192720646],
            [73.548254265914423, 19.900103538025228],
            [73.548042131856391, 19.899946321881437],
            [73.547634469140093, 19.900020782859837],
            [73.547483752755639, 19.899905174997546],
            [73.547390911205284, 19.899758961253738],
            [73.547042031053493, 19.899504409744946],
            [73.546622698685709, 19.898932260448426],
            [73.546330147246621, 19.898732917721869],
            [73.546137472667255, 19.898557880602301],
            [73.545865448478395, 19.898286517568256],
            [73.545681591040633, 19.897899150093181],
            [73.54554623774159, 19.897471884108242],
            [73.545484645459609, 19.896937349731999],
            [73.545286643651181, 19.896540740225348],
            [73.544926246629814, 19.896136751345416],
            [73.544468887405614, 19.895808038351909],
            [73.544228333381568, 19.895636762910097],
            [73.543805292154829, 19.895263427409525],
            [73.543532919932446, 19.895010128858633],
            [73.543029345546998, 19.894847902601136],
            [73.542548314352061, 19.894758407381943],
            [73.542109325629028, 19.894719305265575],
            [73.541786273637229, 19.894618903955951],
            [73.541542596787849, 19.894361591408174],
            [73.541440528995182, 19.894201657642089],
            [73.541281697563079, 19.893957061486017],
            [73.541209255325768, 19.893640448456456],
            [73.541108249733412, 19.893102276261896],
            [73.541126360820044, 19.892812801862103],
            [73.54118974872749, 19.892478096120271],
            [73.541253131130659, 19.892251944323419],
            [73.541144469601477, 19.891844869780538],
            [73.541053918948975, 19.891808684291373],
            [73.540881870343014, 19.891799639681842],
            [73.540736988716588, 19.891790591766799],
            [73.540546831464425, 19.891745363354087],
            [73.540222295992862, 19.89164935205153],
            [73.540175567985727, 19.891573485915082],
            [73.540211791013633, 19.891437794986366],
            [73.540429114017272, 19.891175458590766],
            [73.540971990383355, 19.890556632918134],
            [73.540999155013196, 19.890411895467278],
            [73.541071596773278, 19.890068143658549],
            [73.541053485029209, 19.889760576172201],
            [73.54101726599751, 19.889480147268568],
            [73.54070033614309, 19.889235902611237],
            [73.539716450700581, 19.888580148969709],
            [73.539574638082982, 19.888361073591927],
            [73.539565582957067, 19.888153013166963],
            [73.539628969753622, 19.887981136899555],
            [73.539737630947371, 19.88777307695959],
            [73.539791962244962, 19.887592154249006],
            [73.539846616851349, 19.887257747123705],
            [73.539458866806967, 19.887038732159375],
            [73.538820166357425, 19.886951004350529],
            [73.537974817307585, 19.886923104240743],
            [73.537246597147274, 19.88676615506693],
            [73.536657952617787, 19.886552710005191],
            [73.536375481096314, 19.886330939049259],
            [73.536222099794855, 19.886102279886607],
            [73.536191515671931, 19.885699358846264],
            [73.53627627283808, 19.885257816751743],
            [73.536401865090752, 19.884685788430289],
            [73.536477786723538, 19.88420785403563],
            [73.536510121974715, 19.88376533862121],
            [73.536492534573455, 19.883683611829298],
            [73.536341916783911, 19.883310421944024],
            [73.536053502762172, 19.882894089584841],
            [73.535743009332407, 19.882635677928551],
            [73.535575538934964, 19.882377717449121],
            [73.535376487153954, 19.882051730097793],
            [73.535304149867684, 19.881862079255036],
            [73.535283398966456, 19.881818324091608],
            [73.535222772027566, 19.881690487715506],
            [73.535213732008188, 19.881455681389852],
            [73.535222773034192, 19.880940910499902],
            [73.535091327659202, 19.880384511595729],
            [73.535032889005663, 19.880137143952414],
            [73.535032888709324, 19.87981202639255],
            [73.535058285281636, 19.879729589362977],
            [73.535105225622573, 19.879577219363188],
            [73.535294318606574, 19.879319891087228],
            [73.535502289472475, 19.878931555079628],
            [73.535506369624699, 19.878919332275942],
            [73.535637922986311, 19.878525157491971],
            [73.535656003955552, 19.878109729055129],
            [73.535646964031102, 19.877965230399631],
            [73.535448040187205, 19.877847826857032],
            [73.53502217200105, 19.877907549456989],
            [73.533792447604696, 19.878088169419559],
            [73.533475975806411, 19.878088169679465],
            [73.533385552375279, 19.878088169634868],
            [73.53322279739416, 19.877970766156718],
            [73.533204715666386, 19.877907549867089],
            [73.533159500025235, 19.877699834988032],
            [73.533204714620808, 19.877275374286928],
            [73.533304174445007, 19.876688355315839],
            [73.533313214624883, 19.876372268408424],
            [73.533096042251785, 19.87584469875048],
            [73.53290615861512, 19.875347990159177],
            [73.532906158816374, 19.875333766977139],
            [73.532906158155583, 19.875183539454529],
            [73.5329061583259, 19.874959656278218],
            [73.532969454992809, 19.874770002842268],
            [73.533358262751378, 19.874273294732124],
            [73.534019180771267, 19.873482784547775],
            [73.534028024204844, 19.873472207499827],
            [73.534172698705689, 19.873273524952154],
            [73.534186278792291, 19.87319553530633],
            [73.534208866341146, 19.873065810293976],
            [73.534100361914099, 19.872794879028504],
            [73.533883356414265, 19.872478790297102],
            [73.532707881982461, 19.871557623864405],
            [73.532696114094193, 19.87155347620287],
            [73.532246736516313, 19.87139506238395],
            [73.531333481896382, 19.871277659754089],
            [73.530829979067249, 19.871223443838023],
            [73.530372216462069, 19.871174150884386],
            [73.530209461221148, 19.871092871769559],
            [73.53003765869073, 19.870957405676073],
            [73.530001489839023, 19.870876125933375],
            [73.529983408835079, 19.870686474485289],
            [73.529983409379355, 19.870478759983452],
            [73.530037658939676, 19.87034329342104],
            [73.530426472795767, 19.86979239763448],
            [73.530670605159003, 19.869431155451533],
            [73.530742942517733, 19.869187317267681],
            [73.530625397143112, 19.868835104792407],
            [73.530553058971222, 19.868591266771876],
            [73.530336048023997, 19.868347427717008],
            [73.529603642395358, 19.868230023829582],
            [73.529170025405293, 19.86820115199329],
            [73.528925486338863, 19.868184869109076],
            [73.528473376220191, 19.86844677015408],
            [73.528211155640619, 19.868970571502448],
            [73.527885644763558, 19.869458248170066],
            [73.527343116064003, 19.869665963167815],
            [73.526981431218147, 19.869656931450411],
            [73.526294929397636, 19.869468157878838],
            [73.52605160027079, 19.869334069334787],
            [73.52580292699956, 19.869197037028293],
            [73.525610648281386, 19.869061477159637],
            [73.525407059550162, 19.868812948994794],
            [73.525271331399296, 19.868592665009125],
            [73.525186504525536, 19.868253765302224],
            [73.525248710715033, 19.867931808220543],
            [73.525290016113232, 19.867644877732712],
            [73.525328926696773, 19.867531832812407],
            [73.525403204660918, 19.867429383702639],
            [73.525537610268671, 19.867348133784006],
            [73.525799345781522, 19.867263348612727],
            [73.526082305424595, 19.867037257226457],
            [73.526195487871959, 19.866878287870858],
            [73.52639366242029, 19.866377930712169],
            [73.526555674629265, 19.865648288940463],
            [73.526684671560275, 19.864140500882943],
            [73.526764498347504, 19.863210516528284],
            [73.526740545525627, 19.861957772844015],
            [73.526711414879671, 19.860976292543633],
            [73.526732561601307, 19.860868144658966],
            [73.526722502557064, 19.860388572243188],
            [73.525448633925166, 19.86030579887748],
            [73.52361693957188, 19.860543883173428],
            [73.523544366557402, 19.860589695750523],
            [73.523047205798491, 19.860903533947006],
            [73.521141162849759, 19.861437661471651],
            [73.520510398156574, 19.861491940027864],
            [73.519579287570124, 19.861572062174982],
            [73.518839584362709, 19.86163571061843],
            [73.517513507462297, 19.861650947229791],
            [73.516842846723918, 19.861361488324732],
            [73.515974035485684, 19.860305799432016],
            [73.514879255551705, 19.857965098213811],
            [73.515103978909025, 19.857521554986526],
            [73.51540470875716, 19.855016708136013],
            [73.515971046809497, 19.854050519138351],
            [73.517005684833293, 19.852285383172593],
            [73.517238174270659, 19.851888739228485],
            [73.518427725060903, 19.851166873976972],
            [73.518652472847663, 19.850516131664843],
            [73.518725115274833, 19.850305800135057],
            [73.516940785452192, 19.848321876767233],
            [73.515411366488991, 19.846920605949634],
            [73.515411366759338, 19.845349490011017],
            [73.516898305628544, 19.844500234695026],
            [73.518759375481494, 19.842835908578575],
            [73.519319892828889, 19.842334639925888],
            [73.519429617974311, 19.842188414449776],
            [73.521772897051264, 19.839065617794169],
            [73.522378737768946, 19.838258221256819],
            [73.52247805447287, 19.83701208805514],
            [73.522824968081508, 19.832659218905874],
            [73.522945429739281, 19.828625688959381],
            [73.5229932204725, 19.82389677530897],
            [73.523005661148403, 19.82266569286417],
            [73.522714937444647, 19.818151657737928]
          ]
        ]
      }
    }
  ]
}
